Day,Value-AUD
1/2/2015,1.232334
1/5/2015,1.238355
1/6/2015,1.228806
1/7/2015,1.239118
1/8/2015,1.233685
1/9/2015,1.227969
1/12/2015,1.228228
1/13/2015,1.225683
1/14/2015,1.22913
1/15/2015,1.207977
1/16/2015,1.217898
1/19/2015,1.217923
1/20/2015,1.219708
1/21/2015,1.217373
1/22/2015,1.230763
1/23/2015,1.265315
1/26/2015,1.265297
1/27/2015,1.258889
1/28/2015,1.25476
1/29/2015,1.284578
1/30/2015,1.285714
2/2/2015,1.284085
2/3/2015,1.300897
2/4/2015,1.286214
2/5/2015,1.280982
2/6/2015,1.272997
2/9/2015,1.279823
2/10/2015,1.285474
2/11/2015,1.290967
2/12/2015,1.303054
2/13/2015,1.29066
2/16/2015,1.285852
2/17/2015,1.278406
2/18/2015,1.283679
2/19/2015,1.284974
2/20/2015,1.274473
2/23/2015,1.284298
2/24/2015,1.289636
2/25/2015,1.268112
2/26/2015,1.268622
2/27/2015,1.277402
3/2/2015,1.285562
3/3/2015,1.27937
3/4/2015,1.27571
3/5/2015,1.283314
3/6/2015,1.276111
3/9/2015,1.293094
3/10/2015,1.306947
3/11/2015,1.313953
3/12/2015,1.29756
3/13/2015,1.305335
3/16/2015,1.306905
3/17/2015,1.308322
3/18/2015,1.312406
3/19/2015,1.308045
3/20/2015,1.29807
3/23/2015,1.277309
3/24/2015,1.264201
3/25/2015,1.267638
3/26/2015,1.274948
3/27/2015,1.284083
3/30/2015,1.305486
3/31/2015,1.31555
4/1/2015,1.315946
4/2/2015,1.324377
4/7/2015,1.30838
4/8/2015,1.296078
4/9/2015,1.294877
4/10/2015,1.307852
4/13/2015,1.319655
4/14/2015,1.319197
4/15/2015,1.318178
4/16/2015,1.287461
4/17/2015,1.280007
4/20/2015,1.289098
4/21/2015,1.291682
4/22/2015,1.284185
4/23/2015,1.293817
4/24/2015,1.282705
4/27/2015,1.281371
4/28/2015,1.258534
4/29/2015,1.250863
4/30/2015,1.262684
5/4/2015,1.275556
5/5/2015,1.270037
5/6/2015,1.249332
5/7/2015,1.254843
5/8/2015,1.263791
5/11/2015,1.267008
5/12/2015,1.251891
5/13/2015,1.242759
5/14/2015,1.233646
5/15/2015,1.249912
5/18/2015,1.249276
5/19/2015,1.254651
5/20/2015,1.265515
5/21/2015,1.267583
5/22/2015,1.268631
5/25/2015,1.277373
5/26/2015,1.283178
5/27/2015,1.296971
5/28/2015,1.30938
5/29/2015,1.307019
6/1/2015,1.310398
6/2/2015,1.30039
6/3/2015,1.28624
6/4/2015,1.291685
6/5/2015,1.295596
6/8/2015,1.309353
6/9/2015,1.298427
6/10/2015,1.29187
6/11/2015,1.293892
6/12/2015,1.297683
6/15/2015,1.289535
6/16/2015,1.291306
6/17/2015,1.302775
6/18/2015,1.277622
6/19/2015,1.291353
6/22/2015,1.288321
6/23/2015,1.297572
6/24/2015,1.290734
6/25/2015,1.291897
6/26/2015,1.306106
6/29/2015,1.30477
6/30/2015,1.300384
7/1/2015,1.302523
7/2/2015,1.316917
7/3/2015,1.329037
7/6/2015,1.334302
7/7/2015,1.346812
7/8/2015,1.348512
7/9/2015,1.340329
7/10/2015,1.338847
7/13/2015,1.346185
7/14/2015,1.344212
7/15/2015,1.340085
7/16/2015,1.353916
7/17/2015,1.351088
7/20/2015,1.354865
7/21/2015,1.356952
7/22/2015,1.354339
7/23/2015,1.349577
7/24/2015,1.376543
7/27/2015,1.373124
7/28/2015,1.368617
7/29/2015,1.369084
7/30/2015,1.375171
7/31/2015,1.380505
8/3/2015,1.376221
8/4/2015,1.35159
8/5/2015,1.355784
8/6/2015,1.364171
8/7/2015,1.353533
8/10/2015,1.358029
8/11/2015,1.365174
8/12/2015,1.356163
8/13/2015,1.361149
8/14/2015,1.353684
8/17/2015,1.36
8/18/2015,1.362116
8/19/2015,1.360927
8/20/2015,1.366986
8/21/2015,1.363709
8/24/2015,1.38323
8/25/2015,1.385103
8/26/2015,1.400018
8/27/2015,1.399326
8/28/2015,1.401225
8/31/2015,1.404637
9/1/2015,1.420078
9/2/2015,1.42701
9/3/2015,1.427999
9/4/2015,1.431855
9/7/2015,1.441055
9/8/2015,1.431285
9/9/2015,1.423826
9/10/2015,1.415378
9/11/2015,1.415957
9/14/2015,1.404157
9/15/2015,1.403269
9/16/2015,1.396242
9/17/2015,1.394625
9/18/2015,1.37569
9/21/2015,1.394933
9/22/2015,1.410309
9/23/2015,1.418206
9/24/2015,1.436438
9/25/2015,1.425433
9/28/2015,1.429454
9/29/2015,1.428865
9/30/2015,1.422744
10/1/2015,1.414597
10/2/2015,1.422043
10/5/2015,1.410911
10/6/2015,1.406005
10/7/2015,1.383455
10/8/2015,1.391861
10/9/2015,1.364372
10/12/2015,1.356634
10/13/2015,1.37023
10/14/2015,1.377914
10/15/2015,1.364805
10/16/2015,1.377993
10/19/2015,1.374835
10/20/2015,1.372725
10/21/2015,1.383389
10/22/2015,1.387077
10/23/2015,1.375857
10/26/2015,1.378803
10/27/2015,1.383148
10/28/2015,1.401804
10/29/2015,1.413175
10/30/2015,1.41091
11/2/2015,1.401106
11/3/2015,1.394042
11/4/2015,1.390947
11/5/2015,1.399706
11/6/2015,1.399485
11/9/2015,1.416388
11/10/2015,1.418075
11/11/2015,1.416853
11/12/2015,1.405277
11/13/2015,1.400687
11/16/2015,1.409121
11/17/2015,1.402062
11/18/2015,1.408963
11/19/2015,1.396557
11/20/2015,1.38707
11/23/2015,1.391497
11/24/2015,1.386067
11/25/2015,1.379275
11/26/2015,1.383811
11/27/2015,1.388374
11/30/2015,1.386804
12/1/2015,1.371698
12/2/2015,1.365341
12/3/2015,1.363509
12/4/2015,1.36663
12/7/2015,1.373763
12/8/2015,1.388414
12/9/2015,1.387625
12/10/2015,1.370739
12/11/2015,1.386301
12/14/2015,1.38678
12/15/2015,1.383076
12/16/2015,1.389006
12/17/2015,1.392584
12/18/2015,1.403285
12/21/2015,1.3954
12/22/2015,1.379565
12/23/2015,1.384665
12/24/2015,1.376998
12/28/2015,1.376482
12/29/2015,1.374726
12/30/2015,1.371957
12/31/2015,1.368329
1/4/2016,1.390439
1/5/2016,1.394193
1/6/2016,1.413796
1/7/2016,1.430806
1/8/2016,1.426664
1/11/2016,1.425055
1/12/2016,1.426726
1/13/2016,1.425018
1/14/2016,1.440834
1/15/2016,1.456386
1/18/2016,1.451524
1/19/2016,1.442124
1/20/2016,1.459246
1/21/2016,1.446342
1/22/2016,1.42302
1/25/2016,1.432825
1/26/2016,1.434899
1/27/2016,1.420004
1/28/2016,1.414198
1/29/2016,1.409158
2/1/2016,1.412808
2/2/2016,1.417254
2/3/2016,1.416263
2/4/2016,1.387293
2/5/2016,1.391091
2/8/2016,1.416629
2/9/2016,1.431381
2/10/2016,1.407835
2/11/2016,1.411651
2/12/2016,1.410288
2/15/2016,1.397496
2/16/2016,1.397546
2/17/2016,1.403466
2/18/2016,1.398051
2/19/2016,1.406363
2/22/2016,1.389625
2/23/2016,1.381749
2/24/2016,1.395046
2/25/2016,1.386778
2/26/2016,1.387879
2/29/2016,1.401543
3/1/2016,1.397719
3/2/2016,1.382646
3/3/2016,1.362444
3/4/2016,1.354512
3/7/2016,1.349037
3/8/2016,1.341494
3/9/2016,1.335095
3/10/2016,1.33757
3/11/2016,1.33147
3/14/2016,1.327008
3/15/2016,1.339184
3/16/2016,1.347704
3/17/2016,1.310936
3/18/2016,1.312528
3/21/2016,1.31479
3/22/2016,1.315644
3/23/2016,1.323069
3/24/2016,1.332078
3/29/2016,1.33116
3/30/2016,1.303956
3/31/2016,1.300571
4/1/2016,1.301959
4/4/2016,1.310808
4/5/2016,1.327087
4/6/2016,1.325776
4/7/2016,1.328054
4/8/2016,1.328082
4/11/2016,1.322212
4/12/2016,1.305897
4/13/2016,1.307134
4/14/2016,1.298436
4/15/2016,1.298121
4/18/2016,1.298868
4/19/2016,1.282465
4/20/2016,1.279199
4/21/2016,1.276618
4/22/2016,1.293616
4/25/2016,1.295011
4/26/2016,1.293524
4/27/2016,1.316907
4/28/2016,1.312379
4/29/2016,1.310883
5/2/2016,1.307317
5/3/2016,1.322759
5/4/2016,1.336723
5/5/2016,1.334557
5/6/2016,1.356524
5/9/2016,1.364107
5/10/2016,1.361407
5/11/2016,1.356298
5/12/2016,1.364562
5/13/2016,1.372841
5/16/2016,1.37107
5/17/2016,1.365701
5/18/2016,1.376097
5/19/2016,1.389926
5/20/2016,1.383278
5/23/2016,1.385823
5/24/2016,1.39658
5/25/2016,1.38839
5/26/2016,1.386193
5/27/2016,1.386372
5/30/2016,1.391866
5/31/2016,1.377622
6/1/2016,1.375515
6/2/2016,1.386843
6/3/2016,1.380402
6/6/2016,1.358446
6/7/2016,1.34473
6/8/2016,1.338372
6/9/2016,1.344442
6/10/2016,1.351203
6/13/2016,1.351438
6/14/2016,1.36098
6/15/2016,1.352449
6/16/2016,1.361375
6/17/2016,1.353652
6/20/2016,1.340275
6/21/2016,1.332243
6/22/2016,1.332358
6/23/2016,1.322329
6/24/2016,1.34737
6/27/2016,1.350882
6/28/2016,1.353201
6/29/2016,1.344545
6/30/2016,1.344713
7/1/2016,1.336686
7/4/2016,1.328066
7/5/2016,1.336982
7/6/2016,1.338152
7/7/2016,1.330054
7/8/2016,1.330714
7/11/2016,1.322925
7/12/2016,1.310133
7/13/2016,1.311145
7/14/2016,1.30752
7/15/2016,1.306434
7/18/2016,1.317018
7/19/2016,1.334572
7/20/2016,1.335876
7/21/2016,1.335452
7/22/2016,1.336208
7/25/2016,1.335458
7/26/2016,1.327544
7/27/2016,1.338823
7/28/2016,1.328674
7/29/2016,1.330154
8/1/2016,1.321301
8/2/2016,1.31484
8/3/2016,1.316964
8/4/2016,1.311422
8/5/2016,1.305755
8/8/2016,1.309642
8/9/2016,1.305561
8/10/2016,1.292024
8/11/2016,1.296512
8/12/2016,1.302653
8/15/2016,1.303846
8/16/2016,1.292784
8/17/2016,1.310748
8/18/2016,1.304302
8/19/2016,1.313526
8/22/2016,1.313993
8/23/2016,1.307258
8/24/2016,1.311857
8/25/2016,1.314438
8/26/2016,1.308326
8/29/2016,1.324082
8/30/2016,1.324051
8/31/2016,1.33004
9/1/2016,1.32792
9/2/2016,1.323148
9/5/2016,1.317318
9/6/2016,1.310601
9/7/2016,1.302572
9/8/2016,1.295326
9/9/2016,1.316649
9/12/2016,1.329948
9/13/2016,1.328176
9/14/2016,1.339098
9/15/2016,1.336147
9/16/2016,1.331641
9/19/2016,1.324854
9/20/2016,1.324392
9/21/2016,1.315247
9/22/2016,1.305748
9/23/2016,1.309524
9/26/2016,1.309803
9/27/2016,1.306684
9/28/2016,1.303964
9/29/2016,1.304875
9/30/2016,1.313234
10/3/2016,1.302777
10/4/2016,1.304901
10/5/2016,1.313175
10/6/2016,1.319803
10/7/2016,1.31921
10/10/2016,1.316308
10/11/2016,1.324939
10/12/2016,1.320599
10/13/2016,1.323066
10/14/2016,1.310762
10/17/2016,1.31308
10/18/2016,1.303739
10/19/2016,1.302304
10/20/2016,1.303643
10/21/2016,1.310674
10/24/2016,1.311358
10/25/2016,1.308775
10/26/2016,1.301602
10/27/2016,1.312254
10/28/2016,1.320637
10/31/2016,1.315275
11/1/2016,1.300771
11/2/2016,1.305002
11/3/2016,1.304591
11/4/2016,1.301542
11/7/2016,1.301483
11/8/2016,1.298424
11/9/2016,1.300671
11/10/2016,1.315833
11/11/2016,1.31493
11/14/2016,1.324673
11/15/2016,1.322805
11/16/2016,1.339282
11/17/2016,1.339834
11/18/2016,1.352526
11/21/2016,1.356787
11/22/2016,1.351794
11/23/2016,1.348236
11/24/2016,1.353242
11/25/2016,1.343467
11/28/2016,1.340574
11/29/2016,1.343608
11/30/2016,1.343771
12/1/2016,1.352969
12/2/2016,1.346833
12/5/2016,1.344702
12/6/2016,1.341066
12/7/2016,1.342777
12/8/2016,1.338599
12/9/2016,1.339237
12/12/2016,1.337675
12/13/2016,1.334119
12/14/2016,1.331924
12/15/2016,1.354161
12/16/2016,1.36402
12/19/2016,1.376991
12/20/2016,1.381706
12/21/2016,1.376259
12/22/2016,1.385484
12/23/2016,1.394409
12/27/2016,1.391288
12/28/2016,1.393328
12/29/2016,1.38764
12/30/2016,1.384688
1/2/2017,1.392642
1/3/2017,1.385364
1/4/2017,1.37712
1/5/2017,1.371393
1/6/2017,1.363018
1/9/2017,1.365253
1/10/2017,1.362733
1/11/2017,1.355898
1/12/2017,1.330181
1/13/2017,1.334303
1/16/2017,1.337738
1/17/2017,1.325534
1/18/2017,1.324831
1/19/2017,1.322928
1/20/2017,1.327596
1/23/2017,1.321232
1/24/2017,1.32099
1/25/2017,1.323001
1/26/2017,1.32757
1/27/2017,1.326561
1/30/2017,1.327281
1/31/2017,1.32013
2/1/2017,1.31835
2/2/2017,1.300888
2/3/2017,1.308724
2/6/2017,1.307506
2/7/2017,1.312787
2/8/2017,1.308955
2/9/2017,1.306117
2/10/2017,1.308213
2/13/2017,1.304638
2/14/2017,1.300292
2/15/2017,1.303742
2/16/2017,1.296282
2/17/2017,1.304413
2/20/2017,1.303222
2/21/2017,1.306064
2/22/2017,1.302102
2/23/2017,1.294902
2/24/2017,1.302291
2/27/2017,1.303108
2/28/2017,1.302916
3/1/2017,1.305611
3/2/2017,1.31634
3/3/2017,1.320965
3/6/2017,1.315804
3/7/2017,1.316188
3/8/2017,1.323228
3/9/2017,1.331059
3/10/2017,1.328965
3/13/2017,1.320266
3/14/2017,1.32377
3/15/2017,1.317266
3/16/2017,1.300112
3/17/2017,1.298314
3/20/2017,1.294829
3/21/2017,1.293186
3/22/2017,1.303414
3/23/2017,1.310217
3/24/2017,1.31254
3/27/2017,1.30967
3/28/2017,1.31513
3/29/2017,1.30815
3/30/2017,1.302785
3/31/2017,1.307829
4/3/2017,1.314323
4/4/2017,1.324664
4/5/2017,1.319067
4/6/2017,1.322239
4/7/2017,1.328598
4/10/2017,1.334846
4/11/2017,1.331669
4/12/2017,1.335502
4/13/2017,1.319567
4/18/2017,1.325126
4/19/2017,1.329138
4/20/2017,1.328804
4/21/2017,1.329127
4/24/2017,1.320981
4/25/2017,1.327151
4/26/2017,1.336546
4/27/2017,1.339583
4/28/2017,1.338426
5/2/2017,1.330096
5/3/2017,1.338493
5/4/2017,1.351972
5/5/2017,1.353161
5/8/2017,1.352258
5/9/2017,1.360121
5/10/2017,1.35453
5/11/2017,1.356998
5/12/2017,1.35445
5/15/2017,1.343511
5/16/2017,1.349127
5/17/2017,1.350544
5/18/2017,1.343966
5/19/2017,1.344575
5/22/2017,1.338522
5/23/2017,1.332055
5/24/2017,1.337443
5/25/2017,1.339576
5/26/2017,1.343158
5/29/2017,1.344744
5/30/2017,1.341806
5/31/2017,1.341592
6/1/2017,1.35324
6/2/2017,1.352679
6/5/2017,1.337008
6/6/2017,1.335939
6/7/2017,1.323438
6/8/2017,1.326387
6/9/2017,1.327577
6/12/2017,1.325639
6/13/2017,1.326558
6/14/2017,1.319111
6/15/2017,1.318467
6/16/2017,1.314856
6/19/2017,1.313064
6/20/2017,1.315346
6/21/2017,1.322149
6/22/2017,1.326171
6/23/2017,1.3214
6/26/2017,1.320372
6/27/2017,1.313974
6/28/2017,1.317451
6/29/2017,1.302725
6/30/2017,1.301349
7/3/2017,1.306008
7/4/2017,1.314366
7/5/2017,1.316621
7/6/2017,1.318226
7/7/2017,1.314932
7/10/2017,1.317204
7/11/2017,1.31416
7/12/2017,1.307188
7/13/2017,1.293685
7/14/2017,1.288655
7/17/2017,1.277002
7/18/2017,1.260493
7/19/2017,1.260036
7/20/2017,1.263387
7/21/2017,1.262584
7/24/2017,1.258671
7/25/2017,1.256456
7/26/2017,1.263913
7/27/2017,1.249957
7/28/2017,1.256032
7/31/2017,1.254626
8/1/2017,1.254064
8/2/2017,1.255136
8/3/2017,1.259949
8/4/2017,1.254466
8/7/2017,1.263796
8/8/2017,1.259692
8/9/2017,1.268349
8/10/2017,1.269008
8/11/2017,1.271738
8/14/2017,1.270323
8/15/2017,1.275545
8/16/2017,1.272673
8/17/2017,1.26152
8/18/2017,1.263203
8/21/2017,1.261032
8/22/2017,1.264718
8/23/2017,1.26587
8/24/2017,1.26639
8/25/2017,1.263465
8/28/2017,1.258532
8/29/2017,1.254233
8/30/2017,1.260154
8/31/2017,1.269852
9/1/2017,1.260151
9/4/2017,1.256615
9/5/2017,1.253322
9/6/2017,1.25396
9/7/2017,1.246847
9/8/2017,1.233914
9/11/2017,1.243227
9/12/2017,1.244197
9/13/2017,1.244595
9/14/2017,1.251746
9/15/2017,1.246426
9/18/2017,1.251004
9/19/2017,1.250334
9/20/2017,1.240193
9/21/2017,1.260143
9/22/2017,1.254995
9/25/2017,1.257015
9/26/2017,1.267837
9/27/2017,1.273656
9/28/2017,1.278146
9/29/2017,1.276893
10/2/2017,1.280313
10/3/2017,1.279588
10/4/2017,1.271401
10/5/2017,1.278743
10/6/2017,1.28641
10/9/2017,1.28912
10/10/2017,1.284649
10/11/2017,1.283686
10/12/2017,1.279943
10/13/2017,1.276884
10/16/2017,1.270524
10/17/2017,1.275108
10/18/2017,1.27747
10/19/2017,1.270323
10/20/2017,1.273904
10/23/2017,1.279216
10/24/2017,1.28535
10/25/2017,1.296733
10/26/2017,1.297371
10/27/2017,1.309436
10/30/2017,1.304513
10/31/2017,1.306926
11/1/2017,1.303479
11/2/2017,1.298154
11/3/2017,1.302565
11/6/2017,1.304573
11/7/2017,1.30704
11/8/2017,1.30233
11/9/2017,1.30215
11/10/2017,1.304016
11/13/2017,1.308854
11/14/2017,1.307876
11/15/2017,1.316047
11/16/2017,1.31739
11/17/2017,1.325307
11/20/2017,1.323487
11/21/2017,1.31985
11/22/2017,1.319517
11/23/2017,1.310939
11/24/2017,1.3122
11/27/2017,1.309906
11/28/2017,1.313846
11/29/2017,1.321299
11/30/2017,1.321546
12/1/2017,1.320404
12/4/2017,1.313527
12/5/2017,1.309361
12/6/2017,1.31717
12/7/2017,1.330562
12/8/2017,1.330267
12/11/2017,1.328756
12/12/2017,1.32084
12/13/2017,1.320978
12/14/2017,1.304517
12/15/2017,1.302897
12/18/2017,1.30496
12/19/2017,1.303053
12/20/2017,1.302406
12/21/2017,1.302892
12/22/2017,1.295706
12/27/2017,1.2876
12/28/2017,1.284565
12/29/2017,1.27958
1/2/2018,1.277497
1/3/2018,1.275805
1/4/2018,1.276254
1/5/2018,1.275301
1/8/2018,1.276956
1/9/2018,1.277405
1/10/2018,1.274933
1/11/2018,1.271615
1/12/2018,1.270248
1/15/2018,1.257148
1/16/2018,1.257482
1/17/2018,1.254937
1/18/2018,1.25141
1/19/2018,1.248633
1/22/2018,1.24904
1/23/2018,1.254388
1/24/2018,1.239475
1/25/2018,1.23785
1/26/2018,1.236732
1/29/2018,1.236126
1/30/2018,1.235408
1/31/2018,1.232801
2/1/2018,1.249458
2/2/2018,1.251201
2/5/2018,1.259164
2/6/2018,1.275691
2/7/2018,1.271195
2/8/2018,1.280934
2/9/2018,1.280942
2/12/2018,1.275789
2/13/2018,1.274224
2/14/2018,1.272028
2/15/2018,1.261266
2/16/2018,1.259227
2/19/2018,1.263175
2/20/2018,1.268071
2/21/2018,1.273879
2/22/2018,1.278837
2/23/2018,1.278153
2/26/2018,1.275162
2/27/2018,1.276156
2/28/2018,1.280252
3/1/2018,1.293731
3/2/2018,1.290205
3/5/2018,1.290891
3/6/2018,1.276287
3/7/2018,1.281227
3/8/2018,1.281056
3/9/2018,1.283215
3/12/2018,1.271419
3/13/2018,1.267006
3/14/2018,1.264775
3/15/2018,1.275018
3/16/2018,1.289326
3/19/2018,1.299374
3/20/2018,1.29798
3/21/2018,1.301807
3/22/2018,1.297012
3/23/2018,1.294184
3/26/2018,1.293046
3/27/2018,1.298481
3/28/2018,1.301178
3/29/2018,1.301518
4/3/2018,1.29948
4/4/2018,1.301564
4/5/2018,1.300163
4/6/2018,1.302436
4/9/2018,1.304454
4/10/2018,1.292452
4/11/2018,1.290375
4/12/2018,1.289702
4/13/2018,1.282861
4/16/2018,1.287631
4/17/2018,1.287529
4/18/2018,1.287778
4/19/2018,1.283476
4/20/2018,1.298481
4/23/2018,1.30822
4/24/2018,1.313191
4/25/2018,1.322774
4/26/2018,1.320677
4/27/2018,1.323529
4/30/2018,1.325689
5/2/2018,1.331473
5/3/2018,1.328052
5/4/2018,1.329685
5/7/2018,1.334398
5/8/2018,1.341955
5/9/2018,1.340433
5/10/2018,1.335663
5/11/2018,1.324032
5/14/2018,1.323073
5/15/2018,1.334427
5/16/2018,1.335794
5/17/2018,1.328335
5/18/2018,1.330362
5/21/2018,1.328259
5/22/2018,1.317873
5/23/2018,1.327639
5/24/2018,1.323244
5/25/2018,1.321113
5/28/2018,1.323428
5/29/2018,1.329469
5/30/2018,1.324708
5/31/2018,1.317549
6/1/2018,1.327792
6/4/2018,1.304507
6/5/2018,1.31349
6/6/2018,1.305992
6/7/2018,1.305931
6/8/2018,1.31836
6/11/2018,1.314758
6/12/2018,1.315405
6/13/2018,1.318089
6/14/2018,1.322592
6/15/2018,1.33822
6/18/2018,1.344183
6/19/2018,1.360759
6/20/2018,1.354984
6/21/2018,1.357601
6/22/2018,1.34624
6/25/2018,1.34547
6/26/2018,1.351782
6/27/2018,1.353736
6/28/2018,1.362169
6/29/2018,1.354177
7/2/2018,1.359653
7/3/2018,1.351136
7/4/2018,1.353977
7/5/2018,1.351183
7/6/2018,1.348431
7/9/2018,1.336415
7/10/2018,1.343721
7/11/2018,1.35228
7/12/2018,1.353405
7/13/2018,1.353947
7/16/2018,1.345819
7/17/2018,1.350474
7/18/2018,1.360262
7/19/2018,1.363825
7/20/2018,1.355441
7/23/2018,1.350376
7/24/2018,1.349479
7/25/2018,1.348674
7/26/2018,1.3479
7/27/2018,1.356129
7/30/2018,1.351849
7/31/2018,1.346626
8/1/2018,1.348068
8/2/2018,1.35844
8/3/2018,1.353901
8/6/2018,1.353981
8/7/2018,1.34451
8/8/2018,1.35016
8/9/2018,1.347882
8/10/2018,1.368279
8/13/2018,1.3742
8/14/2018,1.376118
8/15/2018,1.384065
8/16/2018,1.376165
8/17/2018,1.375647
8/20/2018,1.368739
8/21/2018,1.361242
8/22/2018,1.358902
8/23/2018,1.372139
8/24/2018,1.369348
8/27/2018,1.365598
8/28/2018,1.359863
8/29/2018,1.371269
8/30/2018,1.36974
8/31/2018,1.384345
9/3/2018,1.38763
9/4/2018,1.391714
9/5/2018,1.393887
9/6/2018,1.389376
9/7/2018,1.396384
9/10/2018,1.404978
9/11/2018,1.409193
9/12/2018,1.40423
9/13/2018,1.391308
9/14/2018,1.391051
9/17/2018,1.393025
9/18/2018,1.388732
9/19/2018,1.380732
9/20/2018,1.372929
9/21/2018,1.373756
9/24/2018,1.374926
9/25/2018,1.37845
9/26/2018,1.380421
9/27/2018,1.383787
9/28/2018,1.386317
10/1/2018,1.384629
10/2/2018,1.393139
10/3/2018,1.398164
10/4/2018,1.411407
10/5/2018,1.414045
10/8/2018,1.415055
10/9/2018,1.416965
10/10/2018,1.409217
10/11/2018,1.409417
10/12/2018,1.402799
10/15/2018,1.40152
10/16/2018,1.40183
10/17/2018,1.404163
10/18/2018,1.401043
10/19/2018,1.40061
10/22/2018,1.408126
10/23/2018,1.415142
10/24/2018,1.410747
10/25/2018,1.409863
10/26/2018,1.422829
10/29/2018,1.411212
10/30/2018,1.409163
10/31/2018,1.411203
11/1/2018,1.39182
11/2/2018,1.387405
11/5/2018,1.389886
11/6/2018,1.381607
11/7/2018,1.371115
11/8/2018,1.371499
11/9/2018,1.380487
11/12/2018,1.386862
11/13/2018,1.387799
11/14/2018,1.386066
11/15/2018,1.376736
11/16/2018,1.376961
11/19/2018,1.370438
11/20/2018,1.375711
11/21/2018,1.378298
11/22/2018,1.378672
11/23/2018,1.383721
11/26/2018,1.378509
11/27/2018,1.379855
11/28/2018,1.382045
11/29/2018,1.363397
11/30/2018,1.370279
12/3/2018,1.354924
12/4/2018,1.354282
12/5/2018,1.371235
12/6/2018,1.387102
12/7/2018,1.38651
12/10/2018,1.386608
12/11/2018,1.386589
12/12/2018,1.386568
12/13/2018,1.383256
12/14/2018,1.395924
12/17/2018,1.393263
12/18/2018,1.389646
12/19/2018,1.392284
12/20/2018,1.401624
12/21/2018,1.408884
12/24/2018,1.418829
12/27/2018,1.420497
12/28/2018,1.415663
12/31/2018,1.416594
1/2/2019,1.427832
1/3/2019,1.435231
1/4/2019,1.419714
1/7/2019,1.401485
1/8/2019,1.402273
1/9/2019,1.395199
1/10/2019,1.38977
1/11/2019,1.384722
1/14/2019,1.390512
1/15/2019,1.390406
1/16/2019,1.393801
1/17/2019,1.394788
1/18/2019,1.390107
1/21/2019,1.398433
1/22/2019,1.402413
1/23/2019,1.401777
1/24/2019,1.407901
1/25/2019,1.404812
1/28/2019,1.393677
1/29/2019,1.396778
1/30/2019,1.389885
1/31/2019,1.374217
2/1/2019,1.376428
2/4/2019,1.385059
2/5/2019,1.380636
2/6/2019,1.401439
2/7/2019,1.406258
2/8/2019,1.410717
2/11/2019,1.413299
2/12/2019,1.40988
2/13/2019,1.406457
2/14/2019,1.406461
2/15/2019,1.406394
2/18/2019,1.396981
2/19/2019,1.406145
2/20/2019,1.396932
2/21/2019,1.406465
2/22/2019,1.406004
2/25/2019,1.394188
2/26/2019,1.399261
2/27/2019,1.397242
2/28/2019,1.400491
3/1/2019,1.405605
3/4/2019,1.410426
3/5/2019,1.413805
3/6/2019,1.421672
3/7/2019,1.420814
3/8/2019,1.422563
3/11/2019,1.4172
3/12/2019,1.412506
3/13/2019,1.415996
3/14/2019,1.419212
3/15/2019,1.413866
3/18/2019,1.408142
3/19/2019,1.407466
3/20/2019,1.409107
3/21/2019,1.403794
3/22/2019,1.408866
3/25/2019,1.406711
3/26/2019,1.402179
3/27/2019,1.410887
3/28/2019,1.412908
3/29/2019,1.408189
4/1/2019,1.403969
4/2/2019,1.412232
4/3/2019,1.404785
4/4/2019,1.406632
4/5/2019,1.405413
4/8/2019,1.406989
4/9/2019,1.399397
4/10/2019,1.399504
4/11/2019,1.399148
4/12/2019,1.393075
4/15/2019,1.393176
4/16/2019,1.394693
4/17/2019,1.390319
4/18/2019,1.397244
4/23/2019,1.406314
4/24/2019,1.420466
4/25/2019,1.43001
4/26/2019,1.42136
4/29/2019,1.419283
4/30/2019,1.418346
5/2/2019,1.424367
5/3/2019,1.429225
5/6/2019,1.430574
5/7/2019,1.425481
5/8/2019,1.427156
5/9/2019,1.433575
5/10/2019,1.430009
5/13/2019,1.435482
5/14/2019,1.439694
5/15/2019,1.445587
5/16/2019,1.447202
5/17/2019,1.453545
5/20/2019,1.44542
5/21/2019,1.453544
5/22/2019,1.452063
5/23/2019,1.45426
5/24/2019,1.448556
5/27/2019,1.443829
5/28/2019,1.444067
5/29/2019,1.444604
5/30/2019,1.445842
5/31/2019,1.447045
6/3/2019,1.437371
6/4/2019,1.433298
6/5/2019,1.431465
6/6/2019,1.431919
6/7/2019,1.434667
6/10/2019,1.436599
6/11/2019,1.437544
6/12/2019,1.438841
6/13/2019,1.447072
6/14/2019,1.44909
6/17/2019,1.455848
6/18/2019,1.461428
6/19/2019,1.454716
6/20/2019,1.443619
6/21/2019,1.448038
6/24/2019,1.438038
6/25/2019,1.434932
6/26/2019,1.432582
6/27/2019,1.429288
6/28/2019,1.427417
7/1/2019,1.429729
7/2/2019,1.42952
7/3/2019,1.425042
7/4/2019,1.424167
7/5/2019,1.426021
7/8/2019,1.431832
7/9/2019,1.44257
7/10/2019,1.444742
7/11/2019,1.431458
7/12/2019,1.430907
7/15/2019,1.421865
7/16/2019,1.421634
7/17/2019,1.427463
7/18/2019,1.421541
7/19/2019,1.417513
7/22/2019,1.418814
7/23/2019,1.422894
7/24/2019,1.432675
7/25/2019,1.434368
7/26/2019,1.443886
7/29/2019,1.448871
7/30/2019,1.451408
7/31/2019,1.450543
8/1/2019,1.461901
8/2/2019,1.473528
8/5/2019,1.477374
8/6/2019,1.471976
8/7/2019,1.484378
8/8/2019,1.472617
8/9/2019,1.469191
8/12/2019,1.481955
8/13/2019,1.478257
8/14/2019,1.481856
8/15/2019,1.474619
8/16/2019,1.473456
8/19/2019,1.474917
8/20/2019,1.475894
8/21/2019,1.471272
8/22/2019,1.477939
8/23/2019,1.481789
8/26/2019,1.47805
8/27/2019,1.478026
8/28/2019,1.482541
8/29/2019,1.481395
8/30/2019,1.485864
9/2/2019,1.489606
9/3/2019,1.485508
9/4/2019,1.47259
9/5/2019,1.465907
9/6/2019,1.463227
9/9/2019,1.456177
9/10/2019,1.458605
9/11/2019,1.456057
9/12/2019,1.454255
9/13/2019,1.453317
9/16/2019,1.455353
9/17/2019,1.46218
9/18/2019,1.461051
9/19/2019,1.472034
9/20/2019,1.47262
9/23/2019,1.476923
9/24/2019,1.471326
9/25/2019,1.478419
9/26/2019,1.477601
9/27/2019,1.480293
9/30/2019,1.480944
10/1/2019,1.493302
10/2/2019,1.496659
10/3/2019,1.487901
10/4/2019,1.479825
10/7/2019,1.484217
10/8/2019,1.482432
10/9/2019,1.482743
10/10/2019,1.478422
10/11/2019,1.471158
10/14/2019,1.47992
10/15/2019,1.48024
10/16/2019,1.486984
10/17/2019,1.466211
10/18/2019,1.460696
10/21/2019,1.453504
10/22/2019,1.45885
10/23/2019,1.461117
10/24/2019,1.462347
10/25/2019,1.464842
10/28/2019,1.46523
10/29/2019,1.458855
10/30/2019,1.458581
10/31/2019,1.446746
11/1/2019,1.449951
11/4/2019,1.448109
11/5/2019,1.447385
11/6/2019,1.449053
11/7/2019,1.449761
11/8/2019,1.455954
11/11/2019,1.458654
11/12/2019,1.460463
11/13/2019,1.465292
11/14/2019,1.474311
11/15/2019,1.470092
11/18/2019,1.468402
11/19/2019,1.465559
11/20/2019,1.467312
11/21/2019,1.468037
11/22/2019,1.47287
11/25/2019,1.474564
11/26/2019,1.474682
11/27/2019,1.47334
11/28/2019,1.476874
11/29/2019,1.477691
12/2/2019,1.473283
12/3/2019,1.462018
12/4/2019,1.462233
12/5/2019,1.464846
12/6/2019,1.459347
12/9/2019,1.465282
12/10/2019,1.469261
12/11/2019,1.462212
12/12/2019,1.451468
12/13/2019,1.446125
12/16/2019,1.451373
12/17/2019,1.459774
12/18/2019,1.459919
12/19/2019,1.456148
12/20/2019,1.449761
12/23/2019,1.445418
12/24/2019,1.445758
12/27/2019,1.434233
12/30/2019,1.429261
12/31/2019,1.423803
1/2/2020,1.430001
1/3/2020,1.438145
1/6/2020,1.439968
1/7/2020,1.454619
1/8/2020,1.45704
1/9/2020,1.457516
1/10/2020,1.454513
1/13/2020,1.448589
1/14/2020,1.449393
1/15/2020,1.452881
1/16/2020,1.442833
1/17/2020,1.451386
1/20/2020,1.457285
1/21/2020,1.455421
1/22/2020,1.459596
1/23/2020,1.456045
1/24/2020,1.461441
1/27/2020,1.477642
1/28/2020,1.480236
1/29/2020,1.481593
1/30/2020,1.488077
1/31/2020,1.4924
2/3/2020,1.492951
2/4/2020,1.487962
2/5/2020,1.478636
2/6/2020,1.479778
2/7/2020,1.496672
2/10/2020,1.495115
2/11/2020,1.491606
2/12/2020,1.482041
2/13/2020,1.485046
2/14/2020,1.48967
2/17/2020,1.488602
2/18/2020,1.497319
2/19/2020,1.49463
2/20/2020,1.510102
2/21/2020,1.514952
2/24/2020,1.514513
2/25/2020,1.51679
2/26/2020,1.523218
2/27/2020,1.520613
2/28/2020,1.537305
3/2/2020,1.528322
3/3/2020,1.521184
3/4/2020,1.509573
3/5/2020,1.512202
3/6/2020,1.508733
3/9/2020,1.512744
3/10/2020,1.525637
3/11/2020,1.533963
3/12/2020,1.57242
3/13/2020,1.592579
3/16/2020,1.631084
3/17/2020,1.665179
3/18/2020,1.698189
3/19/2020,1.725303
3/20/2020,1.702251
3/23/2020,1.723639
3/24/2020,1.689108
3/25/2020,1.661864
3/26/2020,1.653948
3/27/2020,1.658832
3/30/2020,1.633225
3/31/2020,1.639923
4/1/2020,1.650786
4/2/2020,1.647717
4/3/2020,1.669356
4/6/2020,1.648596
4/7/2020,1.614883
4/8/2020,1.618618
4/9/2020,1.605227
4/14/2020,1.563349
4/15/2020,1.586628
4/16/2020,1.585783
4/17/2020,1.573481
4/20/2020,1.573204
4/21/2020,1.593245
4/22/2020,1.582682
4/23/2020,1.570553
4/24/2020,1.568796
4/27/2020,1.547641
4/28/2020,1.538476
4/29/2020,1.536156
4/30/2020,1.526113
5/4/2020,1.555657
5/5/2020,1.551692
5/6/2020,1.577311
5/7/2020,1.549105
5/8/2020,1.532141
5/11/2020,1.543699
5/12/2020,1.531129
5/13/2020,1.534437
5/14/2020,1.557172
5/15/2020,1.556307
5/18/2020,1.545052
5/19/2020,1.529772
5/20/2020,1.519712
5/21/2020,1.519091
5/22/2020,1.530998
5/25/2020,1.528689
5/26/2020,1.50697
5/27/2020,1.507142
5/28/2020,1.509078
5/29/2020,1.497935
6/1/2020,1.483267
6/2/2020,1.459638
6/3/2020,1.454351
6/4/2020,1.446756
6/5/2020,1.432215
6/8/2020,1.431635
6/9/2020,1.440322
6/10/2020,1.425934
6/11/2020,1.447039
6/12/2020,1.454972
6/15/2020,1.464143
6/16/2020,1.44358
6/17/2020,1.450499
6/18/2020,1.457494
6/19/2020,1.45058
6/22/2020,1.452956
6/23/2020,1.43771
6/24/2020,1.448759
6/25/2020,1.457232
6/26/2020,1.454829
6/29/2020,1.453917
6/30/2020,1.459546
7/1/2020,1.4525
7/2/2020,1.443913
7/3/2020,1.441108
7/6/2020,1.433113
7/7/2020,1.440301
7/8/2020,1.439128
7/9/2020,1.431758
7/10/2020,1.440848
7/13/2020,1.434195
7/14/2020,1.437187
7/15/2020,1.423715
7/16/2020,1.4314
7/17/2020,1.431572
7/20/2020,1.428983
7/21/2020,1.411693
7/22/2020,1.393937
7/23/2020,1.40427
7/24/2020,1.410751
7/27/2020,1.40068
7/28/2020,1.4007
7/29/2020,1.394286
7/30/2020,1.400494
7/31/2020,1.391627
8/3/2020,1.407812
8/4/2020,1.40204
8/5/2020,1.384765
8/6/2020,1.392553
8/7/2020,1.388085
8/10/2020,1.398028
8/11/2020,1.392345
8/12/2020,1.402939
8/13/2020,1.396265
8/14/2020,1.398883
8/17/2020,1.390787
8/18/2020,1.381404
8/19/2020,1.376687
8/20/2020,1.396118
8/21/2020,1.39706
8/24/2020,1.388875
8/25/2020,1.394278
8/26/2020,1.388667
8/27/2020,1.379892
8/28/2020,1.360974
8/31/2020,1.357956
9/1/2020,1.354968
9/2/2020,1.363376
9/3/2020,1.372979
9/4/2020,1.375697
9/7/2020,1.372801
9/8/2020,1.381926
9/9/2020,1.381466
9/10/2020,1.374124
9/11/2020,1.370339
9/14/2020,1.374789
9/15/2020,1.363858
9/16/2020,1.36271
9/17/2020,1.369162
9/18/2020,1.372602
9/21/2020,1.377789
9/22/2020,1.387394
9/23/2020,1.406004
9/24/2020,1.420266
9/25/2020,1.422383
9/28/2020,1.414996
9/29/2020,1.402495
9/30/2020,1.403997
10/1/2020,1.388615
10/2/2020,1.395737
10/5/2020,1.391825
10/6/2020,1.396524
10/7/2020,1.401869
10/8/2020,1.39575
10/9/2020,1.390844
10/12/2020,1.386304
10/13/2020,1.391618
10/14/2020,1.393872
10/15/2020,1.415114
10/16/2020,1.410016
10/19/2020,1.406449
10/20/2020,1.422608
10/21/2020,1.411829
10/22/2020,1.408003
10/23/2020,1.398279
10/26/2020,1.403841
10/27/2020,1.401707
10/28/2020,1.415793
10/29/2020,1.424556
10/30/2020,1.415883
11/2/2020,1.418898
11/3/2020,1.401983
11/4/2020,1.394591
11/5/2020,1.379671
11/6/2020,1.37818
11/9/2020,1.366153
11/10/2020,1.375085
11/11/2020,1.374469
11/12/2020,1.379272
11/13/2020,1.379602
11/16/2020,1.371598
11/17/2020,1.366437
11/18/2020,1.367206
11/19/2020,1.375254
11/20/2020,1.367866
11/23/2020,1.364003
11/24/2020,1.363253
11/25/2020,1.361648
11/26/2020,1.358235
11/27/2020,1.357323
11/30/2020,1.356093
12/1/2020,1.359793
12/2/2020,1.357865
12/3/2020,1.346474
12/4/2020,1.347726
12/7/2020,1.350099
12/8/2020,1.348357
12/9/2020,1.336609
12/10/2020,1.333966
12/11/2020,1.326791
12/14/2020,1.320835
12/15/2020,1.327265
12/16/2020,1.321109
12/17/2020,1.310795
12/18/2020,1.313892
12/21/2020,1.330814
12/22/2020,1.322902
12/23/2020,1.32484
12/24/2020,1.315427
12/28/2020,1.316229
12/29/2020,1.315034
12/30/2020,1.304861
12/31/2020,1.295412
1/4/2021,1.295381
1/5/2021,1.297938
1/6/2021,1.282542
1/7/2021,1.289997
1/8/2021,1.286367
1/11/2021,1.297624
1/12/2021,1.294466
1/13/2021,1.293276
1/14/2021,1.290168
1/15/2021,1.293409
1/18/2021,1.303133
1/19/2021,1.295994
1/20/2021,1.294604
1/21/2021,1.285985
1/22/2021,1.297088
1/25/2021,1.294273
1/26/2021,1.293667
1/27/2021,1.299653
1/28/2021,1.316186
1/29/2021,1.303477
2/1/2021,1.310079
2/2/2021,1.315759
2/3/2021,1.313223
2/4/2021,1.31102
2/5/2021,1.31528
2/8/2021,1.305031
2/9/2021,1.295522
2/10/2021,1.293148
2/11/2021,1.287396
2/12/2021,1.293855
2/15/2021,1.286339
2/16/2021,1.285761
2/17/2021,1.291294
2/18/2021,1.284177
2/19/2021,1.272345
2/22/2021,1.268606
2/23/2021,1.266409
2/24/2021,1.263544
2/25/2021,1.252924
2/26/2021,1.287435
3/1/2021,1.291795
3/2/2021,1.282175
3/3/2021,1.282786
3/4/2021,1.283779
3/5/2021,1.30382
3/8/2021,1.306169
3/9/2021,1.298134
3/10/2021,1.297511
3/11/2021,1.28532
3/12/2021,1.290036
3/15/2021,1.29354
3/16/2021,1.290458
3/17/2021,1.295624
3/18/2021,1.288365
3/19/2021,1.292154
3/22/2021,1.291296
3/23/2021,1.303627
3/24/2021,1.313488
3/25/2021,1.317404
3/26/2021,1.312086
3/29/2021,1.306687
3/30/2021,1.313261
3/31/2021,1.314456
4/1/2021,1.319598
4/6/2021,1.310701
4/7/2021,1.311091
4/8/2021,1.308768
4/9/2021,1.310481
4/12/2021,1.311576
4/13/2021,1.315736
4/14/2021,1.300652
4/15/2021,1.29056
4/16/2021,1.289755
4/19/2021,1.287162
4/20/2021,1.285536
4/21/2021,1.295411
4/22/2021,1.293458
4/23/2021,1.29206
4/26/2021,1.284071
4/27/2021,1.284993
4/28/2021,1.290472
4/29/2021,1.282381
4/30/2021,1.289604
5/3/2021,1.293009
5/4/2021,1.298394
5/5/2021,1.291962
5/6/2021,1.289138
5/7/2021,1.287254
5/10/2021,1.268223
5/11/2021,1.274363
5/12/2021,1.281235
5/13/2021,1.297326
5/14/2021,1.289615
5/17/2021,1.291526
5/18/2021,1.280641
5/19/2021,1.290943
5/20/2021,1.289519
5/21/2021,1.287988
5/24/2021,1.294137
5/25/2021,1.2871
5/26/2021,1.28645
5/27/2021,1.291441
5/28/2021,1.300939
5/31/2021,1.292927
6/1/2021,1.291861
6/2/2021,1.292959
6/3/2021,1.295807
6/4/2021,1.304283
6/7/2021,1.289097
6/8/2021,1.290264
6/9/2021,1.289955
6/10/2021,1.29218
6/11/2021,1.293773
6/14/2021,1.295905
6/15/2021,1.300132
6/16/2021,1.296519
6/17/2021,1.320516
6/18/2021,1.330644
6/21/2021,1.330502
6/22/2021,1.329914
6/23/2021,1.318885
6/24/2021,1.32004
6/25/2021,1.315983
6/28/2021,1.32267
6/29/2021,1.329997
6/30/2021,1.333978
7/1/2021,1.332548
7/2/2021,1.339423
7/5/2021,1.328165
7/6/2021,1.320578
7/7/2021,1.327952
7/8/2021,1.347947
7/9/2021,1.338168
7/12/2021,1.340533
7/13/2021,1.337386
7/14/2021,1.339062
7/15/2021,1.344398
7/16/2021,1.347822
7/19/2021,1.363505
7/20/2021,1.365775
7/21/2021,1.366718
7/22/2021,1.355329
7/23/2021,1.354976
7/26/2021,1.358276
7/27/2021,1.35724
7/28/2021,1.361989
7/29/2021,1.352817
7/30/2021,1.35674
8/2/2021,1.357984
8/3/2021,1.353471
8/4/2021,1.349127
8/5/2021,1.349367
8/6/2021,1.352418
8/9/2021,1.360599
8/10/2021,1.361969
8/11/2021,1.361836
8/12/2021,1.359826
8/13/2021,1.360476
8/16/2021,1.364169
8/17/2021,1.371463
8/18/2021,1.37934
8/19/2021,1.395263
8/20/2021,1.402879
8/23/2021,1.391961
8/24/2021,1.380153
8/25/2021,1.379601
8/26/2021,1.377241
8/27/2021,1.379134
8/30/2021,1.369969
8/31/2021,1.365219
9/1/2021,1.361428
9/2/2021,1.353875
9/3/2021,1.344424
9/6/2021,1.344572
9/7/2021,1.352782
9/8/2021,1.35512
9/9/2021,1.354536
9/10/2021,1.350055
9/13/2021,1.359508
9/14/2021,1.363975
9/15/2021,1.36612
9/16/2021,1.366743
9/17/2021,1.367657
9/20/2021,1.3834
9/21/2021,1.380133
9/22/2021,1.379316
9/23/2021,1.37516
9/24/2021,1.379384
9/27/2021,1.378783
9/28/2021,1.379945
9/29/2021,1.38253
9/30/2021,1.390016
10/1/2021,1.378017
10/4/2021,1.371348
10/5/2021,1.373642
10/6/2021,1.378704
10/7/2021,1.369919
10/8/2021,1.368917
10/11/2021,1.360895
10/12/2021,1.355257
10/13/2021,1.359799
10/14/2021,1.348388
10/15/2021,1.348043
10/18/2021,1.353585
10/19/2021,1.338567
10/20/2021,1.335972
10/21/2021,1.334365
10/22/2021,1.33362
10/25/2021,1.336292
10/26/2021,1.331124
10/27/2021,1.330636
10/28/2021,1.329337
10/29/2021,1.327179
11/1/2021,1.330109
11/2/2021,1.339654
11/3/2021,1.345137
11/4/2021,1.348604
11/5/2021,1.353763
11/8/2021,1.34908
11/9/2021,1.351127
11/10/2021,1.358107
11/11/2021,1.369895
11/12/2021,1.370545
11/15/2021,1.357655
11/16/2021,1.362597
11/17/2021,1.371598
11/18/2021,1.373292
11/19/2021,1.382397
11/22/2021,1.377195
11/23/2021,1.383871
11/24/2021,1.38756
11/25/2021,1.392408
11/26/2021,1.398902
11/29/2021,1.39961
11/30/2021,1.399102
12/1/2021,1.400831
12/2/2021,1.408854
12/3/2021,1.416969
12/6/2021,1.420572
12/7/2021,1.406894
12/8/2021,1.401982
12/9/2021,1.400407
12/10/2021,1.398474
12/13/2021,1.400514
12/14/2021,1.402953
12/15/2021,1.399663
12/16/2021,1.386203
12/17/2021,1.395852
12/20/2021,1.406458
12/21/2021,1.40239
12/22/2021,1.39439
12/23/2021,1.382759
12/24/2021,1.382434
12/27/2021,1.386581
12/28/2021,1.377019
12/29/2021,1.383526
12/30/2021,1.37586
12/31/2021,1.378686
1/3/2022,1.381858
1/4/2022,1.390371
1/5/2022,1.378214
1/6/2022,1.394432
1/7/2022,1.398832
1/10/2022,1.393709
1/11/2022,1.394143
1/12/2022,1.38628
1/13/2022,1.370409
1/14/2022,1.380536
1/17/2022,1.386565
1/18/2022,1.392892
1/19/2022,1.384663
1/20/2022,1.381372
1/21/2022,1.390025
1/24/2022,1.403574
1/25/2022,1.403443
1/26/2022,1.394608
1/27/2022,1.413172
1/28/2022,1.43392
1/31/2022,1.418071
2/1/2022,1.409236
2/2/2022,1.397863
2/3/2022,1.404306
2/4/2022,1.410066
2/7/2022,1.40622
2/8/2022,1.404716
2/9/2022,1.393354
2/10/2022,1.389457
2/11/2022,1.395025
2/14/2022,1.405267
2/15/2022,1.400441
2/16/2022,1.394566
2/17/2022,1.388391
2/18/2022,1.387529
2/21/2022,1.389222
2/22/2022,1.387674
2/23/2022,1.374471
2/24/2022,1.396847
2/25/2022,1.38561
2/28/2022,1.384766
3/1/2022,1.376545
3/2/2022,1.375113
3/3/2022,1.366829
3/4/2022,1.360783
3/7/2022,1.353924
3/8/2022,1.374495
3/9/2022,1.363686
3/10/2022,1.363136
3/11/2022,1.366424
3/14/2022,1.381113
3/15/2022,1.386043
3/16/2022,1.379389
3/17/2022,1.36232
3/18/2022,1.357649
3/21/2022,1.34961
3/22/2022,1.342707
3/23/2022,1.340737
3/24/2022,1.336127
3/25/2022,1.329213
3/28/2022,1.330476
3/29/2022,1.334687
3/30/2022,1.331026
3/31/2022,1.335826
4/1/2022,1.329714
4/4/2022,1.331304
4/5/2022,1.31042
4/6/2022,1.321157
4/7/2022,1.335471
4/8/2022,1.33984
4/11/2022,1.344404
4/12/2022,1.344167
4/13/2022,1.348882
4/14/2022,1.343262
4/19/2022,1.357308
4/20/2022,1.346353
4/21/2022,1.345917
4/22/2022,1.369696
4/25/2022,1.393263
4/26/2022,1.38917
4/27/2022,1.401115
4/28/2022,1.412876
4/29/2022,1.394592
5/2/2022,1.417047
5/3/2022,1.404415
5/4/2022,1.403475
5/5/2022,1.388058
5/6/2022,1.408515
5/9/2022,1.425135
5/10/2022,1.436612
5/11/2022,1.426609
5/12/2022,1.45686
5/13/2022,1.450843
5/16/2022,1.444732
5/17/2022,1.422351
5/18/2022,1.423548
5/19/2022,1.428599
5/20/2022,1.416281
5/23/2022,1.405573
5/24/2022,1.413433
5/25/2022,1.419482
5/26/2022,1.412546
5/27/2022,1.398526
5/30/2022,1.391862
5/31/2022,1.393914
6/1/2022,1.387323
6/2/2022,1.386925
6/3/2022,1.379776
6/6/2022,1.38374
6/7/2022,1.395986
6/8/2022,1.389049
6/9/2022,1.394862
6/10/2022,1.403384
6/13/2022,1.434529
6/14/2022,1.45178
6/15/2022,1.442911
6/16/2022,1.436442
6/17/2022,1.434198
6/20/2022,1.432062
6/21/2022,1.438578
6/22/2022,1.449862
6/23/2022,1.449728
6/24/2022,1.448879
6/27/2022,1.445138
6/28/2022,1.440205
6/29/2022,1.450604
6/30/2022,1.453644
7/1/2022,1.475492
7/4/2022,1.454328
7/5/2022,1.475219
7/6/2022,1.47008
7/7/2022,1.461984
7/8/2022,1.463249
7/11/2022,1.47653
7/12/2022,1.483768
7/13/2022,1.470349
7/14/2022,1.488556
7/15/2022,1.479869
7/18/2022,1.464712
7/19/2022,1.451342
7/20/2022,1.447887
7/21/2022,1.455829
7/22/2022,1.440334
7/25/2022,1.436792
7/26/2022,1.442612
7/27/2022,1.44011
7/28/2022,1.435981
7/29/2022,1.436164
8/1/2022,1.420405
8/2/2022,1.442195
8/3/2022,1.440161
8/4/2022,1.434731
8/5/2022,1.437799
8/8/2022,1.432199
8/9/2022,1.435118
8/10/2022,1.432111
8/11/2022,1.405688
8/12/2022,1.409431
8/15/2022,1.423051
8/16/2022,1.427598
8/17/2022,1.441854
8/18/2022,1.436137
8/19/2022,1.450567
8/22/2022,1.447655
8/23/2022,1.454317
8/24/2022,1.44846
8/25/2022,1.434905
8/26/2022,1.432297
8/29/2022,1.454937
8/30/2022,1.442296
8/31/2022,1.4591
9/1/2022,1.464514
9/2/2022,1.468128
9/5/2022,1.473387
9/6/2022,1.475725
9/7/2022,1.491958
9/8/2022,1.481067
9/9/2022,1.46323
9/12/2022,1.452388
9/13/2022,1.448256
9/14/2022,1.488789
9/15/2022,1.486489
9/16/2022,1.496283
9/19/2022,1.496496
9/20/2022,1.491388
9/21/2022,1.499192
9/22/2022,1.501416
9/23/2022,1.520197
9/26/2022,1.540328
9/27/2022,1.540751
9/28/2022,1.560272
9/29/2022,1.543581
9/30/2022,1.546574
10/3/2022,1.549365
10/4/2022,1.548681
10/5/2022,1.551185
10/6/2022,1.547972
10/7/2022,1.558232
10/10/2022,1.583995
10/11/2022,1.589016
10/12/2022,1.599526
10/13/2022,1.591026
10/14/2022,1.594422
10/17/2022,1.601704
10/18/2022,1.5818
10/19/2022,1.592146
10/20/2022,1.585363
10/21/2022,1.608016
10/24/2022,1.586742
10/25/2022,1.581888
10/26/2022,1.543051
10/27/2022,1.555246
10/28/2022,1.558738
10/31/2022,1.566371
11/1/2022,1.54911
11/2/2022,1.556924
11/3/2022,1.590998
11/4/2022,1.550952
11/7/2022,1.543881
11/8/2022,1.544118
11/9/2022,1.547764
11/10/2022,1.559675
11/11/2022,1.499709
11/14/2022,1.495009
11/15/2022,1.481642
11/16/2022,1.479063
11/17/2022,1.504603
11/18/2022,1.48881
11/21/2022,1.509955
11/22/2022,1.506035
11/23/2022,1.503341
11/24/2022,1.480265
11/25/2022,1.484723
11/28/2022,1.494027
11/29/2022,1.486977
11/30/2022,1.486604
12/1/2022,1.47092
12/2/2022,1.466787
12/5/2022,1.468027
12/6/2022,1.485831
12/7/2022,1.493779
12/8/2022,1.48208
12/9/2022,1.472961
12/12/2022,1.47936
12/13/2022,1.474917
12/14/2022,1.456475
12/15/2022,1.477733
12/16/2022,1.494114
12/19/2022,1.490281
12/20/2022,1.506935
12/21/2022,1.491068
12/22/2022,1.486316
12/23/2022,1.492845
12/27/2022,1.484375
12/28/2022,1.471805
12/29/2022,1.489248
12/30/2022,1.471311
1/2/2023,1.469531
1/3/2023,1.489616
1/4/2023,1.457873
1/5/2023,1.463541
1/6/2023,1.484762
1/9/2023,1.444091
1/10/2023,1.456309
1/11/2023,1.450451
1/12/2023,1.445414
1/13/2023,1.44128
1/16/2023,1.437014
1/17/2023,1.439731
1/18/2023,1.421995
1/19/2023,1.454092
1/20/2023,1.44273
1/23/2023,1.428479
1/24/2023,1.424756
1/25/2023,1.412024
1/26/2023,1.405048
1/27/2023,1.407179
1/30/2023,1.411538
1/31/2023,1.428598
2/1/2023,1.412888
2/2/2023,1.402166
2/3/2023,1.417116
2/6/2023,1.44729
2/7/2023,1.445794
2/8/2023,1.43605
2/9/2023,1.430601
2/10/2023,1.443592
2/13/2023,1.440015
2/14/2023,1.432382
2/15/2023,1.451308
2/16/2023,1.448598
2/17/2023,1.464471
2/20/2023,1.448004
2/21/2023,1.455083
2/22/2023,1.46336
2/23/2023,1.464864
2/24/2023,1.482308
2/27/2023,1.491283
2/28/2023,1.484132
3/1/2023,1.476601
3/2/2023,1.487317
3/3/2023,1.481677
3/6/2023,1.484783
3/7/2023,1.500422
3/8/2023,1.51522
3/9/2023,1.512697
3/10/2023,1.517476
3/13/2023,1.500654
3/14/2023,1.495017
3/15/2023,1.506114
3/16/2023,1.503728
3/17/2023,1.494305
3/20/2023,1.490902
3/21/2023,1.497402
3/22/2023,1.495781
3/23/2023,1.492968
3/24/2023,1.506654
3/27/2023,1.504131
3/28/2023,1.49608
3/29/2023,1.498294
3/30/2023,1.493937
3/31/2023,1.495908
4/3/2023,1.479301
4/4/2023,1.481882
4/5/2023,1.49223
4/6/2023,1.494457
4/11/2023,1.502705
4/12/2023,1.499451
4/13/2023,1.483704
4/14/2023,1.474993
4/17/2023,1.489482
4/18/2023,1.483412
4/19/2023,1.490991
4/20/2023,1.488487
4/21/2023,1.49335
4/24/2023,1.496819
4/25/2023,1.502813
4/26/2023,1.515083
4/27/2023,1.509871
4/28/2023,1.51753
5/2/2023,1.493023
5/3/2023,1.499955
5/4/2023,1.497652
5/5/2023,1.487107
5/8/2023,1.471777
5/9/2023,1.479788
5/10/2023,1.481461
5/11/2023,1.484538
5/12/2023,1.497429
5/15/2023,1.495127
5/16/2023,1.498667
5/17/2023,1.502724
5/18/2023,1.506058
5/19/2023,1.501758
5/22/2023,1.505637
5/23/2023,1.51053
5/24/2023,1.520816
5/25/2023,1.531719
5/26/2023,1.529067
5/29/2023,1.529071
5/30/2023,1.526154
5/31/2023,1.544229
6/1/2023,1.533795
6/2/2023,1.509616
6/5/2023,1.517212
6/6/2023,1.501264
6/7/2023,1.493328
6/8/2023,1.495855
6/9/2023,1.486364
6/12/2023,1.478867
6/13/2023,1.475215
6/14/2023,1.472384
6/15/2023,1.471855
6/16/2023,1.453675
6/19/2023,1.461637
6/20/2023,1.474435
6/21/2023,1.478898
6/22/2023,1.474192
6/23/2023,1.496233
6/26/2023,1.497161
6/27/2023,1.494749
6/28/2023,1.510788
6/29/2023,1.506674
6/30/2023,1.509111
7/3/2023,1.503165
7/4/2023,1.494814
7/5/2023,1.500965
7/6/2023,1.496284
7/7/2023,1.507715
7/10/2023,1.504929
7/11/2023,1.500865
7/12/2023,1.495101
7/13/2023,1.45761
7/14/2023,1.457089
7/17/2023,1.468121
7/18/2023,1.468059
7/19/2023,1.477633
7/20/2023,1.466107
7/21/2023,1.484312
7/24/2023,1.484229
7/25/2023,1.477513
7/26/2023,1.483045
7/27/2023,1.472629
7/28/2023,1.499364
7/31/2023,1.491064
8/1/2023,1.509298
8/2/2023,1.519436
8/3/2023,1.532016
8/4/2023,1.525123
8/7/2023,1.521759
8/8/2023,1.537555
8/9/2023,1.529814
8/10/2023,1.521644
8/11/2023,1.531261
8/14/2023,1.541903
8/15/2023,1.545671
8/16/2023,1.547728
8/17/2023,1.553303
8/18/2023,1.564277
8/21/2023,1.558031
8/22/2023,1.550289
8/23/2023,1.558538
8/24/2023,1.553321
8/25/2023,1.555237
8/28/2023,1.558013
8/29/2023,1.558086
8/30/2023,1.544553
8/31/2023,1.544442
9/1/2023,1.543434
9/4/2023,1.546894
9/5/2023,1.571056
9/6/2023,1.563611
9/7/2023,1.565546
9/8/2023,1.564182
9/11/2023,1.553059
9/12/2023,1.557174
9/13/2023,1.561726
9/14/2023,1.551538
9/15/2023,1.547945
9/18/2023,1.554441
9/19/2023,1.546346
9/20/2023,1.541581
9/21/2023,1.562482
9/22/2023,1.549357
9/25/2023,1.555911
9/26/2023,1.559547
9/27/2023,1.569951
9/28/2023,1.564
9/29/2023,1.542288
10/2/2023,1.564292
10/3/2023,1.58678
10/4/2023,1.582833
10/5/2023,1.575147
10/6/2023,1.572659
10/9/2023,1.571171
10/10/2023,1.562843
10/11/2023,1.558751
10/12/2023,1.561729
10/13/2023,1.583238
10/16/2023,1.580945
10/17/2023,1.572713
10/18/2023,1.569901
10/19/2023,1.583444
10/20/2023,1.583609
10/23/2023,1.585826
10/24/2023,1.571482
10/25/2023,1.576967
10/26/2023,1.586243
10/27/2023,1.576321
10/30/2023,1.568788
10/31/2023,1.576325
11/1/2023,1.5717
11/2/2023,1.551731
11/3/2023,1.539712
11/6/2023,1.538404
11/7/2023,1.556803
11/8/2023,1.554868
11/9/2023,1.561968
11/10/2023,1.572124
11/13/2023,1.569072
11/14/2023,1.568351
11/15/2023,1.531837
11/16/2023,1.542631
11/17/2023,1.536884
11/20/2023,1.525348
11/21/2023,1.520128
11/22/2023,1.52305
11/23/2023,1.525963
11/24/2023,1.522627
11/27/2023,1.51356
11/28/2023,1.513106
11/29/2023,1.509877
11/30/2023,1.513311
12/1/2023,1.51246
12/4/2023,1.504509
12/5/2023,1.524637
12/6/2023,1.520783
12/7/2023,1.523257
12/8/2023,1.514986
12/11/2023,1.526448
12/12/2023,1.517771
12/13/2023,1.525169
12/14/2023,1.491712
12/15/2023,1.491321
12/18/2023,1.486078
12/19/2023,1.484492
12/20/2023,1.478984
12/21/2023,1.478922
12/22/2023,1.469382
12/27/2023,1.461365
12/28/2023,1.46176
12/29/2023,1.471765
1/2/2024,1.473804
1/3/2024,1.486949
1/4/2024,1.486351
1/5/2024,1.495925
1/8/2024,1.496254
1/9/2024,1.49351
1/10/2024,1.492235
1/11/2024,1.489852
1/12/2024,1.496527
1/15/2024,1.502878
1/16/2024,1.514795
1/17/2024,1.525421
1/18/2024,1.524506
1/19/2024,1.515569
1/22/2024,1.516988
1/23/2024,1.517016
1/24/2024,1.514901
1/25/2024,1.518131
1/26/2024,1.516236
1/29/2024,1.515107
1/30/2024,1.517795
1/31/2024,1.519609
2/1/2024,1.534492
2/2/2024,1.513186
2/5/2024,1.541225
2/6/2024,1.53728
2/7/2024,1.531552
2/8/2024,1.540156
2/9/2024,1.535741
2/12/2024,1.532071
2/13/2024,1.531178
2/14/2024,1.542145
2/15/2024,1.538211
2/16/2024,1.533897
2/19/2024,1.529232
2/20/2024,1.523514
2/21/2024,1.52521
2/22/2024,1.522962
2/23/2024,1.519937
2/26/2024,1.525986
2/27/2024,1.525884
2/28/2024,1.539508
2/29/2024,1.541105
3/1/2024,1.538611
3/4/2024,1.534206
3/5/2024,1.540142
3/6/2024,1.532739
3/7/2024,1.514548
3/8/2024,1.506495
3/11/2024,1.514369
3/12/2024,1.514566
3/13/2024,1.512204
3/14/2024,1.512952
3/15/2024,1.522126
3/18/2024,1.522494
3/19/2024,1.534089
3/20/2024,1.533844
3/21/2024,1.515999
3/22/2024,1.533863
3/25/2024,1.530226
3/26/2024,1.526854
3/27/2024,1.534763
3/28/2024,1.536121
4/2/2024,1.537073
4/3/2024,1.533803
4/4/2024,1.515481
4/5/2024,1.518402
4/8/2024,1.518341
4/9/2024,1.5098
4/10/2024,1.510037
4/11/2024,1.533041
4/12/2024,1.540837
4/15/2024,1.542887
4/16/2024,1.558522
4/17/2024,1.556308
4/18/2024,1.551362
4/19/2024,1.560312
4/22/2024,1.553518
4/23/2024,1.549185
4/24/2024,1.536684
4/25/2024,1.53125
4/26/2024,1.529961
4/29/2024,1.522575
4/30/2024,1.532282
5/2/2024,1.531688
5/3/2024,1.519918
5/6/2024,1.507795
5/7/2024,1.513747
5/8/2024,1.524155
5/9/2024,1.518729
5/10/2024,1.514055
5/13/2024,1.510421
5/14/2024,1.512505
5/15/2024,1.505539
5/16/2024,1.499172
5/17/2024,1.501383
5/20/2024,1.497008
5/21/2024,1.498343
5/22/2024,1.50397
5/23/2024,1.504791
5/24/2024,1.512362
5/27/2024,1.505119
5/28/2024,1.499173
5/29/2024,1.507783
5/30/2024,1.510957
5/31/2024,1.50341
6/3/2024,1.50249
6/4/2024,1.506121
6/5/2024,1.504139
6/6/2024,1.506489
6/7/2024,1.499816
6/10/2024,1.515805
6/11/2024,1.515377
6/12/2024,1.512308
6/13/2024,1.505193
6/14/2024,1.511885
6/17/2024,1.516617
6/18/2024,1.512552
6/19/2024,1.50014
6/20/2024,1.499767
6/21/2024,1.499906
6/24/2024,1.505778
6/25/2024,1.503547
6/26/2024,1.501824
6/27/2024,1.503179
6/28/2024,1.502008
7/1/2024,1.499209
7/2/2024,1.50247
7/3/2024,1.498699
7/4/2024,1.485741
7/5/2024,1.484941
7/8/2024,1.48288
7/9/2024,1.485297
7/10/2024,1.483233
7/11/2024,1.480884
7/12/2024,1.476217
7/15/2024,1.475016
7/16/2024,1.483122
7/17/2024,1.483629
7/18/2024,1.485544
7/19/2024,1.494582
7/22/2024,1.50349
7/23/2024,1.509761
7/24/2024,1.514381
7/25/2024,1.533315
7/26/2024,1.52477
7/29/2024,1.52852
7/30/2024,1.529933
7/31/2024,1.536295
8/1/2024,1.529428
8/2/2024,1.534749
8/5/2024,1.550976
8/6/2024,1.542556
8/7/2024,1.523805
8/8/2024,1.525801
8/9/2024,1.521389
8/12/2024,1.515789
8/13/2024,1.516055
8/14/2024,1.510391
8/15/2024,1.508401
8/16/2024,1.507822
8/19/2024,1.493162
8/20/2024,1.484482
8/21/2024,1.483897
8/22/2024,1.486304
8/23/2024,1.485298
8/26/2024,1.477739
8/27/2024,1.474736
8/28/2024,1.475848
8/29/2024,1.467713
8/30/2024,1.470281
9/2/2024,1.475635
9/3/2024,1.485637
9/4/2024,1.488688
9/5/2024,1.486708
9/6/2024,1.486355
9/9/2024,1.502852
9/10/2024,1.500408
9/11/2024,1.499593
9/12/2024,1.497549
9/13/2024,1.492826
9/16/2024,1.482294
9/17/2024,1.478768
9/18/2024,1.47429
9/19/2024,1.465758
9/20/2024,1.46767
9/23/2024,1.463621
9/24/2024,1.458457
9/25/2024,1.453993
9/26/2024,1.453788
9/27/2024,1.450081
9/30/2024,1.443909
10/1/2024,1.44687
10/2/2024,1.449553
10/3/2024,1.46064
10/4/2024,1.461692
10/7/2024,1.471044
10/8/2024,1.48361
10/9/2024,1.486082
10/10/2024,1.48884
10/11/2024,1.484092
10/14/2024,1.488594
10/15/2024,1.489131
10/16/2024,1.494999
10/17/2024,1.493466
10/18/2024,1.490274
10/21/2024,1.495439
10/22/2024,1.494963
10/23/2024,1.507662
10/24/2024,1.503009
10/25/2024,1.50679
10/28/2024,1.513404
10/29/2024,1.524318
10/30/2024,1.52196
10/31/2024,1.521687
11/1/2024,1.518604
11/4/2024,1.514674
11/5/2024,1.509773
11/6/2024,1.52417
11/7/2024,1.501715
11/8/2024,1.509376
11/11/2024,1.51967
11/12/2024,1.52642
11/13/2024,1.533446
11/14/2024,1.546093
11/15/2024,1.544458
11/18/2024,1.549659
11/19/2024,1.537531
11/20/2024,1.536167
11/21/2024,1.533441
11/22/2024,1.538417
11/25/2024,1.535112
11/26/2024,1.538776
11/27/2024,1.542778
11/28/2024,1.539366
11/29/2024,1.538061
12/2/2024,1.542876
12/3/2024,1.542998
12/4/2024,1.561571
12/5/2024,1.553795
12/6/2024,1.559966
12/9/2024,1.549962
12/10/2024,1.562838
12/11/2024,1.572761
12/12/2024,1.564484
12/13/2024,1.567598
12/16/2024,1.572681
12/17/2024,1.576355
12/18/2024,1.581745
12/19/2024,1.599904
12/20/2024,1.604812
12/23/2024,1.603676
12/24/2024,1.604714
12/27/2024,1.607762
12/30/2024,1.604366
12/31/2024,1.6144
1/2/2025,1.610115
1/3/2025,1.607535
1/6/2025,1.587857
1/7/2025,1.593092
1/8/2025,1.613844
1/9/2025,1.61378
1/10/2025,1.616363
1/13/2025,1.625613
1/14/2025,1.6204
1/15/2025,1.613204
1/16/2025,1.613512
1/17/2025,1.61643
1/20/2025,1.611768
1/21/2025,1.606546
1/22/2025,1.589869
1/23/2025,1.594963
1/24/2025,1.58518
1/27/2025,1.585945
1/28/2025,1.602341
1/29/2025,1.607349
1/30/2025,1.605787
1/31/2025,1.607043
2/3/2025,1.62264
2/4/2025,1.608999
2/5/2025,1.590865
2/6/2025,1.597201
2/7/2025,1.592464
2/10/2025,1.593798
2/11/2025,1.5926
2/12/2025,1.593539
2/13/2025,1.596824
2/14/2025,1.576064
2/17/2025,1.571279
2/18/2025,1.576146
2/19/2025,1.573606
2/20/2025,1.568706
2/21/2025,1.566555
2/24/2025,1.570227
2/25/2025,1.575498
2/26/2025,1.58501
2/27/2025,1.58805
2/28/2025,1.608011
3/3/2025,1.606402
3/4/2025,1.602633
3/5/2025,1.592482
3/6/2025,1.578084
3/7/2025,1.589574
3/10/2025,1.582112
3/11/2025,1.590634
3/12/2025,1.588922
3/13/2025,1.59409
3/14/2025,1.582974
3/17/2025,1.573879
3/18/2025,1.570526
3/19/2025,1.57915
3/20/2025,1.591618
3/21/2025,1.592316
3/24/2025,1.591186
3/25/2025,1.581801
3/26/2025,1.582963
3/27/2025,1.585628
3/28/2025,1.585626
3/31/2025,1.601294
4/1/2025,1.599462
4/2/2025,1.587152
4/3/2025,1.572317
4/4/2025,1.636791
4/7/2025,1.657153
4/8/2025,1.650502
4/9/2025,1.665097
4/10/2025,1.615683
4/11/2025,1.604178
4/14/2025,1.585128
4/15/2025,1.571353
4/16/2025,1.569
4/17/2025,1.570863
4/22/2025,1.563698
4/23/2025,1.560578
4/24/2025,1.566719
4/25/2025,1.567051
4/28/2025,1.563568
4/29/2025,1.561066
4/30/2025,1.564934
5/2/2025,1.553381
5/5/2025,1.542096
5/6/2025,1.547196
5/7/2025,1.545158
5/8/2025,1.558378
5/9/2025,1.561678
5/12/2025,1.56528
5/13/2025,1.560565
5/14/2025,1.546281
5/15/2025,1.560751
5/16/2025,1.559585
5/19/2025,1.551323
5/20/2025,1.560181
5/21/2025,1.551895
5/22/2025,1.55699
5/23/2025,1.554641
5/26/2025,1.536596
5/27/2025,1.551955
5/28/2025,1.553415
5/29/2025,1.552433
5/30/2025,1.55631
6/2/2025,1.541816
6/3/2025,1.549271
6/4/2025,1.541813
6/5/2025,1.536374
6/6/2025,1.54167
6/9/2025,1.534969
6/10/2025,1.53373
6/11/2025,1.537479
6/12/2025,1.535191
6/13/2025,1.544215
6/16/2025,1.532055
6/17/2025,1.529478
6/18/2025,1.538321
6/19/2025,1.545914
6/20/2025,1.541815
6/23/2025,1.565812
6/24/2025,1.536487
6/25/2025,1.539403
6/26/2025,1.531082
6/27/2025,1.530417
6/30/2025,1.531399
7/1/2025,1.518628
7/2/2025,1.525649
7/3/2025,1.521643
7/4/2025,1.525283
7/7/2025,1.538455
7/8/2025,1.529698
7/9/2025,1.533425
7/10/2025,1.526433
7/11/2025,1.521613
7/14/2025,1.523182
7/15/2025,1.524646
7/16/2025,1.533701
7/17/2025,1.547888
7/18/2025,1.532361
7/21/2025,1.532785
7/22/2025,1.533806
7/23/2025,1.515947
7/24/2025,1.511654
7/25/2025,1.522689
7/28/2025,1.53192
7/29/2025,1.539322
7/30/2025,1.542032
7/31/2025,1.551808
8/1/2025,1.556998
8/4/2025,1.543104
8/5/2025,1.546856
8/6/2025,1.537746
8/7/2025,1.533282
8/8/2025,1.533053
8/11/2025,1.536569
8/12/2025,1.541186
8/13/2025,1.526087
8/14/2025,1.532763
8/15/2025,1.535507
8/18/2025,1.536109
8/19/2025,1.540318
8/20/2025,1.553
8/21/2025,1.556663
8/22/2025,1.556513
8/25/2025,1.539284
8/26/2025,1.540494
8/27/2025,1.545415
8/28/2025,1.531346
8/29/2025,1.532424
9/1/2025,1.526675
9/2/2025,1.536751
9/3/2025,1.529477
9/4/2025,1.534301
9/5/2025,1.527742
9/8/2025,1.51765
9/9/2025,1.513198
9/10/2025,1.513624
9/11/2025,1.514506
9/12/2025,1.505888
9/15/2025,1.50085
9/16/2025,1.498941
9/17/2025,1.497677
9/18/2025,1.504569
9/19/2025,1.516871
9/22/2025,1.516425
9/23/2025,1.513949
9/24/2025,1.513355
9/25/2025,1.519039
9/26/2025,1.531957
9/29/2025,1.523416
9/30/2025,1.512648
10/1/2025,1.513221
10/2/2025,1.513187
10/3/2025,1.514488
10/6/2025,1.515499
10/7/2025,1.517915
10/8/2025,1.521373
10/9/2025,1.515804
10/10/2025,1.525761
10/13/2025,1.536434
10/14/2025,1.5499
10/15/2025,1.534934
10/16/2025,1.538845
10/17/2025,1.540536
10/20/2025,1.541399
10/21/2025,1.540881
10/22/2025,1.541728
10/23/2025,1.537566
10/24/2025,1.538236
10/27/2025,1.524656
10/28/2025,1.525795
10/29/2025,1.515211
10/30/2025,1.530043
10/31/2025,1.529514
11/3/2025,1.528313
11/4/2025,1.539553
11/5/2025,1.54229
11/6/2025,1.534466
11/7/2025,1.542946
11/10/2025,1.530551
11/11/2025,1.532441
11/12/2025,1.52868
11/13/2025,1.52526
11/14/2025,1.532194
11/17/2025,1.535237
11/18/2025,1.538395
11/19/2025,1.541311
11/20/2025,1.543599
11/21/2025,1.551476
11/24/2025,1.548683
11/25/2025,1.547658
11/26/2025,1.539086
11/27/2025,1.53228
11/28/2025,1.532163
12/1/2025,1.52327
12/2/2025,1.526003
12/3/2025,1.516969
12/4/2025,1.513544
12/5/2025,1.506741
12/8/2025,1.505706
12/9/2025,1.506574
12/10/2025,1.505329
12/11/2025,1.502561
12/12/2025,1.499787
12/15/2025,1.503361
12/16/2025,1.506199
12/17/2025,1.510322
12/18/2025,1.513269
12/19/2025,1.5146
12/22/2025,1.504215
12/23/2025,1.493891
12/24/2025,1.492068
12/29/2025,1.494391
12/30/2025,1.492132
12/31/2025,1.496255
1/2/2026,1.493729
1/5/2026,1.499657
1/6/2026,1.488169
1/7/2026,1.486392
1/8/2026,1.493191
1/9/2026,1.49811
1/12/2026,1.488967
1/13/2026,1.492535
1/14/2026,1.497726
1/15/2026,1.495354
1/16/2026,1.492984
1/19/2026,1.491015
1/20/2026,1.485334
1/21/2026,1.477128
1/22/2026,1.469076
1/23/2026,1.456651
1/26/2026,1.447533
1/27/2026,1.439098
1/28/2026,1.428679
1/29/2026,1.415023
1/30/2026,1.426378
2/2/2026,1.439358
2/3/2026,1.42615
2/4/2026,1.422504
2/5/2026,1.434311
2/6/2026,1.431236
2/9/2026,1.417045
2/10/2026,1.414999
2/11/2026,1.406471
2/12/2026,1.404581
2/13/2026,1.418311
2/16/2026,1.411303
2/17/2026,1.418569
2/18/2026,1.41393
2/19/2026,1.420744
2/20/2026,1.418968
2/23/2026,1.414545
2/24/2026,1.419547
2/25/2026,1.410132
2/26/2026,1.404435
2/27/2026,1.4072
3/2/2026,1.417251
3/3/2026,1.424608
3/4/2026,1.416688
3/5/2026,1.419349
3/6/2026,1.427299
3/9/2026,1.424924
3/10/2026,1.404948
3/11/2026,1.398411
3/12/2026,1.402096
3/13/2026,1.419746
3/16/2026,1.417669
3/17/2026,1.40725
3/18/2026,1.417826
3/19/2026,1.427713
3/20/2026,1.415058
3/23/2026,1.424543
3/24/2026,1.438991
3/25/2026,1.436077
3/26/2026,1.446659
3/27/2026,1.452722
3/30/2026,1.45768
3/31/2026,1.451818
4/1/2026,1.438087
4/2/2026,1.455184
4/7/2026,1.441983
4/8/2026,1.417137
4/9/2026,1.420026
4/10/2026,1.414141
4/13/2026,1.421602
4/14/2026,1.404053
4/15/2026,1.401273
4/16/2026,1.394076
4/17/2026,1.393405
4/20/2026,1.397279
4/21/2026,1.395683
4/22/2026,1.398108
4/23/2026,1.397896
4/24/2026,1.399676
4/27/2026,1.390501
4/28/2026,1.39786
4/29/2026,1.396207
4/30/2026,1.398992
5/4/2026,1.392222
5/5/2026,1.394746
5/6/2026,1.380548
5/7/2026,1.377995
5/8/2026,1.38245
5/11/2026,1.38113
5/12/2026,1.384563
5/13/2026,1.379257
5/14/2026,1.381131
5/15/2026,1.398779
5/18/2026,1.395604
5/19/2026,1.405077
5/20/2026,1.402672
5/21/2026,1.402966
5/22/2026,1.404312
5/25/2026,1.39483
5/26/2026,1.395565
5/27/2026,1.402509
5/28/2026,1.404666
5/29/2026,1.394538
6/1/2026,1.393955
6/2/2026,1.39248
6/3/2026,1.396418
6/4/2026,1.400086
6/5/2026,1.40043
6/8/2026,1.413432
6/9/2026,1.416314
6/10/2026,1.427767
6/11/2026,1.429054
6/12/2026,1.421458
6/15/2026,1.415008
6/16/2026,1.415474
6/17/2026,1.416444
6/18/2026,1.427624
6/19/2026,1.425656
6/22/2026,1.426851
6/23/2026,1.441626
6/24/2026,1.449383
6/25/2026,1.450714
6/26/2026,1.44882
6/29/2026,1.449325
6/30/2026,1.451992
7/1/2026,1.451111
7/2/2026,1.451531
7/3/2026,1.4413
7/6/2026,1.442138
7/7/2026,1.439255
7/8/2026,1.444318
7/9/2026,1.441014
7/10/2026,1.438933
7/13/2026,1.440301
7/14/2026,1.440421
7/15/2026,1.432141
7/16/2026,1.426877
7/17/2026,1.433669
7/20/2026,1.427184
7/21/2026,1.425469
7/22/2026,1.429874
7/23/2026,1.430039
7/24/2026,1.431045
7/27/2026,1.428659
7/28/2026,1.435031
7/29/2026,1.440861
7/30/2026,1.432468
7/31/2026,1.424902
8/3/2026,1.427222
8/4/2026,1.422232
8/5/2026,1.418124
8/6/2026,1.420031
8/7/2026,1.420373
8/10/2026,1.415751
8/11/2026,1.415598
8/12/2026,1.414205
8/13/2026,1.418068
8/14/2026,1.412034
8/17/2026,1.403519
8/18/2026,1.406185
8/19/2026,1.41327
8/20/2026,1.407243
8/21/2026,1.395077
8/24/2026,1.396348
8/25/2026,1.397959
8/26/2026,1.391807
8/27/2026,1.390812
8/28/2026,1.389934
8/31/2026,1.396257
9/1/2026,1.400345
9/2/2026,1.399119
9/3/2026,1.390185
9/4/2026,1.388229
9/7/2026,1.386078
9/8/2026,1.386086
9/9/2026,1.38414
9/10/2026,1.391787
9/11/2026,1.394151
9/14/2026,1.402649
9/15/2026,1.403415
