Day,Value-BRL
1/2/2015,2.693099726
1/5/2015,2.713722199
1/6/2015,2.699261373
1/7/2015,2.677626574
1/8/2015,2.70003399
1/9/2015,2.657157369
1/12/2015,2.656218231
1/13/2015,2.643269394
1/14/2015,2.624968153
1/15/2015,2.608216604
1/16/2015,2.619692786
1/19/2015,2.628436019
1/20/2015,2.62354262
1/21/2015,2.599672216
1/22/2015,2.578326734
1/23/2015,2.594838364
1/26/2015,2.595517609
1/27/2015,2.590129135
1/28/2015,2.584802539
1/29/2015,2.600176757
1/30/2015,2.66377709
2/2/2015,2.678691424
2/3/2015,2.711673699
2/4/2015,2.701293028
2/5/2015,2.737773883
2/6/2015,2.754957631
2/9/2015,2.787583149
2/10/2015,2.800832079
2/11/2015,2.861057097
2/12/2015,2.874735169
2/13/2015,2.846410684
2/16/2015,2.834502104
2/17/2015,2.837932545
2/18/2015,2.831076328
2/19/2015,2.849916572
2/20/2015,2.870596566
2/23/2015,2.896884404
2/24/2015,2.870586158
2/25/2015,2.855191257
2/26/2015,2.850932226
2/27/2015,2.898487544
3/2/2015,2.862118108
3/3/2015,2.913323782
3/4/2015,2.966468896
3/5/2015,2.982112205
3/6/2015,3.005472954
3/9/2015,3.095764273
3/10/2015,3.137455765
3/11/2015,3.129325014
3/12/2015,3.112315085
3/13/2015,3.205921302
3/16/2015,3.230747371
3/17/2015,3.27183827
3/18/2015,3.236688066
3/19/2015,3.253722956
3/20/2015,3.268374165
3/23/2015,3.204087243
3/24/2015,3.12347032
3/25/2015,3.12553482
3/26/2015,3.180898569
3/27/2015,3.209837878
3/30/2015,3.284094053
3/31/2015,3.249186727
4/1/2015,3.160762436
4/2/2015,3.1677747
4/7/2015,3.132571218
4/8/2015,3.100349843
4/9/2015,3.033320958
4/10/2015,3.087890255
4/13/2015,3.098369977
4/14/2015,3.110280197
4/15/2015,3.087342849
4/16/2015,3.016711792
4/17/2015,3.011096726
4/20/2015,3.052130934
4/21/2015,3.030186916
4/22/2015,3.021595458
4/23/2015,3.001113999
4/24/2015,2.973300074
4/27/2015,2.959064868
4/28/2015,2.908941155
4/29/2015,2.951008907
4/30/2015,2.96317432
5/4/2015,3.076757532
5/5/2015,3.086983899
5/6/2015,3.062689225
5/7/2015,3.0268023
5/8/2015,3.035380091
5/11/2015,2.986627176
5/12/2015,3.070913782
5/13/2015,3.001871491
5/14/2015,3.027585603
5/15/2015,3.011917373
5/18/2015,2.999473176
5/19/2015,3.010107335
5/20/2015,3.036427415
5/21/2015,3.011766819
5/22/2015,3.039322823
5/25/2015,3.119876116
5/26/2015,3.122917811
5/27/2015,3.16072908
5/28/2015,3.154643906
5/29/2015,3.146946217
6/1/2015,3.204130117
6/2/2015,3.149424245
6/3/2015,3.137865996
6/4/2015,3.136697005
6/5/2015,3.13683366
6/8/2015,3.137699337
6/9/2015,3.10472042
6/10/2015,3.081922156
6/11/2015,3.158742877
6/12/2015,3.094474153
6/15/2015,3.131930825
6/16/2015,3.134195274
6/17/2015,3.098856282
6/18/2015,3.049631708
6/19/2015,3.067970617
6/22/2015,3.092904363
6/23/2015,3.093091753
6/24/2015,3.071613306
6/25/2015,3.0955738
6/26/2015,3.138457418
6/29/2015,3.140123956
6/30/2015,3.101170793
7/1/2015,3.103693694
7/2/2015,3.149286102
7/3/2015,3.116798846
7/6/2015,3.148528343
7/7/2015,3.160461074
7/8/2015,3.205188679
7/9/2015,3.22751945
7/10/2015,3.185158695
7/13/2015,3.175943524
7/14/2015,3.128909437
7/15/2015,3.143428104
7/16/2015,3.148891138
7/17/2015,3.164202406
7/20/2015,3.194434206
7/21/2015,3.19131315
7/22/2015,3.193542469
7/23/2015,3.26684244
7/24/2015,3.333577109
7/27/2015,3.378006873
7/28/2015,3.348390023
7/29/2015,3.369265639
7/30/2015,3.35326335
7/31/2015,3.371386888
8/3/2015,3.453931148
8/4/2015,3.437346213
8/5/2015,3.466047965
8/6/2015,3.516123105
8/7/2015,3.526094507
8/10/2015,3.518156934
8/11/2015,3.470465853
8/12/2015,3.460062752
8/13/2015,3.492033486
8/14/2015,3.500134276
8/17/2015,3.50009009
8/18/2015,3.486799277
8/19/2015,3.478308124
8/20/2015,3.504426361
8/21/2015,3.471412109
8/24/2015,3.560494042
8/25/2015,3.530418912
8/26/2015,3.591825995
8/27/2015,3.583392414
8/28/2015,3.565051473
8/31/2015,3.62648239
9/1/2015,3.654859381
9/2/2015,3.730964016
9/3/2015,3.800160299
9/4/2015,3.776800144
9/7/2015,3.839763144
9/8/2015,3.793764558
9/9/2015,3.801059341
9/10/2015,3.888153777
9/11/2015,3.840255591
9/14/2015,3.863600177
9/15/2015,3.841519435
9/16/2015,3.841645885
9/17/2015,3.862800566
9/18/2015,3.885629214
9/21/2015,3.958133333
9/22/2015,4.016943075
9/23/2015,4.017399103
9/24/2015,4.208166533
9/25/2015,3.890503094
9/28/2015,4.00957923
9/29/2015,4.090860407
9/30/2015,3.999642953
10/1/2015,3.947189097
10/2/2015,4.003584229
10/5/2015,3.921235315
10/6/2015,3.938791875
10/7/2015,3.837919404
10/8/2015,3.87186778
10/9/2015,3.749427918
10/12/2015,3.764881737
10/13/2015,3.804378407
10/14/2015,3.873619632
10/15/2015,3.796223446
10/16/2015,3.854929577
10/19/2015,3.898791141
10/20/2015,3.859843489
10/21/2015,3.926105337
10/22/2015,3.95925042
10/23/2015,3.89462288
10/26/2015,3.85805104
10/27/2015,3.92161649
10/28/2015,3.884709066
10/29/2015,3.936139067
10/30/2015,3.878006717
11/2/2015,3.872733865
11/3/2015,3.80949344
11/4/2015,3.752629172
11/5/2015,3.800790223
11/6/2015,3.792893962
11/9/2015,3.795100223
11/10/2015,3.793016525
11/11/2015,3.733949235
11/12/2015,3.803188514
11/13/2015,3.794778893
11/16/2015,3.836985918
11/17/2015,3.812933458
11/18/2015,3.803018939
11/19/2015,3.757275194
11/20/2015,3.710703593
11/23/2015,3.730034804
11/24/2015,3.71326636
11/25/2015,3.768184394
11/26/2015,3.763192612
11/27/2015,3.720132325
11/30/2015,3.848095283
12/1/2015,3.891981132
12/2/2015,3.852619676
12/3/2015,3.79308406
12/4/2015,3.777288571
12/7/2015,3.73993894
12/8/2015,3.797425287
12/9/2015,3.769947902
12/10/2015,3.762862104
12/11/2015,3.852968037
12/14/2015,3.904488755
12/15/2015,3.877070064
12/16/2015,3.93688832
12/17/2015,3.877040863
12/18/2015,3.900424511
12/21/2015,3.97598896
12/22/2015,3.982742878
12/23/2015,3.967662147
12/24/2015,3.940988399
12/28/2015,3.925743477
12/29/2015,3.851990504
12/30/2015,3.898041369
12/31/2015,3.9604115
1/4/2016,4.039548541
1/5/2016,4.003629257
1/6/2016,4.03379259
1/7/2016,4.048675009
1/8/2016,4.022189485
1/11/2016,4.02149155
1/12/2016,4.033222591
1/13/2016,3.995377219
1/14/2016,4.014504728
1/15/2016,4.044255085
1/18/2016,4.033143592
1/19/2016,4.026315789
1/20/2016,4.085358027
1/21/2016,4.15220784
1/22/2016,4.121946706
1/25/2016,4.093943597
1/26/2016,4.103072806
1/27/2016,4.037747979
1/28/2016,4.104650096
1/29/2016,4.056227106
2/1/2016,3.99770305
2/2/2016,3.989834234
2/3/2016,3.958657276
2/4/2016,3.880599679
2/5/2016,3.879128727
2/8/2016,3.895594991
2/9/2016,3.892933428
2/10/2016,3.887181309
2/11/2016,3.95135278
2/12/2016,3.998847007
2/15/2016,3.986314848
2/16/2016,4.015135232
2/17/2016,4.02891523
2/18/2016,4.017232046
2/19/2016,4.042357606
2/22/2016,3.968347542
2/23/2016,3.960189057
2/24/2016,3.988070303
2/25/2016,3.947311145
2/26/2016,3.939305833
2/29/2016,3.985488611
3/1/2016,4.002851361
3/2/2016,3.917004422
3/3/2016,3.848179066
3/4/2016,3.722333637
3/7/2016,3.7640829
3/8/2016,3.780377222
3/9/2016,3.712749476
3/10/2016,3.65846919
3/11/2016,3.643011722
3/14/2016,3.620919147
3/15/2016,3.7078945
3/16/2016,3.816341287
3/17/2016,3.663513394
3/18/2016,3.616810001
3/21/2016,3.62851566
3/22/2016,3.614520157
3/23/2016,3.634410527
3/24/2016,3.704142012
3/29/2016,3.644363052
3/30/2016,3.644913458
3/31/2016,3.616512956
4/1/2016,3.612316305
4/4/2016,3.551845343
4/5/2016,3.641682062
4/6/2016,3.705010586
4/7/2016,3.66217881
4/8/2016,3.65695679
4/11/2016,3.568656716
4/12/2016,3.512987013
4/13/2016,3.513011152
4/14/2016,3.51813011
4/15/2016,3.490517547
4/18/2016,3.503095701
4/19/2016,3.56237327
4/20/2016,3.547060374
4/21/2016,3.526464113
4/22/2016,3.570807067
4/25/2016,3.566051136
4/26/2016,3.538850004
4/27/2016,3.523489339
4/28/2016,3.513558725
4/29/2016,3.484872402
5/2/2016,3.45697381
5/3/2016,3.545682427
5/4/2016,3.571577575
5/5/2016,3.521461666
5/6/2016,3.557364138
5/9/2016,3.507766564
5/10/2016,3.485450549
5/11/2016,3.463669033
5/12/2016,3.461146721
5/13/2016,3.48598872
5/16/2016,3.532232427
5/17/2016,3.485686517
5/18/2016,3.536749712
5/19/2016,3.585424667
5/20/2016,3.547285854
5/23/2016,3.551671868
5/24/2016,3.549337393
5/25/2016,3.560111251
5/26/2016,3.582020057
5/27/2016,3.609419771
5/30/2016,3.604273274
5/31/2016,3.572709342
6/1/2016,3.598621801
6/2/2016,3.596263854
6/3/2016,3.583736776
6/6/2016,3.518724117
6/7/2016,3.506168488
6/8/2016,3.408859202
6/9/2016,3.383408269
6/10/2016,3.420205237
6/13/2016,3.439829606
6/14/2016,3.498708241
6/15/2016,3.46794301
6/16/2016,3.485144084
6/17/2016,3.460280789
6/20/2016,3.37857395
6/21/2016,3.367509281
6/22/2016,3.39953913
6/23/2016,3.351655106
6/24/2016,3.439634918
6/27/2016,3.403346063
6/28/2016,3.357987898
6/29/2016,3.265644725
6/30/2016,3.233471447
7/1/2016,3.218410418
7/4/2016,3.243939666
7/5/2016,3.288623722
7/6/2016,3.323425784
7/7/2016,3.329783394
7/8/2016,3.337127371
7/11/2016,3.317132772
7/12/2016,3.282906599
7/13/2016,3.298139451
7/14/2016,3.23034866
7/15/2016,3.255930985
7/18/2016,3.253686782
7/19/2016,3.269415496
7/20/2016,3.247162444
7/21/2016,3.250476623
7/22/2016,3.281096786
7/25/2016,3.256055363
7/26/2016,3.280894789
7/27/2016,3.280502229
7/28/2016,3.273760144
7/29/2016,3.282461981
8/1/2016,3.256986743
8/2/2016,3.265344412
8/3/2016,3.268392857
8/4/2016,3.223239943
8/5/2016,3.182233776
8/8/2016,3.178407144
8/9/2016,3.163477162
8/10/2016,3.121512876
8/11/2016,3.15215637
8/12/2016,3.162484316
8/15/2016,3.172003578
8/16/2016,3.164320496
8/17/2016,3.213728272
8/18/2016,3.222683509
8/19/2016,3.23671199
8/22/2016,3.214134088
8/23/2016,3.187759062
8/24/2016,3.235977991
8/25/2016,3.220992028
8/26/2016,3.227723649
8/29/2016,3.286481647
8/30/2016,3.222689828
8/31/2016,3.235357528
9/1/2016,3.232190921
9/2/2016,3.265344412
9/5/2016,3.250089638
9/6/2016,3.265973654
9/7/2016,3.198718519
9/8/2016,3.185375354
9/9/2016,3.243876464
9/12/2016,3.28977374
9/13/2016,3.272783853
9/14/2016,3.306917454
9/15/2016,3.326728274
9/16/2016,3.295296633
9/19/2016,3.263770712
9/20/2016,3.261176681
9/21/2016,3.240986547
9/22/2016,3.19807795
9/23/2016,3.20411985
9/26/2016,3.242940863
9/27/2016,3.22771836
9/28/2016,3.241781737
9/29/2016,3.235005793
9/30/2016,3.244332945
10/3/2016,3.240388038
10/4/2016,3.209031449
10/5/2016,3.244492017
10/6/2016,3.237013858
10/7/2016,3.23940754
10/10/2016,3.215591398
10/11/2016,3.216355267
10/12/2016,3.199274047
10/13/2016,3.20139518
10/14/2016,3.180694419
10/17/2016,3.196925596
10/18/2016,3.190484854
10/19/2016,3.193642408
10/20/2016,3.153825137
10/21/2016,3.15451038
10/24/2016,3.140207511
10/25/2016,3.115526122
10/26/2016,3.118077803
10/27/2016,3.135444312
10/28/2016,3.18998352
10/31/2016,3.182532432
11/1/2016,3.196281179
11/2/2016,3.241730509
11/3/2016,3.228488792
11/4/2016,3.244929235
11/7/2016,3.20421262
11/8/2016,3.203841276
11/9/2016,3.226728361
11/10/2016,3.287287747
11/11/2016,3.412325752
11/14/2016,3.447434351
11/15/2016,3.437621923
11/16/2016,3.437768641
11/17/2016,3.410469348
11/18/2016,3.391570232
11/21/2016,3.35499953
11/22/2016,3.34341151
11/23/2016,3.382380683
11/24/2016,3.404342055
11/25/2016,3.435989426
11/28/2016,3.391480922
11/29/2016,3.404784418
11/30/2016,3.396144805
12/1/2016,3.443775289
12/2/2016,3.468239053
12/5/2016,3.461409082
12/6/2016,3.431805478
12/7/2016,3.397670084
12/8/2016,3.40076194
12/9/2016,3.391893172
12/12/2016,3.393072858
12/13/2016,3.329406221
12/14/2016,3.310973318
12/15/2016,3.387849122
12/16/2016,3.360570936
12/19/2016,3.376607177
12/20/2016,3.357873408
12/21/2016,3.332597639
12/22/2016,3.328322482
12/23/2016,3.268811028
12/27/2016,3.279655337
12/28/2016,3.27141621
12/29/2016,3.264421697
12/30/2016,3.254435063
1/2/2017,3.274247492
1/3/2017,3.265864227
1/4/2017,3.236945482
1/5/2017,3.213217789
1/6/2017,3.20190764
1/9/2017,3.212248003
1/10/2017,3.193243115
1/11/2017,3.216795201
1/12/2017,3.157411743
1/13/2017,3.198292843
1/16/2017,3.221634888
1/17/2017,3.210876076
1/18/2017,3.222711928
1/19/2017,3.208005249
1/20/2017,3.195729872
1/23/2017,3.161269249
1/24/2017,3.163379233
1/25/2017,3.170157312
1/26/2017,3.186261682
1/27/2017,3.167680929
1/30/2017,3.134336783
1/31/2017,3.118084612
2/1/2017,3.143466172
2/2/2017,3.114267209
2/3/2017,3.132017503
2/6/2017,3.118745332
2/7/2017,3.126744731
2/8/2017,3.125175809
2/9/2017,3.117190423
2/10/2017,3.111299276
2/13/2017,3.119672594
2/14/2017,3.095264991
2/15/2017,3.079583136
2/16/2017,3.041870071
2/17/2017,3.091830986
2/20/2017,3.097588546
2/21/2017,3.096042517
2/22/2017,3.083991249
2/23/2017,3.065544311
2/24/2017,3.088886794
2/27/2017,3.109096061
2/28/2017,3.09615929
3/1/2017,3.110984525
3/2/2017,3.108902416
3/3/2017,3.131093232
3/6/2017,3.105740181
3/7/2017,3.117813918
3/8/2017,3.140488822
3/9/2017,3.168988721
3/10/2017,3.176881011
3/13/2017,3.151927225
3/14/2017,3.159721569
3/15/2017,3.158821314
3/16/2017,3.099384673
3/17/2017,3.105336686
3/20/2017,3.107886905
3/21/2017,3.07119052
3/22/2017,3.098362173
3/23/2017,3.11589097
3/24/2017,3.132346136
3/27/2017,3.120580402
3/28/2017,3.12616263
3/29/2017,3.132303684
3/30/2017,3.12517463
3/31/2017,3.161537742
4/3/2017,3.124847575
4/4/2017,3.135386349
4/5/2017,3.088031467
4/6/2017,3.115694731
4/7/2017,3.137253057
4/10/2017,3.13622613
4/11/2017,3.131217031
4/12/2017,3.142857143
4/13/2017,3.130479774
4/18/2017,3.107470511
4/19/2017,3.111235431
4/20/2017,3.142857143
4/21/2017,3.148532436
4/24/2017,3.125276549
4/25/2017,3.152052153
4/26/2017,3.169099422
4/27/2017,3.160279386
4/28/2017,3.176395242
5/2/2017,3.168575355
5/3/2017,3.152669658
5/4/2017,3.186785028
5/5/2017,3.18556701
5/8/2017,3.190345584
5/9/2017,3.189750184
5/10/2017,3.164859401
5/11/2017,3.164180479
5/12/2017,3.147020964
5/15/2017,3.104721108
5/16/2017,3.102993037
5/17/2017,3.098497796
5/18/2017,3.134872855
5/19/2017,3.330083192
5/22/2017,3.293515965
5/23/2017,3.274008025
5/24/2017,3.255784866
5/25/2017,3.269127876
5/26/2017,3.26982851
5/29/2017,3.265820522
5/30/2017,3.267609416
5/31/2017,3.251492737
6/1/2017,3.220875301
6/2/2017,3.236872604
6/5/2017,3.258956352
6/6/2017,3.296944395
6/7/2017,3.271284657
6/8/2017,3.281859471
6/9/2017,3.263779528
6/12/2017,3.283129846
6/13/2017,3.302576446
6/14/2017,3.305096849
6/15/2017,3.274135769
6/16/2017,3.284767619
6/19/2017,3.300026788
6/20/2017,3.302707063
6/21/2017,3.321790616
6/22/2017,3.32742412
6/23/2017,3.337778573
6/26/2017,3.33056226
6/27/2017,3.299875865
6/28/2017,3.308307692
6/29/2017,3.283623938
6/30/2017,3.294777427
7/3/2017,3.319289295
7/4/2017,3.303355941
7/5/2017,3.314061259
7/6/2017,3.306016689
7/7/2017,3.293638275
7/10/2017,3.274962677
7/11/2017,3.266812801
7/12/2017,3.231461263
7/13/2017,3.217395113
7/14/2017,3.206219886
7/17/2017,3.178939103
7/18/2017,3.169450454
7/19/2017,3.158935229
7/20/2017,3.148976926
7/21/2017,3.111578767
7/24/2017,3.137276786
7/25/2017,3.14306482
7/26/2017,3.160941257
7/27/2017,3.149991449
7/28/2017,3.155853014
7/31/2017,3.134987635
8/1/2017,3.122248561
8/2/2017,3.127483304
8/3/2017,3.121163575
8/4/2017,3.110128075
8/7/2017,3.126048996
8/8/2017,3.124936516
8/9/2017,3.13639076
8/10/2017,3.155813161
8/11/2017,3.177050574
8/14/2017,3.180215309
8/15/2017,3.196525886
8/16/2017,3.170708796
8/17/2017,3.162007352
8/18/2017,3.167376491
8/21/2017,3.149562112
8/22/2017,3.151983689
8/23/2017,3.162471396
8/24/2017,3.143571066
8/25/2017,3.13727981
8/28/2017,3.150356394
8/29/2017,3.162848606
8/30/2017,3.169519973
8/31/2017,3.163636364
9/1/2017,3.139513423
9/4/2017,3.139773205
9/5/2017,3.117746005
9/6/2017,3.113318247
9/7/2017,3.098989224
9/8/2017,3.089220564
9/11/2017,3.088855547
9/12/2017,3.110450013
9/13/2017,3.132231405
9/14/2017,3.137989062
9/15/2017,3.122711694
9/18/2017,3.113826582
9/19/2017,3.126378216
9/20/2017,3.129757641
9/21/2017,3.137589248
9/22/2017,3.131761558
9/25/2017,3.128676161
9/26/2017,3.164418427
9/27/2017,3.181756239
9/28/2017,3.182543726
9/29/2017,3.187785872
10/2/2017,3.173876022
10/3/2017,3.156045265
10/4/2017,3.133027912
10/5/2017,3.131664112
10/6/2017,3.160502264
10/9/2017,3.164311255
10/10/2017,3.168432652
10/11/2017,3.171174979
10/12/2017,3.175944669
10/13/2017,3.176714649
10/16/2017,3.160552402
10/17/2017,3.176970831
10/18/2017,3.166141799
10/19/2017,3.173990198
10/20/2017,3.174733457
10/23/2017,3.193611584
10/24/2017,3.23288836
10/25/2017,3.235808231
10/26/2017,3.235769591
10/27/2017,3.299612236
10/30/2017,3.254392008
10/31/2017,3.270235436
11/1/2017,3.28539442
11/2/2017,3.267239158
11/3/2017,3.260873295
11/6/2017,3.293701467
11/7/2017,3.271233351
11/8/2017,3.249525453
11/9/2017,3.246947549
11/10/2017,3.267890853
11/13/2017,3.291180508
11/14/2017,3.276968923
11/15/2017,3.250844595
11/16/2017,3.277461558
11/17/2017,3.277490462
11/20/2017,3.258467023
11/21/2017,3.260539341
11/22/2017,3.258830539
11/23/2017,3.24130655
11/24/2017,3.231371558
11/27/2017,3.226572959
11/28/2017,3.220642665
11/29/2017,3.207575886
11/30/2017,3.263397755
12/1/2017,3.26663862
12/4/2017,3.249726085
12/5/2017,3.223769731
12/6/2017,3.232038588
12/7/2017,3.294077719
12/8/2017,3.273292454
12/11/2017,3.276873516
12/12/2017,3.318969913
12/13/2017,3.315184049
12/14/2017,3.337188687
12/15/2017,3.317889209
12/18/2017,3.28393387
12/19/2017,3.286982999
12/20/2017,3.288560574
12/21/2017,3.306686904
12/22/2017,3.319750274
12/27/2017,3.295166036
12/28/2017,3.30953578
12/29/2017,3.312682398
1/2/2018,3.274264401
1/3/2018,3.263411794
1/4/2018,3.237463738
1/5/2018,3.242590286
1/8/2018,3.24271277
1/9/2018,3.232567885
1/10/2018,3.248165444
1/11/2018,3.233585754
1/12/2018,3.209936558
1/15/2018,3.195976216
1/16/2018,3.213654947
1/17/2018,3.236663116
1/18/2018,3.213812832
1/19/2018,3.207833537
1/22/2018,3.193316447
1/23/2018,3.220915993
1/24/2018,3.192762306
1/25/2018,3.148464576
1/26/2018,3.148037954
1/29/2018,3.167380241
1/30/2018,3.162386281
1/31/2018,3.160311471
2/1/2018,3.169435749
2/2/2018,3.201488953
2/5/2018,3.229421222
2/6/2018,3.275285911
2/7/2018,3.247690063
2/8/2018,3.267548155
2/9/2018,3.279067873
2/12/2018,3.295686211
2/13/2018,3.295386362
2/14/2018,3.281908001
2/15/2018,3.22212439
2/16/2018,3.234435173
2/19/2018,3.233360193
2/20/2018,3.250729335
2/21/2018,3.255360624
2/22/2018,3.270527859
2/23/2018,3.242133507
2/26/2018,3.235146104
2/27/2018,3.238029429
2/28/2018,3.243409203
3/1/2018,3.265138444
3/2/2018,3.256660169
3/5/2018,3.257983262
3/6/2018,3.217065506
3/7/2018,3.228960296
3/8/2018,3.24136543
3/9/2018,3.262549833
3/12/2018,3.258575841
3/13/2018,3.243011795
3/14/2018,3.253617916
3/15/2018,3.288145207
3/16/2018,3.289488659
3/19/2018,3.29571858
3/20/2018,3.291788856
3/21/2018,3.300667426
3/22/2018,3.301883728
3/23/2018,3.298720233
3/26/2018,3.298042059
3/27/2018,3.316984486
3/28/2018,3.328278755
3/29/2018,3.322619917
4/3/2018,3.310204745
4/4/2018,3.365591398
4/5/2018,3.299510604
4/6/2018,3.36038908
4/9/2018,3.372074122
4/10/2018,3.402637327
4/11/2018,3.418362403
4/12/2018,3.366225757
4/13/2018,3.408216286
4/16/2018,3.41956346
4/17/2018,3.411669499
4/18/2018,3.394171779
4/19/2018,3.385963495
4/20/2018,3.403363393
4/23/2018,3.430380781
4/24/2018,3.445918284
4/25/2018,3.504718917
4/26/2018,3.478139382
4/27/2018,3.47903894
4/30/2018,3.471479427
5/2/2018,3.522361956
5/3/2018,3.532938626
5/4/2018,3.546328014
5/7/2018,3.542429844
5/8/2018,3.557961247
5/9/2018,3.573617308
5/10/2018,3.575012628
5/11/2018,3.560080442
5/14/2018,3.580830831
5/15/2018,3.655558361
5/16/2018,3.673964698
5/17/2018,3.666751377
5/18/2018,3.720482132
5/21/2018,3.717492984
5/22/2018,3.660335764
5/23/2018,3.676118893
5/24/2018,3.648874488
5/25/2018,3.644882227
5/28/2018,3.688852628
5/29/2018,3.756272712
5/30/2018,3.706327373
5/31/2018,3.72903667
6/1/2018,3.743337047
6/4/2018,3.739712022
6/5/2018,3.762398287
6/6/2018,3.818444539
6/7/2018,3.87563366
6/8/2018,3.841160456
6/11/2018,3.723664122
6/12/2018,3.699355277
6/13/2018,3.705117307
6/14/2018,3.692412617
6/15/2018,3.773801311
6/18/2018,3.743391027
6/19/2018,3.774579504
6/20/2018,3.737519433
6/21/2018,3.775957705
6/22/2018,3.744591346
6/25/2018,3.764273504
6/26/2018,3.774074709
6/27/2018,3.800964187
6/28/2018,3.869636536
6/29/2018,3.849373821
7/2/2018,3.885814933
7/3/2018,3.894470639
7/4/2018,3.895035217
7/5/2018,3.887693227
7/6/2018,3.94737291
7/9/2018,3.86495886
7/10/2018,3.885682575
7/11/2018,3.828121006
7/12/2018,3.864213416
7/13/2018,3.897019668
7/16/2018,3.847269625
7/17/2018,3.867856838
7/18/2018,3.858754629
7/19/2018,3.872454263
7/20/2018,3.801542416
7/23/2018,3.783031751
7/24/2018,3.774474628
7/25/2018,3.724465355
7/26/2018,3.714834414
7/27/2018,3.739526882
7/30/2018,3.708832592
7/31/2018,3.733640082
8/1/2018,3.764363885
8/2/2018,3.779461135
8/3/2018,3.744735934
8/6/2018,3.706835311
8/7/2018,3.710653336
8/8/2018,3.756406938
8/9/2018,3.790131976
8/10/2018,3.832402235
8/13/2018,3.907217399
8/14/2018,3.870243731
8/15/2018,3.909901952
8/16/2018,3.889885664
8/17/2018,3.950575015
8/20/2018,3.924518389
8/21/2018,3.96652756
8/22/2018,4.038567493
8/23/2018,4.056999741
8/24/2018,4.08828098
8/27/2018,4.092323562
8/28/2018,4.091289496
8/29/2018,4.155317324
8/30/2018,4.124273007
8/31/2018,4.170543301
9/3/2018,4.122577311
9/4/2018,4.182494378
9/5/2018,4.175790019
9/6/2018,4.118789754
9/7/2018,4.059405941
9/10/2018,4.073545934
9/11/2018,4.148176948
9/12/2018,4.131117825
9/13/2018,4.149225473
9/14/2018,4.185216871
9/17/2018,4.193470996
9/18/2018,4.144737967
9/19/2018,4.164052456
9/20/2018,4.111649248
9/21/2018,4.075176461
9/24/2018,4.062006286
9/25/2018,4.120913645
9/26/2018,4.088353071
9/27/2018,4.039463569
9/28/2018,4.019955079
10/1/2018,4.038342237
10/2/2018,3.985272459
10/3/2018,3.874004157
10/4/2018,3.92244827
10/5/2018,3.842864592
10/8/2018,3.754399721
10/9/2018,3.770179274
10/10/2018,3.729826087
10/11/2018,3.738228942
10/12/2018,3.782961811
10/15/2018,3.755979622
10/16/2018,3.712522655
10/17/2018,3.737207285
10/18/2018,3.689960887
10/19/2018,3.693286835
10/22/2018,3.705411519
10/23/2018,3.695068827
10/24/2018,3.705154096
10/25/2018,3.710318851
10/26/2018,3.713089467
10/29/2018,3.622792373
10/30/2018,3.718079493
10/31/2018,3.705866761
11/1/2018,3.69332046
11/2/2018,3.696680389
11/5/2018,3.716182938
11/6/2018,3.748074904
11/7/2018,3.748672412
11/8/2018,3.730917367
11/9/2018,3.749338974
11/12/2018,3.747625388
11/13/2018,3.772222716
11/14/2018,3.797893059
11/15/2018,3.783458647
11/16/2018,3.760444209
11/19/2018,3.754878796
11/20/2018,3.75790211
11/21/2018,3.791918661
11/22/2018,3.803209682
11/23/2018,3.80593728
11/26/2018,3.855319898
11/27/2018,3.885151836
11/28/2018,3.862017015
11/29/2018,3.852375516
11/30/2018,3.859758782
12/3/2018,3.826950229
12/4/2018,3.825225699
12/5/2018,3.848159239
12/6/2018,3.908906704
12/7/2018,3.900976167
12/10/2018,3.897067834
12/11/2018,3.903418578
12/12/2018,3.867530407
12/13/2018,3.876791839
12/14/2018,3.910412051
12/17/2018,3.911030773
12/18/2018,3.899622044
12/19/2018,3.90311267
12/20/2018,3.849096149
12/21/2018,3.863588575
12/24/2018,3.904014727
12/27/2018,3.936538631
12/28/2018,3.878732321
12/31/2018,3.881222707
1/2/2019,3.85452312
1/3/2019,3.772823405
1/4/2019,3.761203192
1/7/2019,3.694975972
1/8/2019,3.724125874
1/9/2019,3.68790921
1/10/2019,3.680190724
1/11/2019,3.715338594
1/14/2019,3.727130025
1/15/2019,3.708858543
1/16/2019,3.71156379
1/17/2019,3.762636013
1/18/2019,3.745044729
1/21/2019,3.771607111
1/22/2019,3.753919324
1/23/2019,3.804345914
1/24/2019,3.780001764
1/25/2019,3.766701921
1/28/2019,3.754773165
1/29/2019,3.741463842
1/30/2019,3.709160906
1/31/2019,3.659557799
2/1/2019,3.670996426
2/4/2019,3.682131935
2/5/2019,3.671714961
2/6/2019,3.687642619
2/7/2019,3.719524019
2/8/2019,3.710118103
2/11/2019,3.737731011
2/12/2019,3.719281161
2/13/2019,3.729588678
2/14/2019,3.789758608
2/15/2019,3.71687389
2/18/2019,3.726430085
2/19/2019,3.722241898
2/20/2019,3.704725798
2/21/2019,3.741060419
2/22/2019,3.743222958
2/25/2019,3.727168648
2/26/2019,3.747381392
2/27/2019,3.728262779
2/28/2019,3.739313245
3/1/2019,3.780813494
3/4/2019,3.774719944
3/5/2019,3.775531821
3/6/2019,3.775497567
3/7/2019,3.835861947
3/8/2019,3.885671003
3/11/2019,3.848719317
3/12/2019,3.817738359
3/13/2019,3.827302486
3/14/2019,3.836210713
3/15/2019,3.853555005
3/18/2019,3.817340735
3/19/2019,3.775136468
3/20/2019,3.788268452
3/21/2019,3.769561781
3/22/2019,3.871881083
3/25/2019,3.88803532
3/26/2019,3.858648481
3/27/2019,3.924429447
3/28/2019,3.975040114
3/29/2019,3.904316867
4/1/2019,3.877180491
4/2/2019,3.860446429
4/3/2019,3.836164725
4/4/2019,3.863089402
4/5/2019,3.851686994
4/8/2019,3.87319936
4/9/2019,3.854837279
4/10/2019,3.839081479
4/11/2019,3.837091619
4/12/2019,3.876336013
4/15/2019,3.88800495
4/16/2019,3.885183547
4/17/2019,3.897531192
4/18/2019,3.929422222
4/23/2019,3.930724767
4/24/2019,3.923989651
4/25/2019,3.995594714
4/26/2019,3.964250427
4/29/2019,3.93264574
4/30/2019,3.926724906
5/2/2019,3.932839814
5/3/2019,3.961810847
5/6/2019,3.970711671
5/7/2019,3.968082253
5/8/2019,3.954026067
5/9/2019,3.963906013
5/10/2019,3.954140695
5/13/2019,3.999288573
5/14/2019,3.985658293
5/15/2019,3.993472235
5/16/2019,3.997500669
5/17/2019,4.053526674
5/20/2019,4.089370467
5/21/2019,4.093540005
5/22/2019,4.042878883
5/23/2019,4.056647814
5/24/2019,4.044605345
5/27/2019,4.010091088
5/28/2019,4.047980701
5/29/2019,4.02850484
5/30/2019,3.981228669
5/31/2019,3.987265716
6/3/2019,3.92016093
6/4/2019,3.881003202
6/5/2019,3.857777383
6/6/2019,3.875288479
6/7/2019,3.87820456
6/10/2019,3.882576763
6/11/2019,3.877473498
6/12/2019,3.855956902
6/13/2019,3.847019222
6/14/2019,3.854682645
6/17/2019,3.898522343
6/18/2019,3.871726111
6/19/2019,3.865798162
6/20/2019,3.838949323
6/21/2019,3.831477554
6/24/2019,3.823503598
6/25/2019,3.834650509
6/26/2019,3.839464883
6/27/2019,3.858223395
6/28/2019,3.823462214
7/1/2019,3.827209446
7/2/2019,3.838686842
7/3/2019,3.864340742
7/4/2019,3.818036853
7/5/2019,3.809502664
7/8/2019,3.81203745
7/9/2019,3.806336457
7/10/2019,3.795454545
7/11/2019,3.736730173
7/12/2019,3.75642051
7/15/2019,3.735912681
7/16/2019,3.761026464
7/17/2019,3.761301828
7/18/2019,3.759272468
7/19/2019,3.731427044
7/22/2019,3.743468569
7/23/2019,3.748142844
7/24/2019,3.765529623
7/25/2019,3.758074674
7/26/2019,3.775632968
7/29/2019,3.786671463
7/30/2019,3.786713287
7/31/2019,3.782620393
8/1/2019,3.825586663
8/2/2019,3.86799928
8/5/2019,3.917456627
8/6/2019,3.941986234
8/7/2019,3.966970184
8/8/2019,3.956311981
8/9/2019,3.928737275
8/12/2019,3.989637306
8/13/2019,3.989752272
8/14/2019,3.995530926
8/15/2019,4.024035874
8/16/2019,3.979324666
8/19/2019,3.994866252
8/20/2019,4.059136873
8/21/2019,4.018461816
8/22/2019,4.034737887
8/23/2019,4.087121554
8/26/2019,4.111281036
8/27/2019,4.155619597
8/28/2019,4.141568167
8/29/2019,4.146315029
8/30/2019,4.157212758
9/2/2019,4.148249453
9/3/2019,4.177013806
9/4/2019,4.138954438
9/5/2019,4.072707542
9/6/2019,4.094041897
9/9/2019,4.057282697
9/10/2019,4.097282609
9/11/2019,4.064436972
9/12/2019,4.050168749
9/13/2019,4.052271089
9/16/2019,4.091922763
9/17/2019,4.100036278
9/18/2019,4.075364155
9/19/2019,4.132827324
9/20/2019,4.166455122
9/23/2019,4.157032317
9/24/2019,4.15877488
9/25/2019,4.187488618
9/26/2019,4.124428598
9/27/2019,4.160219479
9/30/2019,4.159059601
10/1/2019,4.164433841
10/2/2019,4.166224256
10/3/2019,4.117797461
10/4/2019,4.073777211
10/7/2019,4.067042664
10/8/2019,4.102767158
10/9/2019,4.078226027
10/10/2019,4.096645512
10/11/2019,4.10133116
10/14/2019,4.115220742
10/15/2019,4.130734987
10/16/2019,4.174512472
10/17/2019,4.159992801
10/18/2019,4.160355348
10/21/2019,4.122348519
10/22/2019,4.123989218
10/23/2019,4.086936977
10/24/2019,4.035585909
10/25/2019,4.027370127
10/28/2019,3.982862812
10/29/2019,3.992789545
10/30/2019,4.016837745
10/31/2019,3.990855299
11/1/2019,3.989316815
11/4/2019,4.001075462
11/5/2019,4.019713746
11/6/2019,3.989359784
11/7/2019,4.08395775
11/8/2019,4.131140112
11/11/2019,4.161670139
11/12/2019,4.164139809
11/13/2019,4.181083046
11/14/2019,4.176411749
11/15/2019,4.195758564
11/18/2019,4.176927945
11/19/2019,4.194727814
11/20/2019,4.196491545
11/21/2019,4.188350915
11/22/2019,4.188189546
11/25/2019,4.205577762
11/26/2019,4.257259528
11/27/2019,4.245889727
11/28/2019,4.251976374
11/29/2019,4.230468039
12/2/2019,4.232423115
12/3/2019,4.20422726
12/4/2019,4.198267304
12/5/2019,4.217955652
12/6/2019,4.182621237
12/9/2019,4.144740406
12/10/2019,4.14290873
12/11/2019,4.116478555
12/12/2019,4.111340576
12/13/2019,4.086629676
12/16/2019,4.081374484
12/17/2019,4.068177746
12/18/2019,4.057309942
12/19/2019,4.062516866
12/20/2019,4.070920068
12/23/2019,4.083069977
12/24/2019,4.083574007
12/27/2019,4.048865776
12/30/2019,4.033246939
12/31/2019,4.019672423
1/2/2020,4.008755472
1/3/2020,4.061272091
1/6/2020,4.061193497
1/7/2020,4.08387039
1/8/2020,4.056860099
1/9/2020,4.067866787
1/10/2020,4.074294473
1/13/2020,4.119360058
1/14/2020,4.143589744
1/15/2020,4.15993538
1/16/2020,4.165010296
1/17/2020,4.176269355
1/20/2020,4.182228236
1/21/2020,4.198020693
1/22/2020,4.192460317
1/23/2020,4.170318276
1/24/2020,4.176166742
1/27/2020,4.214693878
1/28/2020,4.197728305
1/29/2020,4.189528225
1/30/2020,4.246622541
1/31/2020,4.266829533
2/3/2020,4.262606181
2/4/2020,4.22737147
2/5/2020,4.228794339
2/6/2020,4.230937017
2/7/2020,4.291913575
2/10/2020,4.311021824
2/11/2020,4.311072379
2/12/2020,4.33260033
2/13/2020,4.341768657
2/14/2020,4.328260469
2/17/2020,4.313705584
2/18/2020,4.346246302
2/19/2020,4.368888889
2/20/2020,4.387488415
2/21/2020,4.402370151
2/24/2020,4.388426696
2/25/2020,4.388284133
2/26/2020,4.389977011
2/27/2020,4.466891645
2/28/2020,4.48501412
3/2/2020,4.490019781
3/3/2020,4.500494738
3/4/2020,4.507505618
3/5/2020,4.601769912
3/6/2020,4.653140438
3/9/2020,4.750174581
3/10/2020,4.674539069
3/11/2020,4.664255469
3/12/2020,4.90044484
3/13/2020,4.686779539
3/16/2020,4.963789549
3/17/2020,5.033691495
3/18/2020,5.133802817
3/19/2020,5.188130729
3/20/2020,5.037545531
3/23/2020,5.068348326
3/24/2020,5.083095084
3/25/2020,5.074074074
3/26/2020,4.990984428
3/27/2020,5.092921563
3/30/2020,5.121533442
3/31/2020,5.202719971
4/1/2020,5.244056328
4/2/2020,5.228589767
4/3/2020,5.275197033
4/6/2020,5.287369104
4/7/2020,5.206982085
4/8/2020,5.219483028
4/9/2020,5.149167203
4/14/2020,5.161452157
4/15/2020,5.238558195
4/16/2020,5.234202792
4/17/2020,5.230018416
4/20/2020,5.291252302
4/21/2020,5.316877365
4/22/2020,5.324928683
4/23/2020,5.446156703
4/24/2020,5.567407407
4/27/2020,5.559159602
4/28/2020,5.608531764
4/29/2020,5.471130788
4/30/2020,5.384792203
5/4/2020,5.554834582
5/5/2020,5.494420363
5/6/2020,5.63486629
5/7/2020,5.774923491
5/8/2020,5.817024809
5/11/2020,5.791851441
5/12/2020,5.775280899
5/13/2020,5.848827586
5/14/2020,5.923369162
5/15/2020,5.850342656
5/18/2020,5.788497046
5/19/2020,5.694703196
5/20/2020,5.717831721
5/21/2020,5.684727273
5/22/2020,5.581162876
5/25/2020,5.521814849
5/26/2020,5.386241458
5/27/2020,5.338822673
5/28/2020,5.310003631
5/29/2020,5.356860632
6/1/2020,5.332493703
6/2/2020,5.324771792
6/3/2020,5.180721815
6/4/2020,5.065688889
6/5/2020,5.059929391
6/8/2020,4.935932654
6/9/2020,4.864884009
6/10/2020,4.85389011
6/11/2020,4.976295382
6/12/2020,5.076786978
6/15/2020,5.158535502
6/16/2020,5.097895295
6/17/2020,5.210202991
6/18/2020,5.323293531
6/19/2020,5.354950937
6/22/2020,5.28386694
6/23/2020,5.213465277
6/24/2020,5.179255319
6/25/2020,5.358214286
6/26/2020,5.403995363
6/29/2020,5.415189649
6/30/2020,5.457938918
7/1/2020,5.442857143
7/2/2020,5.300637959
7/3/2020,5.356111903
7/6/2020,5.275496689
7/7/2020,5.376527901
7/8/2020,5.355218855
7/9/2020,5.335919591
7/10/2020,5.382316424
7/13/2020,5.339747551
7/14/2020,5.356043956
7/15/2020,5.322527088
7/16/2020,5.357806203
7/17/2020,5.323678684
7/20/2020,5.37037037
7/21/2020,5.279734335
7/22/2020,5.175332527
7/23/2020,5.145129225
7/24/2020,5.235785665
7/27/2020,5.180187075
7/28/2020,5.176239652
7/29/2020,5.129978678
7/30/2020,5.210678702
7/31/2020,5.167032411
8/3/2020,5.234095173
8/4/2020,5.333021674
8/5/2020,5.256537878
8/6/2020,5.348307017
8/7/2020,5.354489295
8/10/2020,5.415030179
8/11/2020,5.43732496
8/12/2020,5.418571064
8/13/2020,5.388827854
8/14/2020,5.396596969
8/17/2020,5.413481819
8/18/2020,5.440786158
8/19/2020,5.456716668
8/20/2020,5.607932489
8/21/2020,5.60013595
8/24/2020,5.566050477
8/25/2020,5.574741832
8/26/2020,5.54050386
8/27/2020,5.591224801
8/28/2020,5.506336551
8/31/2020,5.422026801
9/1/2020,5.433052474
9/2/2020,5.413118624
9/3/2020,5.369000254
9/4/2020,5.30104712
9/7/2020,5.299729364
9/8/2020,5.382011031
9/9/2020,5.332965259
9/10/2020,5.31006836
9/11/2020,5.277627805
9/14/2020,5.313994611
9/15/2020,5.236461487
9/16/2020,5.241469374
9/17/2020,5.265491227
9/18/2020,5.254457872
9/21/2020,5.451938576
9/22/2020,5.423935264
9/23/2020,5.516421485
9/24/2020,5.576212967
9/25/2020,5.549252192
9/28/2020,5.531448158
9/29/2020,5.641941548
9/30/2020,5.663477964
10/1/2020,5.600833901
10/2/2020,5.629923274
10/5/2020,5.656696125
10/6/2020,5.541585418
10/7/2020,5.56057774
10/8/2020,5.59558011
10/9/2020,5.578295888
10/12/2020,5.531655225
10/13/2020,5.547552388
10/14/2020,5.568170213
10/15/2020,5.637031971
10/16/2020,5.625926241
10/19/2020,5.612134069
10/20/2020,5.603895004
10/21/2020,5.578636517
10/22/2020,5.616191524
10/23/2020,5.571187584
10/26/2020,5.644639986
10/27/2020,5.638184584
10/28/2020,5.729598363
10/29/2020,5.782638414
10/30/2020,5.779363994
11/2/2020,5.742876759
11/3/2020,5.703469492
11/4/2020,5.695759747
11/5/2020,5.55934205
11/6/2020,5.566301601
11/9/2020,5.255154422
11/10/2020,5.383045393
11/11/2020,5.425378208
11/12/2020,5.397167331
11/13/2020,5.459839187
11/16/2020,5.404057481
11/17/2020,5.417858946
11/18/2020,5.30620155
11/19/2020,5.355899256
11/20/2020,5.3398803
11/23/2020,5.36047391
11/24/2020,5.389211968
11/25/2020,5.353238015
11/26/2020,5.335630252
11/27/2020,5.369988257
11/30/2020,5.302086811
12/1/2020,5.311915107
12/2/2020,5.218133599
12/3/2020,5.187803473
12/4/2020,5.161526441
12/7/2020,5.122361478
12/8/2020,5.11028562
12/9/2020,5.119580477
12/10/2020,5.085101114
12/11/2020,5.067040488
12/14/2020,5.035109357
12/15/2020,5.089209226
12/16/2020,5.111658052
12/17/2020,5.073983341
12/18/2020,5.111999347
12/21/2020,5.187217613
12/22/2020,5.134569818
12/23/2020,5.167433832
12/24/2020,5.216763717
12/28/2020,5.192159751
12/29/2020,5.197569133
12/30/2020,5.176614282
12/31/2020,5.193953223
1/4/2021,5.143217306
1/5/2021,5.339173661
1/6/2021,5.277921867
1/7/2021,5.308895406
1/8/2021,5.367183673
1/11/2021,5.472498561
1/12/2021,5.475865472
1/13/2021,5.331990794
1/14/2021,5.269548004
1/15/2021,5.254227501
1/18/2021,5.297579576
1/19/2021,5.262776129
1/20/2021,5.321047847
1/21/2021,5.270027965
1/22/2021,5.409195591
1/25/2021,5.466919026
1/26/2021,5.420077411
1/27/2021,5.362968466
1/28/2021,5.446778596
1/29/2021,5.485168095
2/1/2021,5.442320424
2/2/2021,5.38890734
2/3/2021,5.34709162
2/4/2021,5.358869623
2/5/2021,5.44504715
2/8/2021,5.401663202
2/9/2021,5.413912756
2/10/2021,5.412797889
2/11/2021,5.345846711
2/12/2021,5.39329369
2/15/2021,5.370104708
2/16/2021,5.370089764
2/17/2021,5.370729685
2/18/2021,5.399867594
2/19/2021,5.406788039
2/22/2021,5.509189813
2/23/2021,5.440335996
2/24/2021,5.404412975
2/25/2021,5.453006135
2/26/2021,5.498226219
3/1/2021,5.579025969
3/2/2021,5.68565015
3/3/2021,5.712732404
3/4/2021,5.606531494
3/5/2021,5.69433741
3/8/2021,5.749873588
3/9/2021,5.847738355
3/10/2021,5.785990582
3/11/2021,5.60105272
3/12/2021,5.566161066
3/15/2021,5.612080537
3/16/2021,5.594667114
3/17/2021,5.652053414
3/18/2021,5.559519812
3/19/2021,5.526028088
3/22/2021,5.527167533
3/23/2021,5.517293613
3/24/2021,5.518646934
3/25/2021,5.673614642
3/26/2021,5.695976914
3/29/2021,5.767481331
3/30/2021,5.764841155
3/31/2021,5.749168443
4/1/2021,5.631619275
4/6/2021,5.642058923
4/7/2021,5.590710199
4/8/2021,5.604733429
4/9/2021,5.605736878
4/12/2021,5.667002688
4/13/2021,5.734364492
4/14/2021,5.699515212
4/15/2021,5.650041771
4/16/2021,5.623227098
4/19/2021,5.571749065
4/20/2021,5.569413327
4/21/2021,5.569167985
4/22/2021,5.524323427
4/23/2021,5.434443892
4/26/2021,5.452627224
4/27/2021,5.437045003
4/28/2021,5.436619718
4/29/2021,5.357737654
4/30/2021,5.346548585
5/3/2021,5.438973763
5/4/2021,5.472506447
5/5/2021,5.428904623
5/6/2021,5.365422886
5/7/2021,5.290737209
5/10/2021,5.246774591
5/11/2021,5.223993426
5/12/2021,5.239313418
5/13/2021,5.299809618
5/14/2021,5.274437021
5/17/2021,5.300584699
5/18/2021,5.243413517
5/19/2021,5.283327874
5/20/2021,5.291075965
5/21/2021,5.302592714
5/24/2021,5.347117589
5/25/2021,5.297619048
5/26/2021,5.315724916
5/27/2021,5.30275455
5/28/2021,5.258112337
5/31/2021,5.234652897
6/1/2021,5.202126789
6/2/2021,5.16092237
6/3/2021,5.078690408
6/4/2021,5.106379467
6/7/2021,5.047607301
6/8/2021,5.032014448
6/9/2021,5.030340303
6/10/2021,5.046163956
6/11/2021,5.078762887
6/14/2021,5.106175694
6/15/2021,5.07053188
6/16/2021,5.036539096
6/17/2021,5.050347659
6/18/2021,5.007144058
6/21/2021,5.061979648
6/22/2021,5.017824113
6/23/2021,4.953811397
6/24/2021,4.946464477
6/25/2021,4.906694561
6/28/2021,4.967170445
6/29/2021,4.948351279
6/30/2021,4.968865702
7/1/2021,4.96087176
7/2/2021,5.025881756
7/5/2021,5.06227878
7/6/2021,5.093090049
7/7/2021,5.174879554
7/8/2021,5.276482514
7/9/2021,5.259655928
7/12/2021,5.267127911
7/13/2021,5.176967241
7/14/2021,5.129613952
7/15/2021,5.087221611
7/16/2021,5.096254872
7/19/2021,5.168536461
7/20/2021,5.234225053
7/21/2021,5.243968739
7/22/2021,5.182929936
7/23/2021,5.184753973
7/26/2021,5.221515229
7/27/2021,5.189500423
7/28/2021,5.160582705
7/29/2021,5.088772846
7/30/2021,5.10604659
8/2/2021,5.170705031
8/3/2021,5.199074464
8/4/2021,5.194334373
8/5/2021,5.153080169
8/6/2021,5.216735835
8/9/2021,5.249128475
8/10/2021,5.244070978
8/11/2021,5.21530978
8/12/2021,5.218757986
8/13/2021,5.23680408
8/16/2021,5.278882093
8/17/2021,5.274496473
8/18/2021,5.281327305
8/19/2021,5.443057456
8/20/2021,5.451289521
8/23/2021,5.361495136
8/24/2021,5.339097104
8/25/2021,5.257924335
8/26/2021,5.226990737
8/27/2021,5.245472324
8/30/2021,5.21388018
8/31/2021,5.187257056
9/1/2021,5.152407548
9/2/2021,5.185632281
9/3/2021,5.161640836
9/6/2021,5.195380984
9/7/2021,5.170573356
9/8/2021,5.21839858
9/9/2021,5.293968576
9/10/2021,5.188413141
9/13/2021,5.226061121
9/14/2021,5.230066023
9/15/2021,5.241796346
9/16/2021,5.237694466
9/17/2021,5.266468591
9/20/2021,5.33643583
9/21/2021,5.323138524
9/22/2021,5.255008952
9/23/2021,5.274263764
9/24/2021,5.318883864
9/27/2021,5.316036929
9/28/2021,5.405206371
9/29/2021,5.424575253
9/30/2021,5.409016323
10/1/2021,5.415172414
10/4/2021,5.378050877
10/5/2021,5.439234615
10/6/2021,5.50892393
10/7/2021,5.481750562
10/8/2021,5.500734722
10/11/2021,5.505356834
10/12/2021,5.536737343
10/13/2021,5.519287321
10/14/2021,5.475607654
10/15/2021,5.484830202
10/18/2021,5.485263702
10/19/2021,5.56036036
10/20/2021,5.577733804
10/21/2021,5.662284094
10/22/2021,5.701117799
10/25/2021,5.636904249
10/26/2021,5.562058874
10/27/2021,5.553068779
10/28/2021,5.589407401
10/29/2021,5.64173465
11/1/2021,5.650889618
11/2/2021,5.680168922
11/3/2021,5.671359475
11/4/2021,5.604028006
11/5/2021,5.572792777
11/8/2021,5.585024614
11/9/2021,5.514986611
11/10/2021,5.447741824
11/11/2021,5.443542757
11/12/2021,5.407232704
11/15/2021,5.457707095
11/16/2021,5.439655172
11/17/2021,5.481442206
11/18/2021,5.538915822
11/19/2021,5.561174696
11/22/2021,5.589909558
11/23/2021,5.621991296
11/24/2021,5.595663038
11/25/2021,5.581662657
11/26/2021,5.604995129
11/29/2021,5.603405463
11/30/2021,5.611370237
12/1/2021,5.612338695
12/2/2021,5.638504277
12/3/2021,5.640510141
12/6/2021,5.684415699
12/7/2021,5.626066098
12/8/2021,5.606690858
12/9/2021,5.544867828
12/10/2021,5.58174399
12/13/2021,5.602943784
12/14/2021,5.634715713
12/15/2021,5.714260345
12/16/2021,5.679075512
12/17/2021,5.705913504
12/20/2021,5.696708951
12/21/2021,5.716954405
12/22/2021,5.717724095
12/23/2021,5.660035367
12/24/2021,5.675444022
12/27/2021,5.671587694
12/28/2021,5.646544877
12/29/2021,5.646642484
12/30/2021,5.623257455
12/31/2021,5.571340279
1/3/2022,5.59568472
1/4/2022,5.689688802
1/5/2022,5.667108402
1/6/2022,5.693327441
1/7/2022,5.695078775
1/10/2022,5.651970313
1/11/2022,5.636026817
1/12/2022,5.58117854
1/13/2022,5.541132339
1/14/2022,5.535162051
1/17/2022,5.508024204
1/18/2022,5.524500748
1/19/2022,5.522873513
1/20/2022,5.434909155
1/21/2022,5.46906944
1/24/2022,5.476026185
1/25/2022,5.506656017
1/26/2022,5.416688836
1/27/2022,5.390591398
1/28/2022,5.400161609
1/31/2022,5.380960918
2/1/2022,5.290586146
2/2/2022,5.270423033
2/3/2022,5.302410066
2/4/2022,5.306175855
2/7/2022,5.288809295
2/8/2022,5.277787518
2/9/2022,5.264363795
2/10/2022,5.216190226
2/11/2022,5.190768153
2/14/2022,5.210763521
2/15/2022,5.198501543
2/16/2022,5.167516708
2/17/2022,5.14467898
2/18/2022,5.146644354
2/21/2022,5.119509614
2/22/2022,5.085258332
2/23/2022,5.007757405
2/24/2022,5.094866971
2/25/2022,5.115905849
2/28/2022,5.163675328
3/1/2022,5.160186347
3/2/2022,5.16054385
3/3/2022,5.059678584
3/4/2022,5.061121786
3/7/2022,5.054153281
3/8/2022,5.081344106
3/9/2022,5.021468207
3/10/2022,5.048538434
3/11/2022,5.01155596
3/14/2022,5.044343066
3/15/2022,5.130106451
3/16/2022,5.141258868
3/17/2022,5.098090671
3/18/2022,5.067587209
3/21/2022,4.984598659
3/22/2022,4.907928157
3/23/2022,4.906964042
3/24/2022,4.833029696
3/25/2022,4.784039266
3/28/2022,4.754057997
3/29/2022,4.730175913
3/30/2022,4.746359878
3/31/2022,4.775155391
4/1/2022,4.72204126
4/4/2022,4.648977737
4/5/2022,4.593308415
4/6/2022,4.668680765
4/7/2022,4.714181019
4/8/2022,4.74937851
4/11/2022,4.729357798
4/12/2022,4.690544149
4/13/2022,4.659985221
4/14/2022,4.709137709
4/19/2022,4.652503934
4/20/2022,4.661218837
4/21/2022,4.622393681
4/22/2022,4.707959693
4/25/2022,4.834636144
4/26/2022,4.91755668
4/27/2022,5.012283851
4/28/2022,5.003814974
4/29/2022,4.896394687
5/2/2022,4.986697073
5/3/2022,5.034388026
5/4/2022,4.975785775
5/5/2022,4.938682816
5/6/2022,5.031504257
5/9/2022,5.144521261
5/10/2022,5.138525677
5/11/2022,5.103667204
5/12/2022,5.20378555
5/13/2022,5.123158402
5/16/2022,5.068029169
5/17/2022,4.992031117
5/18/2022,4.939085812
5/19/2022,4.949548694
5/20/2022,4.915287889
5/23/2022,4.843137255
5/24/2022,4.831436567
5/25/2022,4.855105105
5/26/2022,4.836963635
5/27/2022,4.752751352
5/30/2022,4.703548867
5/31/2022,4.75730421
6/1/2022,4.727968633
6/2/2022,4.801253273
6/3/2022,4.812954334
6/6/2022,4.753496178
6/7/2022,4.807353217
6/8/2022,4.883788062
6/9/2022,4.887461603
6/10/2022,4.889204008
6/13/2022,5.048780488
6/14/2022,5.102277076
6/15/2022,5.096730898
6/16/2022,5.05375
6/17/2022,5.132939157
6/20/2022,5.145668917
6/21/2022,5.158293839
6/22/2022,5.165763711
6/23/2022,5.195368341
6/24/2022,5.211991638
6/27/2022,5.2446084
6/28/2022,5.237004072
6/29/2022,5.245126937
6/30/2022,5.220852989
7/1/2022,5.287002398
7/4/2022,5.324055476
7/5/2022,5.358697765
7/6/2022,5.415741378
7/7/2022,5.40108055
7/8/2022,5.347338384
7/11/2022,5.315210933
7/12/2022,5.378311093
7/13/2022,5.417006059
7/14/2022,5.455872064
7/15/2022,5.411472313
7/18/2022,5.380021716
7/19/2022,5.412786725
7/20/2022,5.434552407
7/21/2022,5.468869497
7/22/2022,5.478017664
7/25/2022,5.468542399
7/26/2022,5.377024891
7/27/2022,5.322990544
7/28/2022,5.265757755
7/29/2022,5.171504217
8/1/2022,5.152252516
8/2/2022,5.200997653
8/3/2022,5.252795762
8/4/2022,5.266083882
8/5/2022,5.213329424
8/8/2022,5.135797627
8/9/2022,5.127809263
8/10/2022,5.121927429
8/11/2022,5.073224995
8/12/2022,5.153816237
8/15/2022,5.126826876
8/16/2022,5.116474188
8/17/2022,5.19854388
8/18/2022,5.141088623
8/19/2022,5.205291426
8/22/2022,5.174682532
8/23/2022,5.135892012
8/24/2022,5.094221864
8/25/2022,5.103209629
8/26/2022,5.103327671
8/29/2022,5.073402764
8/30/2022,5.011560694
8/31/2022,5.1482
9/1/2022,5.221811275
9/2/2022,5.218953267
9/5/2022,5.182157258
9/6/2022,5.167203868
9/7/2022,5.248457258
9/8/2022,5.199520432
9/9/2022,5.183301821
9/12/2022,5.114032496
9/13/2022,5.087371007
9/14/2022,5.187887888
9/15/2022,5.18785028
9/16/2022,5.252059474
9/19/2022,5.293893894
9/20/2022,5.221209694
9/21/2022,5.140722794
9/22/2022,5.127175233
9/23/2022,5.172852163
9/26/2022,5.339415302
9/27/2022,5.312629614
9/28/2022,5.408050183
9/29/2022,5.411188955
9/30/2022,5.3943373
10/3/2022,5.303154445
10/4/2022,5.114649682
10/5/2022,5.201714574
10/6/2022,5.191176471
10/7/2022,5.213330611
10/10/2022,5.190058781
10/11/2022,5.189344852
10/12/2022,5.293426746
10/13/2022,5.258650786
10/14/2022,5.266748997
10/17/2022,5.28770921
10/18/2022,5.266395526
10/19/2022,5.293004704
10/20/2022,5.237692386
10/21/2022,5.253545735
10/24/2022,5.223936656
10/25/2022,5.299056891
10/26/2022,5.282250823
10/27/2022,5.369034572
10/28/2022,5.353230831
10/31/2022,5.315109946
11/1/2022,5.161053584
11/2/2022,5.143722245
11/3/2022,5.153491233
11/4/2022,5.032617504
11/7/2022,5.073551486
11/8/2022,5.205082033
11/9/2022,5.174519374
11/10/2022,5.310427969
11/11/2022,5.34992239
11/14/2022,5.291694932
11/15/2022,5.332564398
11/16/2022,5.324433346
11/17/2022,5.478728559
11/18/2022,5.351147984
11/21/2022,5.309486629
11/22/2022,5.312244501
11/23/2022,5.389830508
11/24/2022,5.330260252
11/25/2022,5.347084337
11/28/2022,5.386026952
11/29/2022,5.31796257
11/30/2022,5.306765613
12/1/2022,5.214080735
12/2/2022,5.18665781
12/5/2022,5.241428167
12/6/2022,5.240871054
12/7/2022,5.225852408
12/8/2022,5.217225972
12/9/2022,5.252107207
12/12/2022,5.260367355
12/13/2022,5.29009009
12/14/2022,5.337778195
12/15/2022,5.295829018
12/16/2022,5.295508052
12/19/2022,5.31487073
12/20/2022,5.305594867
12/21/2022,5.162937194
12/22/2022,5.208878021
12/23/2022,5.162304651
12/27/2022,5.274378765
12/28/2022,5.273402256
12/29/2022,5.197765048
12/30/2022,5.286517907
1/2/2023,5.340073013
1/3/2023,5.37278331
1/4/2023,5.449382017
1/5/2023,5.382511084
1/6/2023,5.336571429
1/9/2023,5.280011219
1/10/2023,5.266343374
1/11/2023,5.195868614
1/12/2023,5.157445228
1/13/2023,5.133345663
1/16/2023,5.109137995
1/17/2023,5.128377755
1/18/2023,5.097518221
1/19/2023,5.208136847
1/20/2023,5.197764641
1/23/2023,5.185539509
1/24/2023,5.172591638
1/25/2023,5.119507262
1/26/2023,5.100688389
1/27/2023,5.071698113
1/30/2023,5.104466661
1/31/2023,5.111511123
2/1/2023,5.064622728
2/2/2023,4.992628322
2/3/2023,5.066654476
2/6/2023,5.161933927
2/7/2023,5.160373832
2/8/2023,5.183418724
2/9/2023,5.214464767
2/10/2023,5.261459308
2/13/2023,5.200823507
2/14/2023,5.16330514
2/15/2023,5.220560748
2/16/2023,5.242056075
2/17/2023,5.222305882
2/20/2023,5.167884579
2/21/2023,5.167854464
2/22/2023,5.167981962
2/23/2023,5.158722683
2/24/2023,5.168684957
2/27/2023,5.196892174
2/28/2023,5.205763255
3/1/2023,5.197959566
3/2/2023,5.209052334
3/3/2023,5.204710316
3/6/2023,5.199699418
3/7/2023,5.178059072
3/8/2023,5.169274538
3/9/2023,5.135683153
3/10/2023,5.199036463
3/13/2023,5.254623576
3/14/2023,5.228276055
3/15/2023,5.277467058
3/16/2023,5.285983955
3/17/2023,5.259531206
3/20/2023,5.242418587
3/21/2023,5.242297699
3/22/2023,5.255725545
3/23/2023,5.238992554
3/24/2023,5.332526757
3/27/2023,5.231783162
3/28/2023,5.172954524
3/29/2023,5.158845764
3/30/2023,5.101139078
3/31/2023,5.072
4/3/2023,5.040110396
4/4/2023,5.056508577
4/5/2023,5.07285192
4/6/2023,5.047732478
4/11/2023,5.050160477
4/12/2023,5.002288958
4/13/2023,4.91302769
4/14/2023,4.920864611
4/17/2023,4.904926692
4/18/2023,4.912413416
4/19/2023,5.016280984
4/20/2023,5.069809942
4/21/2023,5.04937147
4/24/2023,5.070714416
4/25/2023,5.056160406
4/26/2023,5.049279826
4/27/2023,5.029161384
4/28/2023,4.996994809
5/2/2023,5.00255358
5/3/2023,5.027709861
5/4/2023,4.984106917
5/5/2023,4.990012711
5/8/2023,4.948174323
5/9/2023,5.006204946
5/10/2023,4.976894977
5/11/2023,4.960475755
5/12/2023,4.94344473
5/15/2023,4.912743656
5/16/2023,4.902122967
5/17/2023,4.961492289
5/18/2023,4.958105984
5/19/2023,4.955033309
5/22/2023,4.995010164
5/23/2023,4.977177846
5/24/2023,4.951043115
5/25/2023,4.966930601
5/26/2023,5.011440796
5/29/2023,4.989267382
5/30/2023,5.003350707
5/31/2023,5.081718618
6/1/2023,5.051135832
6/2/2023,4.994146613
6/5/2023,4.954069224
6/6/2023,4.917906955
6/7/2023,4.908743118
6/8/2023,4.92372171
6/9/2023,4.913265306
6/12/2023,4.881467719
6/13/2023,4.861391643
6/14/2023,4.856045888
6/15/2023,4.828912099
6/16/2023,4.813970454
6/19/2023,4.814869072
6/20/2023,4.790633861
6/21/2023,4.785590039
6/22/2023,4.763859809
6/23/2023,4.799246601
6/26/2023,4.778988826
6/27/2023,4.776824034
6/28/2023,4.840007314
6/29/2023,4.846041324
6/30/2023,4.858089453
7/3/2023,4.778695293
7/4/2023,4.799724644
7/5/2023,4.865612648
7/6/2023,4.856041839
7/7/2023,4.916146216
7/10/2023,4.859985396
7/11/2023,4.884793885
7/12/2023,4.851841771
7/13/2023,4.806564121
7/14/2023,4.798770163
7/17/2023,4.804986643
7/18/2023,4.797956464
7/19/2023,4.811620032
7/20/2023,4.792801643
7/21/2023,4.804189517
7/24/2023,4.774783706
7/25/2023,4.721563659
7/26/2023,4.738312686
7/27/2023,4.73411236
7/28/2023,4.722615804
7/31/2023,4.720221355
8/1/2023,4.753691887
8/2/2023,4.784797451
8/3/2023,4.847786315
8/4/2023,4.908551069
8/7/2023,4.880644574
8/8/2023,4.931469298
8/9/2023,4.892778993
8/10/2023,4.889009892
8/11/2023,4.876045075
8/14/2023,4.918938701
8/15/2023,4.969339191
8/16/2023,4.972150971
8/17/2023,4.965779817
8/18/2023,4.976166375
8/21/2023,4.963329666
8/22/2023,4.950032148
8/23/2023,4.933456733
8/24/2023,4.876845018
8/25/2023,4.859733531
8/28/2023,4.869818653
8/29/2023,4.8840137
8/30/2023,4.857339702
8/31/2023,4.884247332
9/1/2023,4.933142752
9/4/2023,4.937320618
9/5/2023,4.956108471
9/6/2023,4.979246161
9/7/2023,4.97945845
9/8/2023,4.973654709
9/11/2023,4.961301753
9/12/2023,4.939792775
9/13/2023,4.950153731
9/14/2023,4.906989748
9/15/2023,4.865828486
9/18/2023,4.867767045
9/19/2023,4.845888173
9/20/2023,4.857222949
9/21/2023,4.898166432
9/22/2023,4.911712219
9/25/2023,4.938963604
9/26/2023,4.971334276
9/27/2023,5.003416856
9/28/2023,5.039851978
9/29/2023,5.00896734
10/2/2023,5.056980057
10/3/2023,5.09790811
10/4/2023,5.140040011
10/5/2023,5.165494965
10/6/2023,5.172204866
10/9/2023,5.164276897
10/10/2023,5.123039123
10/11/2023,5.04158808
10/12/2023,5.04793295
10/13/2023,5.069555302
10/16/2023,5.060732587
10/17/2023,5.043523512
10/18/2023,5.044486512
10/19/2023,5.069141883
10/20/2023,5.056179775
10/23/2023,5.050863452
10/24/2023,5.02003386
10/25/2023,4.998392587
10/26/2023,4.99943074
10/27/2023,4.975903614
10/30/2023,4.993116455
10/31/2023,5.061022695
11/1/2023,5.026383221
11/2/2023,4.954319482
11/3/2023,4.8984302
11/6/2023,4.896657667
11/7/2023,4.863091896
11/8/2023,4.88539031
11/9/2023,4.899261061
11/10/2023,4.921744828
11/13/2023,4.929615745
11/14/2023,4.89080567
11/15/2023,4.860967979
11/16/2023,4.857867085
11/17/2023,4.870033113
11/20/2023,4.883235725
11/21/2023,4.879415792
11/22/2023,4.894326826
11/23/2023,4.896055046
11/24/2023,4.885031147
11/27/2023,4.887407543
11/28/2023,4.894784912
11/29/2023,4.896222121
11/30/2023,4.938614948
12/1/2023,4.923034483
12/4/2023,4.892804564
12/5/2023,4.958491264
12/6/2023,4.916867693
12/7/2023,4.884783214
12/8/2023,4.911663728
12/11/2023,4.942734963
12/12/2023,4.93585709
12/13/2023,4.969778437
12/14/2023,4.885886986
12/15/2023,4.941074365
12/18/2023,4.940007327
12/19/2023,4.869093231
12/20/2023,4.869060673
12/21/2023,4.88828189
12/22/2023,4.864737367
12/27/2023,4.829100768
12/28/2023,4.835252834
12/29/2023,4.852307692
1/2/2024,4.888828039
1/3/2024,4.93259456
1/4/2024,4.908335616
1/5/2024,4.919329732
1/8/2024,4.897405445
1/9/2024,4.888025594
1/10/2024,4.888361045
1/11/2024,4.879038864
1/12/2024,4.87196125
1/15/2024,4.872818639
1/16/2024,4.887336887
1/17/2024,4.934540774
1/18/2024,4.924229885
1/19/2024,4.908974006
1/22/2024,4.934618916
1/23/2024,4.965139809
1/24/2024,4.913984411
1/25/2024,4.926466538
1/26/2024,4.909024009
1/29/2024,4.909359697
1/30/2024,4.950857459
1/31/2024,4.959767463
2/1/2024,4.954503421
2/2/2024,4.913259212
2/5/2024,4.996649916
2/6/2024,4.968816904
2/7/2024,4.959168523
2/8/2024,4.977319204
2/9/2024,4.97929818
2/12/2024,4.953680498
2/13/2024,4.953673677
2/14/2024,4.953701111
2/15/2024,4.970771665
2/16/2024,4.973161218
2/19/2024,4.958518931
2/20/2024,4.954730605
2/21/2024,4.926727727
2/22/2024,4.933511619
2/23/2024,4.968709618
2/26/2024,4.986269812
2/27/2024,4.969141489
2/28/2024,4.949759437
2/29/2024,4.992979863
3/1/2024,4.96217516
3/4/2024,4.952793657
3/5/2024,4.950963222
3/6/2024,4.942983263
3/7/2024,4.941257458
3/8/2024,4.965331138
3/11/2024,4.992586491
3/12/2024,4.98580066
3/13/2024,4.98272237
3/14/2024,4.964485126
3/15/2024,5.000091811
3/18/2024,4.992838781
3/19/2024,5.045697439
3/20/2024,5.017890077
3/21/2024,4.970202622
3/22/2024,4.998521667
3/25/2024,4.99021689
3/26/2024,4.980838323
3/27/2024,4.989737426
3/28/2024,4.997872537
4/2/2024,5.034328775
4/3/2024,5.071037745
4/4/2024,5.045245116
4/5/2024,5.039479753
4/8/2024,5.063845514
4/9/2024,5.014171344
4/10/2024,5.002762431
4/11/2024,5.076707988
4/12/2024,5.110965077
4/15/2024,5.119463213
4/16/2024,5.227695779
4/17/2024,5.268283512
4/18/2024,5.241408372
4/19/2024,5.272223787
4/22/2024,5.213224229
4/23/2024,5.175754169
4/24/2024,5.13344563
4/25/2024,5.135261194
4/26/2024,5.152884077
4/29/2024,5.103171642
4/30/2024,5.124836723
5/2/2024,5.143484764
5/3/2024,5.111317945
5/6/2024,5.074517446
5/7/2024,5.074215122
5/8/2024,5.090012101
5/9/2024,5.142471114
5/10/2024,5.133314779
5/13/2024,5.139972209
5/14/2024,5.133290107
5/15/2024,5.153895864
5/16/2024,5.125713234
5/17/2024,5.131409074
5/20/2024,5.118313231
5/21/2024,5.096741532
5/22/2024,5.138227147
5/23/2024,5.135894601
5/24/2024,5.140405904
5/27/2024,5.168126902
5/28/2024,5.159070024
5/29/2024,5.17168647
5/30/2024,5.203791031
5/31/2024,5.198857353
6/3/2024,5.253366538
6/4/2024,5.272342384
6/5/2024,5.266648271
6/6/2024,5.303543488
6/7/2024,5.244815562
6/10/2024,5.317962068
6/11/2024,5.355452004
6/12/2024,5.379656294
6/13/2024,5.402540801
6/14/2024,5.36412128
6/17/2024,5.399645258
6/18/2024,5.438637424
6/19/2024,5.440413062
6/20/2024,5.403582424
6/21/2024,5.436657934
6/24/2024,5.431314073
6/25/2024,5.41487773
6/26/2024,5.475161381
6/27/2024,5.505516081
6/28/2024,5.503503036
7/1/2024,5.585481619
7/2/2024,5.636965234
7/3/2024,5.652816509
7/4/2024,5.494907407
7/5/2024,5.489560237
7/8/2024,5.469773881
7/9/2024,5.462825966
7/10/2024,5.398152425
7/11/2024,5.416121603
7/12/2024,5.427364555
7/15/2024,5.44008435
7/16/2024,5.432672904
7/17/2024,5.44036949
7/18/2024,5.498719122
7/19/2024,5.537465565
7/22/2024,5.601212344
7/23/2024,5.579558011
7/24/2024,5.600940265
7/25/2024,5.68039812
7/26/2024,5.632596685
7/29/2024,5.654525284
7/30/2024,5.621119734
7/31/2024,5.621906169
8/1/2024,5.665029196
8/2/2024,5.774803876
8/5/2024,5.814244027
8/6/2024,5.682821805
8/7/2024,5.618018678
8/8/2024,5.63074108
8/9/2024,5.539708711
8/12/2024,5.49180778
8/13/2024,5.494556765
8/14/2024,5.447318268
8/15/2024,5.472890746
8/16/2024,5.46770966
8/19/2024,5.453763246
8/20/2024,5.447131
8/21/2024,5.473551637
8/22/2024,5.526537943
8/23/2024,5.566226059
8/26/2024,5.494221983
8/27/2024,5.481634116
8/28/2024,5.531888099
8/29/2024,5.581890332
8/30/2024,5.60611527
9/2/2024,5.622005244
9/3/2024,5.623561396
9/4/2024,5.658190045
9/5/2024,5.63044066
9/6/2024,5.571016842
9/9/2024,5.614416372
9/10/2024,5.57791678
9/11/2024,5.636602373
9/12/2024,5.656227306
9/13/2024,5.608428842
9/16/2024,5.552040266
9/17/2024,5.497441422
9/18/2024,5.478425027
9/19/2024,5.399784869
9/20/2024,5.424502955
9/23/2024,5.573882543
9/24/2024,5.512440492
9/25/2024,5.458638556
9/26/2024,5.412102196
9/27/2024,5.437175121
9/30/2024,5.404072883
10/1/2024,5.446238499
10/2/2024,5.416041911
10/3/2024,5.462813661
10/4/2024,5.49188503
10/7/2024,5.437989437
10/8/2024,5.511564378
10/9/2024,5.543761979
10/10/2024,5.585528723
10/11/2024,5.566465533
10/14/2024,5.629225836
10/15/2024,5.590112813
10/16/2024,5.637514912
10/17/2024,5.682771949
10/18/2024,5.653913524
10/21/2024,5.708375564
10/22/2024,5.695961556
10/23/2024,5.719606204
10/24/2024,5.692713638
10/25/2024,5.673903002
10/28/2024,5.689591422
10/29/2024,5.718674587
10/30/2024,5.78492834
10/31/2024,5.755835324
11/1/2024,5.770601746
11/4/2024,5.809244314
11/5/2024,5.784986694
11/6/2024,5.808976157
11/7/2024,5.654891052
11/8/2024,5.758819161
11/11/2024,5.809501455
11/12/2024,5.757841198
11/13/2024,5.741932449
11/14/2024,5.802905155
11/15/2024,5.79561561
11/18/2024,5.78373768
11/19/2024,5.78672717
11/20/2024,5.773054346
11/21/2024,5.821489645
11/22/2024,5.808970419
11/25/2024,5.806669843
11/26/2024,5.797852119
11/27/2024,5.820244991
11/28/2024,5.965756024
11/29/2024,6.093637569
12/2/2024,6.026744075
12/3/2024,6.071156773
12/4/2024,6.049561571
12/5/2024,5.99800759
12/6/2024,6.005670542
12/9/2024,6.042013626
12/10/2024,6.061650993
12/11/2024,6.037022937
12/12/2024,5.907444476
12/13/2024,6.035463016
12/16/2024,6.038959802
12/17/2024,6.152615033
12/18/2024,6.149390244
12/19/2024,6.285233285
12/20/2024,6.080173244
12/23/2024,6.149908592
12/24/2024,6.193746994
12/27/2024,6.189362722
12/30/2024,6.200689391
12/31/2024,6.184714602
1/2/2025,6.220327488
1/3/2025,6.16351102
1/6/2025,6.104834069
1/7/2025,6.07466564
1/8/2025,6.13212133
1/9/2025,6.112663755
1/10/2025,6.055609472
1/13/2025,6.090311826
1/14/2025,6.080917521
1/15/2025,6.056019417
1/16/2025,6.034267913
1/17/2025,6.070887551
1/20/2025,6.076773943
1/21/2025,6.052428309
1/22/2025,6.007660634
1/23/2025,5.95165321
1/24/2025,5.907754011
1/27/2025,5.923551757
1/28/2025,5.90490356
1/29/2025,5.847537514
1/30/2025,5.91137172
1/31/2025,5.838256519
2/3/2025,5.851567062
2/4/2025,5.818867925
2/5/2025,5.788428325
2/6/2025,5.803764479
2/7/2025,5.768237448
2/10/2025,5.777325581
2/11/2025,5.801821
2/12/2025,5.767791707
2/13/2025,5.782868142
2/14/2025,5.738404276
2/17/2025,5.705719469
2/18/2025,5.702689767
2/19/2025,5.728867165
2/20/2025,5.700086182
2/21/2025,5.70960344
2/24/2025,5.719185935
2/25/2025,5.795846432
2/26/2025,5.752741489
2/27/2025,5.805574115
2/28/2025,5.831524349
3/3/2025,5.885332059
3/4/2025,5.885384105
3/5/2025,5.885356275
3/6/2025,5.751018896
3/7/2025,5.76743115
3/10/2025,5.798709083
3/11/2025,5.836510264
3/12/2025,5.841172148
3/13/2025,5.820129271
3/14/2025,5.756543301
3/17/2025,5.708337155
3/18/2025,5.687030592
3/19/2025,5.683123796
3/20/2025,5.656050955
3/21/2025,5.718204489
3/24/2025,5.757021434
3/25/2025,5.732193995
3/26/2025,5.725806452
3/27/2025,5.763004172
3/28/2025,5.765675651
3/31/2025,5.779657883
4/1/2025,5.717371153
4/2/2025,5.666203832
4/3/2025,5.624132648
4/4/2025,5.734557294
4/7/2025,5.87352968
4/8/2025,5.864018265
4/9/2025,6.054775917
4/10/2025,5.855170547
4/11/2025,5.831041777
4/14/2025,5.844071372
4/15/2025,5.846608972
4/16/2025,5.871510348
4/17/2025,5.881161972
4/22/2025,5.796096201
4/23/2025,5.705387648
4/24/2025,5.6854782
4/25/2025,5.685128115
4/28/2025,5.695633034
4/29/2025,5.656027433
4/30/2025,5.613206718
5/2/2025,5.665520585
5/5/2025,5.643921361
5/6/2025,5.698719647
5/7/2025,5.70096831
5/8/2025,5.74621581
5/9/2025,5.65650551
5/12/2025,5.672789483
5/13/2025,5.665046796
5/14/2025,5.611467808
5/15/2025,5.628430934
5/16/2025,5.68608183
5/19/2025,5.669774463
5/20/2025,5.643981852
5/21/2025,5.669993817
5/22/2025,5.661420108
5/23/2025,5.727015308
5/26/2025,5.648888498
5/27/2025,5.664934836
5/28/2025,5.65361845
5/29/2025,5.685311586
5/30/2025,5.679954141
6/2/2025,5.693580874
6/3/2025,5.67697172
6/4/2025,5.622101195
6/5/2025,5.631182702
6/6/2025,5.581018316
6/9/2025,5.55687993
6/10/2025,5.560328988
6/11/2025,5.577888568
6/12/2025,5.536311885
6/13/2025,5.560024322
6/16/2025,5.532486608
6/17/2025,5.486687414
6/18/2025,5.480100799
6/19/2025,5.49154905
6/20/2025,5.483716891
6/23/2025,5.542276848
6/24/2025,5.480572069
6/25/2025,5.532850491
6/26/2025,5.555365541
6/27/2025,5.478383459
6/30/2025,5.493515358
7/1/2025,5.428873836
7/2/2025,5.474691621
7/3/2025,5.431335936
7/4/2025,5.416248831
7/7/2025,5.442274898
7/8/2025,5.464157706
7/9/2025,5.461959309
7/10/2025,5.610214365
7/11/2025,5.56543696
7/14/2025,5.561420017
7/15/2025,5.60025718
7/16/2025,5.563609722
7/17/2025,5.581138268
7/18/2025,5.553562232
7/21/2025,5.587468929
7/22/2025,5.572527566
7/23/2025,5.568650861
7/24/2025,5.522541681
7/25/2025,5.523456158
7/28/2025,5.57902866
7/29/2025,5.593514263
7/30/2025,5.587056476
7/31/2025,5.58264896
8/1/2025,5.623377762
8/4/2025,5.536013835
8/5/2025,5.52139269
8/6/2025,5.506290934
8/7/2025,5.461049558
8/8/2025,5.42814217
8/11/2025,5.446308725
8/12/2025,5.43822161
8/13/2025,5.390487576
8/14/2025,5.397775877
8/15/2025,5.401009582
8/18/2025,5.408035638
8/19/2025,5.441105975
8/20/2025,5.483477813
8/21/2025,5.485952401
8/22/2025,5.467091661
8/25/2025,5.429084381
8/26/2025,5.404255319
8/27/2025,5.438713016
8/28/2025,5.408273381
8/29/2025,5.425716246
9/1/2025,5.427827571
9/2/2025,5.474583548
9/3/2025,5.453531279
9/4/2025,5.459345754
9/5/2025,5.425322732
9/8/2025,5.405866303
9/9/2025,5.421066076
9/10/2025,5.431109593
9/11/2025,5.417115961
9/12/2025,5.398532173
9/15/2025,5.334778174
9/16/2025,5.309477429
9/17/2025,5.298132973
9/18/2025,5.27297343
9/19/2025,5.331203136
9/22/2025,5.342755284
9/23/2025,5.339353854
9/24/2025,5.294317795
9/25/2025,5.318766505
9/26/2025,5.359150103
9/29/2025,5.332679348
9/30/2025,5.317434631
10/1/2025,5.310815421
10/2/2025,5.312404288
10/3/2025,5.341060167
10/6/2025,5.342267512
10/7/2025,5.328304475
10/8/2025,5.35718586
10/9/2025,5.329170614
10/10/2025,5.366701245
10/13/2025,5.475321981
10/14/2025,5.499523933
10/15/2025,5.463775598
10/16/2025,5.448021289
10/17/2025,5.432497218
10/20/2025,5.406435006
10/21/2025,5.386921685
10/22/2025,5.386294986
10/23/2025,5.385491245
10/24/2025,5.388391319
10/27/2025,5.367439863
10/28/2025,5.376956148
10/29/2025,5.34719835
10/30/2025,5.392900433
10/31/2025,5.380907045
11/3/2025,5.359041167
11/4/2025,5.384474806
11/5/2025,5.400887574
11/6/2025,5.338333478
11/7/2025,5.363463368
11/10/2025,5.313974592
11/11/2025,5.286911447
11/12/2025,5.268918452
11/13/2025,5.282984766
11/14/2025,5.302541209
11/17/2025,5.304321573
11/18/2025,5.340207075
11/19/2025,5.335405335
11/20/2025,5.331075213
11/21/2025,5.371440972
11/24/2025,5.382623008
11/25/2025,5.36550948
11/26/2025,5.376349659
11/27/2025,5.34766097
11/28/2025,5.339097354
12/1/2025,5.346642624
12/2/2025,5.358188393
12/3/2025,5.318563593
12/4/2025,5.305331733
12/5/2025,5.3112924
12/8/2025,5.417074217
12/9/2025,5.464294921
12/10/2025,5.457108475
12/11/2025,5.445535257
12/12/2025,5.401500298
12/15/2025,5.387730792
12/16/2025,5.431810462
12/17/2025,5.502303361
12/18/2025,5.547572318
12/19/2025,5.52954235
12/22/2025,5.529416773
12/23/2025,5.587222128
12/24/2025,5.520997709
12/29/2025,5.570712222
12/30/2025,5.522582291
12/31/2025,5.477787234
1/2/2026,5.438358502
1/5/2026,5.441529492
1/6/2026,5.398564961
1/7/2026,5.391561109
1/8/2026,5.379957173
1/9/2026,5.388507129
1/12/2026,5.376582278
1/13/2026,5.383216063
1/14/2026,5.368122908
1/15/2026,5.381710255
1/16/2026,5.372385297
1/19/2026,5.36669246
1/20/2026,5.389580491
1/21/2026,5.347389045
1/22/2026,5.31505211
1/23/2026,5.281127576
1/26/2026,5.286329841
1/27/2026,5.255427949
1/28/2026,5.17362619
1/29/2026,5.181400401
1/30/2026,5.221327293
2/2/2026,5.255236486
2/3/2026,5.227099398
2/4/2026,5.220558376
2/5/2026,5.260128835
2/6/2026,5.237154485
2/9/2026,5.193084301
2/10/2026,5.206742896
2/11/2026,5.189327731
2/12/2026,5.17609904
2/13/2026,5.219693138
2/16/2026,5.2243779
2/17/2026,5.224759006
2/18/2026,5.222878852
2/19/2026,5.234323152
2/20/2026,5.214413189
2/23/2026,5.181517312
2/24/2026,5.176870171
2/25/2026,5.128733876
2/26/2026,5.125782969
2/27/2026,5.155612029
3/2/2026,5.206702
3/3/2026,5.243408582
3/4/2026,5.219761353
3/5/2026,5.248407643
3/6/2026,5.276533172
3/9/2026,5.230203375
3/10/2026,5.177905678
3/11/2026,5.171142388
3/12/2026,5.162120031
3/13/2026,5.243290345
3/16/2026,5.270256142
3/17/2026,5.208915098
3/18/2026,5.22426087
3/19/2026,5.298720515
3/20/2026,5.255214193
3/23/2026,5.25948603
3/24/2026,5.266937435
3/25/2026,5.233005521
3/26/2026,5.236588959
3/27/2026,5.256143093
3/30/2026,5.240247301
3/31/2026,5.223951992
4/1/2026,5.159758725
4/2/2026,5.181778742
4/7/2026,5.148914078
4/8/2026,5.081838373
4/9/2026,5.099186992
4/10/2026,5.054307916
4/13/2026,5.027387881
4/14/2026,4.981514458
4/15/2026,4.998132428
4/16/2026,4.988202343
4/17/2026,4.976434687
4/20/2026,4.983078231
4/21/2026,4.963882043
4/22/2026,4.971703742
4/23/2026,4.962972465
4/24/2026,5.000597678
4/27/2026,4.96808239
4/28/2026,5.001712329
4/29/2026,4.985392107
4/30/2026,4.981370706
5/4/2026,4.966068376
5/5/2026,4.952507274
5/6/2026,4.909199116
5/7/2026,4.916737468
5/8/2026,4.914037922
5/11/2026,4.901912452
5/12/2026,4.903816664
5/13/2026,4.90388391
5/14/2026,4.997009058
5/15/2026,5.032421741
5/18/2026,5.039234203
5/19/2026,5.0232358
5/20/2026,5.029913793
5/21/2026,5.011983792
5/22/2026,5.016386373
5/25/2026,5.002576656
5/26/2026,5.020113461
5/27/2026,5.045802183
5/28/2026,5.072566067
5/29/2026,5.045259361
6/1/2026,5.024471922
6/2/2026,5.005579878
6/3/2026,5.018426038
6/4/2026,5.0645189
6/5/2026,5.059879725
6/8/2026,5.143240901
6/9/2026,5.162965523
6/10/2026,5.190744432
6/11/2026,5.160440322
6/12/2026,5.107287974
6/15/2026,5.049797536
6/16/2026,5.060289805
6/17/2026,5.084030713
6/18/2026,5.146933077
6/19/2026,5.160286038
6/22/2026,5.151885475
6/23/2026,5.172489466
6/24/2026,5.199559083
6/25/2026,5.201904426
6/26/2026,5.175861767
6/29/2026,5.163861126
6/30/2026,5.178427242
7/1/2026,5.187384696
7/2/2026,5.200982542
7/3/2026,5.196191474
7/6/2026,5.180026281
7/7/2026,5.141345229
7/8/2026,5.156260961
7/9/2026,5.145343244
7/10/2026,5.118547682
7/13/2026,5.115458683
7/14/2026,5.123279263
7/15/2026,5.081009995
7/16/2026,5.085724252
7/17/2026,5.115784871
7/20/2026,5.104323473
7/21/2026,5.079435978
7/22/2026,5.079680926
7/23/2026,5.071541433
7/24/2026,5.082710732
7/27/2026,5.08253578
7/28/2026,5.116389549
7/29/2026,5.120210896
7/30/2026,5.100644824
7/31/2026,5.058336961
8/3/2026,5.067533593
8/4/2026,5.080590534
8/5/2026,5.11528475
8/6/2026,5.123722059
8/7/2026,5.099783268
8/10/2026,5.085590653
8/11/2026,5.104852686
8/12/2026,5.155738415
8/13/2026,5.181116698
8/14/2026,5.176190888
8/17/2026,5.21021306
8/18/2026,5.207411887
8/19/2026,5.204136148
8/20/2026,5.193562195
8/21/2026,5.172920762
8/24/2026,5.149862826
8/25/2026,5.158034642
8/26/2026,5.14654212
8/27/2026,5.142035208
8/28/2026,5.164132955
8/31/2026,5.171783374
9/1/2026,5.198878343
9/2/2026,5.150716877
9/3/2026,5.074042187
9/4/2026,5.111426605
9/7/2026,5.126140079
9/8/2026,5.111072843
9/9/2026,5.088911775
9/10/2026,5.124655647
9/11/2026,5.110766046
9/14/2026,5.156609817
9/15/2026,5.151226276
