Day,Value-CNY
1/2/2015,6.207673
1/5/2015,6.219975
1/6/2015,6.213027
1/7/2015,6.213507
1/8/2015,6.216179
1/9/2015,6.206806
1/12/2015,6.200779
1/13/2015,6.198269
1/14/2015,6.196858
1/15/2015,6.193116
1/16/2015,6.206938
1/19/2015,6.220422
1/20/2015,6.213663
1/21/2015,6.212111
1/22/2015,6.209675
1/23/2015,6.228791
1/26/2015,6.254358
1/27/2015,6.244737
1/28/2015,6.247267
1/29/2015,6.245868
1/30/2015,6.248474
2/2/2015,6.257383
2/3/2015,6.257032
2/4/2015,6.248995
2/5/2015,6.249518
2/6/2015,6.249236
2/9/2015,6.246386
2/10/2015,6.241657
2/11/2015,6.242708
2/12/2015,6.243821
2/13/2015,6.239434
2/16/2015,6.249299
2/17/2015,6.255191
2/18/2015,6.2551
2/19/2015,6.255291
2/20/2015,6.252611
2/23/2015,6.256506
2/24/2015,6.253708
2/25/2015,6.259915
2/26/2015,6.258814
2/27/2015,6.270907
3/2/2015,6.275586
3/3/2015,6.271759
3/4/2015,6.268788
3/5/2015,6.268136
3/6/2015,6.262063
3/9/2015,6.264641
3/10/2015,6.261501
3/11/2015,6.262526
3/12/2015,6.261943
3/13/2015,6.259175
3/16/2015,6.26248
3/17/2015,6.249929
3/18/2015,6.229418
3/19/2015,6.194624
3/20/2015,6.2049
3/23/2015,6.214443
3/24/2015,6.208311
3/25/2015,6.212472
3/26/2015,6.212886
3/27/2015,6.215733
3/30/2015,6.207838
3/31/2015,6.20039
4/1/2015,6.198233
4/2/2015,6.196214
4/7/2015,6.199041
4/8/2015,6.203001
4/9/2015,6.205959
4/10/2015,6.208704
4/13/2015,6.212282
4/14/2015,6.212893
4/15/2015,6.205123
4/16/2015,6.197087
4/17/2015,6.196874
4/20/2015,6.205633
4/21/2015,6.201682
4/22/2015,6.19408
4/23/2015,6.197921
4/24/2015,6.194845
4/27/2015,6.21983
4/28/2015,6.205363
4/29/2015,6.199873
4/30/2015,6.203121
5/4/2015,6.2092
5/5/2015,6.202213
5/6/2015,6.200356
5/7/2015,6.203361
5/8/2015,6.206131
5/11/2015,6.210196
5/12/2015,6.212474
5/13/2015,6.204616
5/14/2015,6.201244
5/15/2015,6.203919
5/18/2015,6.20432
5/19/2015,6.206082
5/20/2015,6.203814
5/21/2015,6.195994
5/22/2015,6.197958
5/25/2015,6.203134
5/26/2015,6.204009
5/27/2015,6.19884
5/28/2015,6.201175
5/29/2015,6.198177
6/1/2015,6.195815
6/2/2015,6.198023
6/3/2015,6.199569
6/4/2015,6.201025
6/5/2015,6.203958
6/8/2015,6.206594
6/9/2015,6.205885
6/10/2015,6.206933
6/11/2015,6.206108
6/12/2015,6.208111
6/15/2015,6.209039
6/16/2015,6.210522
6/17/2015,6.207111
6/18/2015,6.20712
6/19/2015,6.209399
6/22/2015,6.209431
6/23/2015,6.206623
6/24/2015,6.208776
6/25/2015,6.209174
6/26/2015,6.208981
6/29/2015,6.208659
6/30/2015,6.199482
7/1/2015,6.201622
7/2/2015,6.2045
7/3/2015,6.205479
7/6/2015,6.20794
7/7/2015,6.212515
7/8/2015,6.209089
7/9/2015,6.208793
7/10/2015,6.209388
7/13/2015,6.208435
7/14/2015,6.207778
7/15/2015,6.209192
7/16/2015,6.211098
7/17/2015,6.209477
7/20/2015,6.208809
7/21/2015,6.209533
7/22/2015,6.209411
7/23/2015,6.209565
7/24/2015,6.208794
7/27/2015,6.209803
7/28/2015,6.209433
7/29/2015,6.209066
7/30/2015,6.209676
7/31/2015,6.20972
8/3/2015,6.209661
8/4/2015,6.210061
8/5/2015,6.209685
8/6/2015,6.209738
8/7/2015,6.20967
8/10/2015,6.209672
8/11/2015,6.325011
8/12/2015,6.385836
8/13/2015,6.398236
8/14/2015,6.391191
8/17/2015,6.394865
8/18/2015,6.394213
8/19/2015,6.395616
8/20/2015,6.389073
8/21/2015,6.388086
8/24/2015,6.404801
8/25/2015,6.412828
8/26/2015,6.409314
8/27/2015,6.405619
8/28/2015,6.389599
8/31/2015,6.382434
9/1/2015,6.364721
9/2/2015,6.35602
9/3/2015,6.355864
9/4/2015,6.355899
9/7/2015,6.365871
9/8/2015,6.367586
9/9/2015,6.378221
9/10/2015,6.377202
9/11/2015,6.374867
9/14/2015,6.369571
9/15/2015,6.369876
9/16/2015,6.37077
9/17/2015,6.366337
9/18/2015,6.364305
9/21/2015,6.368267
9/22/2015,6.376423
9/23/2015,6.382511
9/24/2015,6.382261
9/25/2015,6.374496
9/28/2015,6.365175
9/29/2015,6.365227
9/30/2015,6.355976
10/1/2015,6.357124
10/2/2015,6.357079
10/5/2015,6.356088
10/6/2015,6.357627
10/7/2015,6.35727
10/8/2015,6.353919
10/9/2015,6.345186
10/12/2015,6.323485
10/13/2015,6.341041
10/14/2015,6.348379
10/15/2015,6.345222
10/16/2015,6.352025
10/19/2015,6.360364
10/20/2015,6.348457
10/21/2015,6.349128
10/22/2015,6.358084
10/23/2015,6.350595
10/26/2015,6.352102
10/27/2015,6.3525
10/28/2015,6.358502
10/29/2015,6.354986
10/30/2015,6.326858
11/2/2015,6.337382
11/3/2015,6.336097
11/4/2015,6.336626
11/5/2015,6.346136
11/6/2015,6.354473
11/9/2015,6.363122
11/10/2015,6.35991
11/11/2015,6.367581
11/12/2015,6.370502
11/13/2015,6.373746
11/16/2015,6.372284
11/17/2015,6.377226
11/18/2015,6.380461
11/19/2015,6.385702
11/20/2015,6.384637
11/23/2015,6.389427
11/24/2015,6.388884
11/25/2015,6.386832
11/26/2015,6.389465
11/27/2015,6.39414
11/30/2015,6.398431
12/1/2015,6.396981
12/2/2015,6.3987
12/3/2015,6.397995
12/4/2015,6.402678
12/7/2015,6.408178
12/8/2015,6.417931
12/9/2015,6.427657
12/10/2015,6.434799
12/11/2015,6.458082
12/14/2015,6.458072
12/15/2015,6.461965
12/16/2015,6.469039
12/17/2015,6.487409
12/18/2015,6.485234
12/21/2015,6.481785
12/22/2015,6.476717
12/23/2015,6.477556
12/24/2015,6.474833
12/28/2015,6.48732
12/29/2015,6.488769
12/30/2015,6.490024
12/31/2015,6.485533
1/4/2016,6.534043
1/5/2016,6.520938
1/6/2016,6.552597
1/7/2016,6.594774
1/8/2016,6.590277
1/11/2016,6.571822
1/12/2016,6.577704
1/13/2016,6.575536
1/14/2016,6.592215
1/15/2016,6.586769
1/18/2016,6.578957
1/19/2016,6.578579
1/20/2016,6.579994
1/21/2016,6.579087
1/22/2016,6.57883
1/25/2016,6.57938
1/26/2016,6.580603
1/27/2016,6.577976
1/28/2016,6.57663
1/29/2016,6.576007
2/1/2016,6.578923
2/2/2016,6.579998
2/3/2016,6.577883
2/4/2016,6.576031
2/5/2016,6.572398
2/8/2016,6.575534
2/9/2016,6.57921
2/10/2016,6.574309
2/11/2016,6.57372
2/12/2016,6.573304
2/15/2016,6.494275
2/16/2016,6.514508
2/17/2016,6.527029
2/18/2016,6.517683
2/19/2016,6.522891
2/22/2016,6.521767
2/23/2016,6.527359
2/24/2016,6.53802
2/25/2016,6.531786
2/26/2016,6.537707
2/29/2016,6.553178
3/1/2016,6.551692
3/2/2016,6.551676
3/3/2016,6.540501
3/4/2016,6.515953
3/7/2016,6.517027
3/8/2016,6.505622
3/9/2016,6.512895
3/10/2016,6.519941
3/11/2016,6.503066
3/14/2016,6.496088
3/15/2016,6.511477
3/16/2016,6.523861
3/17/2016,6.48192
3/18/2016,6.475485
3/21/2016,6.479283
3/22/2016,6.49224
3/23/2016,6.503267
3/24/2016,6.514434
3/29/2016,6.510005
3/30/2016,6.478806
3/31/2016,6.457093
4/1/2016,6.464573
4/4/2016,6.475923
4/5/2016,6.474444
4/6/2016,6.488179
4/7/2016,6.470873
4/8/2016,6.474523
4/11/2016,6.471378
4/12/2016,6.461214
4/13/2016,6.476545
4/14/2016,6.485069
4/15/2016,6.475718
4/18/2016,6.478065
4/19/2016,6.468483
4/20/2016,6.466122
4/21/2016,6.475121
4/22/2016,6.495516
4/25/2016,6.493697
4/26/2016,6.498184
4/27/2016,6.494824
4/28/2016,6.476668
4/29/2016,6.484522
5/2/2016,6.475072
5/3/2016,6.483966
5/4/2016,6.500565
5/5/2016,6.504939
5/6/2016,6.502144
5/9/2016,6.512242
5/10/2016,6.516923
5/11/2016,6.504689
5/12/2016,6.518746
5/13/2016,6.521061
5/16/2016,6.522872
5/17/2016,6.526506
5/18/2016,6.535508
5/19/2016,6.548004
5/20/2016,6.547464
5/23/2016,6.554347
5/24/2016,6.556769
5/25/2016,6.561636
5/26/2016,6.557754
5/27/2016,6.561694
5/30/2016,6.58174
5/31/2016,6.577282
6/1/2016,6.577591
6/2/2016,6.581963
6/3/2016,6.586695
6/6/2016,6.566217
6/7/2016,6.571995
6/8/2016,6.567674
6/9/2016,6.559552
6/10/2016,6.559006
6/13/2016,6.586084
6/14/2016,6.593764
6/15/2016,6.581033
6/16/2016,6.586093
6/17/2016,6.590634
6/20/2016,6.579774
6/21/2016,6.581757
6/22/2016,6.578658
6/23/2016,6.579594
6/24/2016,6.623983
6/27/2016,6.64739
6/28/2016,6.64734
6/29/2016,6.643823
6/30/2016,6.643398
7/1/2016,6.65568
7/4/2016,6.664482
7/5/2016,6.673156
7/6/2016,6.686964
7/7/2016,6.682671
7/8/2016,6.685727
7/11/2016,6.690741
7/12/2016,6.684818
7/13/2016,6.69048
7/14/2016,6.684324
7/15/2016,6.681794
7/18/2016,6.703067
7/19/2016,6.694608
7/20/2016,6.674022
7/21/2016,6.673173
7/22/2016,6.673325
7/25/2016,6.679658
7/26/2016,6.670637
7/27/2016,6.670094
7/28/2016,6.65807
7/29/2016,6.650589
8/1/2016,6.640631
8/2/2016,6.632091
8/3/2016,6.628036
8/4/2016,6.641613
8/5/2016,6.643062
8/8/2016,6.660774
8/9/2016,6.661672
8/10/2016,6.631706
8/11/2016,6.637766
8/12/2016,6.647517
8/15/2016,6.63712
8/16/2016,6.61992
8/17/2016,6.635775
8/18/2016,6.630686
8/19/2016,6.65204
8/22/2016,6.650893
8/23/2016,6.640885
8/24/2016,6.657171
8/25/2016,6.655979
8/26/2016,6.671213
8/29/2016,6.67932
8/30/2016,6.676665
8/31/2016,6.67544
9/1/2016,6.679706
9/2/2016,6.678728
9/5/2016,6.677662
9/6/2016,6.678466
9/7/2016,6.663344
9/8/2016,6.662093
9/9/2016,6.680511
9/12/2016,6.680474
9/13/2016,6.680715
9/14/2016,6.676235
9/15/2016,6.673361
9/16/2016,6.673348
9/19/2016,6.669861
9/20/2016,6.670601
9/21/2016,6.671211
9/22/2016,6.669247
9/23/2016,6.669966
9/26/2016,6.668887
9/27/2016,6.668984
9/28/2016,6.673586
9/29/2016,6.667855
9/30/2016,6.671714
10/3/2016,6.671591
10/4/2016,6.671624
10/5/2016,6.674605
10/6/2016,6.670094
10/7/2016,6.671634
10/10/2016,6.706989
10/11/2016,6.719018
10/12/2016,6.717695
10/13/2016,6.727759
10/14/2016,6.72605
10/17/2016,6.737766
10/18/2016,6.737014
10/19/2016,6.73677
10/20/2016,6.737705
10/21/2016,6.763274
10/24/2016,6.773942
10/25/2016,6.777502
10/26/2016,6.769245
10/27/2016,6.77972
10/28/2016,6.780168
10/31/2016,6.774712
11/1/2016,6.769252
11/2/2016,6.758269
11/3/2016,6.763557
11/4/2016,6.756964
11/7/2016,6.774634
11/8/2016,6.787371
11/9/2016,6.783796
11/10/2016,6.798073
11/11/2016,6.804659
11/14/2016,6.844112
11/15/2016,6.857037
11/16/2016,6.879088
11/17/2016,6.869553
11/18/2016,6.882679
11/21/2016,6.894271
11/22/2016,6.885184
11/23/2016,6.900302
11/24/2016,6.919606
11/25/2016,6.919845
11/28/2016,6.908765
11/29/2016,6.899773
11/30/2016,6.883404
12/1/2016,6.885857
12/2/2016,6.888743
12/5/2016,6.883013
12/6/2016,6.881032
12/7/2016,6.881267
12/8/2016,6.879855
12/9/2016,6.906999
12/12/2016,6.910627
12/13/2016,6.902262
12/14/2016,6.905205
12/15/2016,6.935598
12/16/2016,6.958042
12/19/2016,6.953272
12/20/2016,6.957159
12/21/2016,6.944535
12/22/2016,6.94753
12/23/2016,6.945721
12/27/2016,6.952513
12/28/2016,6.959331
12/29/2016,6.955515
12/30/2016,6.944502
1/2/2017,6.946011
1/3/2017,6.96052
1/4/2017,6.935135
1/5/2017,6.886106
1/6/2017,6.917839
1/9/2017,6.937809
1/10/2017,6.924955
1/11/2017,6.933828
1/12/2017,6.893998
1/13/2017,6.900291
1/16/2017,6.900793
1/17/2017,6.854642
1/18/2017,6.838991
1/19/2017,6.865486
1/20/2017,6.877822
1/23/2017,6.85357
1/24/2017,6.859044
1/25/2017,6.882156
1/26/2017,6.881682
1/27/2017,6.895796
1/30/2017,6.877046
1/31/2017,6.877731
2/1/2017,6.883225
2/2/2017,6.881662
2/3/2017,6.868634
2/6/2017,6.861464
2/7/2017,6.884028
2/8/2017,6.87248
2/9/2017,6.866162
2/10/2017,6.879293
2/13/2017,6.873836
2/14/2017,6.862657
2/15/2017,6.870772
2/16/2017,6.855802
2/17/2017,6.867042
2/20/2017,6.877449
2/21/2017,6.884787
2/22/2017,6.878246
2/23/2017,6.875343
2/24/2017,6.868979
2/27/2017,6.872202
2/28/2017,6.867982
3/1/2017,6.880471
3/2/2017,6.885962
3/3/2017,6.897492
3/6/2017,6.896715
3/7/2017,6.900151
3/8/2017,6.911046
3/9/2017,6.910435
3/10/2017,6.914577
3/13/2017,6.913345
3/14/2017,6.914778
3/15/2017,6.913764
3/16/2017,6.899497
3/17/2017,6.905188
3/20/2017,6.907366
3/21/2017,6.88928
3/22/2017,6.88748
3/23/2017,6.885592
3/24/2017,6.886256
3/27/2017,6.878042
3/28/2017,6.885256
3/29/2017,6.890863
3/30/2017,6.889541
3/31/2017,6.888224
4/3/2017,6.887065
4/4/2017,6.888649
4/5/2017,6.896235
4/6/2017,6.898275
4/7/2017,6.897272
4/10/2017,6.903195
4/11/2017,6.900528
4/12/2017,6.892032
4/13/2017,6.888711
4/18/2017,6.882981
4/19/2017,6.885967
4/20/2017,6.883667
4/21/2017,6.88596
4/24/2017,6.885232
4/25/2017,6.884216
4/26/2017,6.890756
4/27/2017,6.894955
4/28/2017,6.895425
5/2/2017,6.895373
5/3/2017,6.893214
5/4/2017,6.895763
5/5/2017,6.902199
5/8/2017,6.90373
5/9/2017,6.906778
5/10/2017,6.902775
5/11/2017,6.902118
5/12/2017,6.900239
5/15/2017,6.892909
5/16/2017,6.888959
5/17/2017,6.88603
5/18/2017,6.891724
5/19/2017,6.889257
5/22/2017,6.889353
5/23/2017,6.890504
5/24/2017,6.889931
5/25/2017,6.868022
5/26/2017,6.857985
5/29/2017,6.856811
5/30/2017,6.855545
5/31/2017,6.813029
6/1/2017,6.808896
6/2/2017,6.820629
6/5/2017,6.805316
6/6/2017,6.794368
6/7/2017,6.797985
6/8/2017,6.797756
6/9/2017,6.796886
6/12/2017,6.798325
6/13/2017,6.797272
6/14/2017,6.797019
6/15/2017,6.805033
6/16/2017,6.813737
6/19/2017,6.816859
6/20/2017,6.82673
6/21/2017,6.826142
6/22/2017,6.833468
6/23/2017,6.839076
6/26/2017,6.841959
6/27/2017,6.814417
6/28/2017,6.799824
6/29/2017,6.782792
6/30/2017,6.78102
7/3/2017,6.795057
7/4/2017,6.801726
7/5/2017,6.802013
7/6/2017,6.802196
7/7/2017,6.798984
7/10/2017,6.804602
7/11/2017,6.802017
7/12/2017,6.788016
7/13/2017,6.78313
7/14/2017,6.782216
7/17/2017,6.769412
7/18/2017,6.750411
7/19/2017,6.753577
7/20/2017,6.77057
7/21/2017,6.768425
7/24/2017,6.749828
7/25/2017,6.75124
7/26/2017,6.754208
7/27/2017,6.739439
7/28/2017,6.74286
7/31/2017,6.727722
8/1/2017,6.719523
8/2/2017,6.725759
8/3/2017,6.72226
8/4/2017,6.72034
8/7/2017,6.720437
8/8/2017,6.700779
8/9/2017,6.675987
8/10/2017,6.654279
8/11/2017,6.665023
8/14/2017,6.67229
8/15/2017,6.683243
8/16/2017,6.694535
8/17/2017,6.677781
8/18/2017,6.672232
8/21/2017,6.671371
8/22/2017,6.662985
8/23/2017,6.660225
8/24/2017,6.661528
8/25/2017,6.656165
8/28/2017,6.622977
8/29/2017,6.595867
8/30/2017,6.592732
8/31/2017,6.601184
9/1/2017,6.559144
9/4/2017,6.529021
9/5/2017,6.54878
9/6/2017,6.525019
9/7/2017,6.490519
9/8/2017,6.461526
9/11/2017,6.529049
9/12/2017,6.538507
9/13/2017,6.532181
9/14/2017,6.555995
9/15/2017,6.545097
9/18/2017,6.571811
9/19/2017,6.584698
9/20/2017,6.575164
9/21/2017,6.592188
9/22/2017,6.588496
9/25/2017,6.623325
9/26/2017,6.633495
9/27/2017,6.642024
9/28/2017,6.659535
9/29/2017,6.652041
10/2/2017,6.65344
10/3/2017,6.642815
10/4/2017,6.631289
10/5/2017,6.652018
10/6/2017,6.65337
10/9/2017,6.62251
10/10/2017,6.578706
10/11/2017,6.592477
10/12/2017,6.58831
10/13/2017,6.590262
10/16/2017,6.590019
10/17/2017,6.620121
10/18/2017,6.627543
10/19/2017,6.617374
10/20/2017,6.618463
10/23/2017,6.64029
10/24/2017,6.63396
10/25/2017,6.645482
10/26/2017,6.636859
10/27/2017,6.654459
10/30/2017,6.645281
10/31/2017,6.631466
11/1/2017,6.611006
11/2/2017,6.613225
11/3/2017,6.62263
11/6/2017,6.634081
11/7/2017,6.638125
11/8/2017,6.629681
11/9/2017,6.637403
11/10/2017,6.642526
11/13/2017,6.641215
11/14/2017,6.636867
11/15/2017,6.621959
11/16/2017,6.631977
11/17/2017,6.633234
11/20/2017,6.633987
11/21/2017,6.632958
11/22/2017,6.61801
11/23/2017,6.573346
11/24/2017,6.604951
11/27/2017,6.601824
11/28/2017,6.597493
11/29/2017,6.604042
11/30/2017,6.614651
12/1/2017,6.609255
12/4/2017,6.618795
12/5/2017,6.613995
12/6/2017,6.614961
12/7/2017,6.619124
12/8/2017,6.619741
12/11/2017,6.61826
12/12/2017,6.618647
12/13/2017,6.619973
12/14/2017,6.608527
12/15/2017,6.608674
12/18/2017,6.617635
12/19/2017,6.603062
12/20/2017,6.57881
12/21/2017,6.585041
12/22/2017,6.575972
12/27/2017,6.555275
12/28/2017,6.536032
12/29/2017,6.507463
1/2/2018,6.492996
1/3/2018,6.501539
1/4/2018,6.496477
1/5/2018,6.488252
1/8/2018,6.49929
1/9/2018,6.525729
1/10/2018,6.504003
1/11/2018,6.501373
1/12/2018,6.460987
1/15/2018,6.438055
1/16/2018,6.441537
1/17/2018,6.435139
1/18/2018,6.422722
1/19/2018,6.403998
1/22/2018,6.403628
1/23/2018,6.405911
1/24/2018,6.372976
1/25/2018,6.331023
1/26/2018,6.327839
1/29/2018,6.331933
1/30/2018,6.325256
1/31/2018,6.288834
2/1/2018,6.296733
2/2/2018,6.288024
2/5/2018,6.290032
2/6/2018,6.281612
2/7/2018,6.274599
2/8/2018,6.329497
2/9/2018,6.30343
2/12/2018,6.328305
2/13/2018,6.34428
2/14/2018,6.344428
2/15/2018,6.344433
2/16/2018,6.344432
2/19/2018,6.3444
2/20/2018,6.344408
2/21/2018,6.344379
2/22/2018,6.360785
2/23/2018,6.334987
2/26/2018,6.308685
2/27/2018,6.313714
2/28/2018,6.327575
3/1/2018,6.350341
3/2/2018,6.34511
3/5/2018,6.340294
3/6/2018,6.328096
3/7/2018,6.320689
3/8/2018,6.335722
3/9/2018,6.337564
3/12/2018,6.331166
3/13/2018,6.322912
3/14/2018,6.313283
3/15/2018,6.31764
3/16/2018,6.325502
3/19/2018,6.332277
3/20/2018,6.333007
3/21/2018,6.329969
3/22/2018,6.334524
3/23/2018,6.315811
3/26/2018,6.278624
3/27/2018,6.280705
3/28/2018,6.288998
3/29/2018,6.287477
4/3/2018,6.284612
4/4/2018,6.305718
4/5/2018,6.30522
4/6/2018,6.305215
4/9/2018,6.313882
4/10/2018,6.289216
4/11/2018,6.283511
4/12/2018,6.285158
4/13/2018,6.280994
4/16/2018,6.283428
4/17/2018,6.282997
4/18/2018,6.28237
4/19/2018,6.276611
4/20/2018,6.292063
4/23/2018,6.308874
4/24/2018,6.30574
4/25/2018,6.323184
4/26/2018,6.324951
4/27/2018,6.339437
4/30/2018,6.339432
5/2/2018,6.359041
5/3/2018,6.348816
5/4/2018,6.359178
5/7/2018,6.366829
5/8/2018,6.367818
5/9/2018,6.366529
5/10/2018,6.34947
5/11/2018,6.332495
5/14/2018,6.337421
5/15/2018,6.362535
5/16/2018,6.376188
5/17/2018,6.36798
5/18/2018,6.378661
5/21/2018,6.386342
5/22/2018,6.368662
5/23/2018,6.388538
5/24/2018,6.383697
5/25/2018,6.390664
5/28/2018,6.398832
5/29/2018,6.417546
5/30/2018,6.419618
5/31/2018,6.406616
6/1/2018,6.417259
6/4/2018,6.404192
6/5/2018,6.404283
6/6/2018,6.39439
6/7/2018,6.392362
6/8/2018,6.409137
6/11/2018,6.405259
6/12/2018,6.404479
6/13/2018,6.400289
6/14/2018,6.394629
6/15/2018,6.421438
6/18/2018,6.439335
6/19/2018,6.48214
6/20/2018,6.473743
6/21/2018,6.498267
6/22/2018,6.498025
6/25/2018,6.535726
6/26/2018,6.57548
6/27/2018,6.598571
6/28/2018,6.624191
6/29/2018,6.619489
7/2/2018,6.666037
7/3/2018,6.642177
7/4/2018,6.631764
7/5/2018,6.63353
7/6/2018,6.647646
7/9/2018,6.613538
7/10/2018,6.639375
7/11/2018,6.677375
7/12/2018,6.671813
7/13/2018,6.700335
7/16/2018,6.678584
7/17/2018,6.690356
7/18/2018,6.721385
7/19/2018,6.778823
7/20/2018,6.787489
7/23/2018,6.786275
7/24/2018,6.7966
7/25/2018,6.761933
7/26/2018,6.78252
7/27/2018,6.834753
7/30/2018,6.822321
7/31/2018,6.8318
8/1/2018,6.79882
8/2/2018,6.844969
8/3/2018,6.834225
8/6/2018,6.849692
8/7/2018,6.82391
8/8/2018,6.836742
8/9/2018,6.819029
8/10/2018,6.849511
8/13/2018,6.887398
8/14/2018,6.881291
8/15/2018,6.916173
8/16/2018,6.894987
8/17/2018,6.884382
8/20/2018,6.860858
8/21/2018,6.846461
8/22/2018,6.841426
8/23/2018,6.878228
8/24/2018,6.84553
8/27/2018,6.825067
8/28/2018,6.80111
8/29/2018,6.828988
8/30/2018,6.832621
8/31/2018,6.837525
9/3/2018,6.82393
9/4/2018,6.839561
9/5/2018,6.831981
9/6/2018,6.829207
9/7/2018,6.842531
9/10/2018,6.863106
9/11/2018,6.868758
9/12/2018,6.869918
9/13/2018,6.845267
9/14/2018,6.854307
9/17/2018,6.866507
9/18/2018,6.866461
9/19/2018,6.85549
9/20/2018,6.845017
9/21/2018,6.846075
9/24/2018,6.857131
9/25/2018,6.874246
9/26/2018,6.874414
9/27/2018,6.880499
9/28/2018,6.881652
10/1/2018,6.868861
10/2/2018,6.868838
10/3/2018,6.868808
10/4/2018,6.868892
10/5/2018,6.868851
10/8/2018,6.926468
10/9/2018,6.924792
10/10/2018,6.923565
10/11/2018,6.909892
10/12/2018,6.915759
10/15/2018,6.919523
10/16/2018,6.912488
10/17/2018,6.928621
10/18/2018,6.939157
10/19/2018,6.930166
10/22/2018,6.94284
10/23/2018,6.936139
10/24/2018,6.94442
10/25/2018,6.944289
10/26/2018,6.945879
10/29/2018,6.958527
10/30/2018,6.964738
10/31/2018,6.974289
11/1/2018,6.93812
11/2/2018,6.89428
11/5/2018,6.92876
11/6/2018,6.914158
11/7/2018,6.914425
11/8/2018,6.932073
11/9/2018,6.949762
11/12/2018,6.963782
11/13/2018,6.957997
11/14/2018,6.953169
11/15/2018,6.93923
11/16/2018,6.950379
11/19/2018,6.943992
11/20/2018,6.943262
11/21/2018,6.934964
11/22/2018,6.932562
11/23/2018,6.947322
11/26/2018,6.940861
11/27/2018,6.948093
11/28/2018,6.953563
11/29/2018,6.943269
11/30/2018,6.94577
12/3/2018,6.889693
12/4/2018,6.835481
12/5/2018,6.856438
12/6/2018,6.892697
12/7/2018,6.881013
12/10/2018,6.911772
12/11/2018,6.898497
12/12/2018,6.888331
12/13/2018,6.881189
12/14/2018,6.901196
12/17/2018,6.897275
12/18/2018,6.89593
12/19/2018,6.898992
12/20/2018,6.887084
12/21/2018,6.905993
12/24/2018,6.901297
12/27/2018,6.865518
12/28/2018,6.877772
12/31/2018,6.877817
1/2/2019,6.858384
1/3/2019,6.875132
1/4/2019,6.86486
1/7/2019,6.851988
1/8/2019,6.853584
1/9/2019,6.828983
1/10/2019,6.780494
1/11/2019,6.756438
1/14/2019,6.766809
1/15/2019,6.760329
1/16/2019,6.76249
1/17/2019,6.771411
1/18/2019,6.778723
1/21/2019,6.797923
1/22/2019,6.808085
1/23/2019,6.786927
1/24/2019,6.79314
1/25/2019,6.760004
1/28/2019,6.743475
1/29/2019,6.734985
1/30/2019,6.716861
1/31/2019,6.703517
2/1/2019,6.73542
2/4/2019,6.744779
2/5/2019,6.735358
2/6/2019,6.744778
2/7/2019,6.744822
2/8/2019,6.744844
2/11/2019,6.789371
2/12/2019,6.770273
2/13/2019,6.764617
2/14/2019,6.775559
2/15/2019,6.770515
2/18/2019,6.765272
2/19/2019,6.766248
2/20/2019,6.722271
2/21/2019,6.717897
2/22/2019,6.720442
2/25/2019,6.68886
2/26/2019,6.69633
2/27/2019,6.681275
2/28/2019,6.68439
3/1/2019,6.705789
3/4/2019,6.70239
3/5/2019,6.703063
3/6/2019,6.71004
3/7/2019,6.709431
3/8/2019,6.72349
3/11/2019,6.724653
3/12/2019,6.708914
3/13/2019,6.707777
3/14/2019,6.727224
3/15/2019,6.714008
3/18/2019,6.713014
3/19/2019,6.712185
3/20/2019,6.694909
3/21/2019,6.691666
3/22/2019,6.712794
3/25/2019,6.712141
3/26/2019,6.714906
3/27/2019,6.724891
3/28/2019,6.738723
3/29/2019,6.710903
4/1/2019,6.711463
4/2/2019,6.720089
4/3/2019,6.708441
4/4/2019,6.716552
4/5/2019,6.71744
4/8/2019,6.718922
4/9/2019,6.711714
4/10/2019,6.71673
4/11/2019,6.71804
4/12/2019,6.7078
4/15/2019,6.706179
4/16/2019,6.709067
4/17/2019,6.689143
4/18/2019,6.706222
4/23/2019,6.719164
4/24/2019,6.718173
4/25/2019,6.747011
4/26/2019,6.73592
4/29/2019,6.732466
4/30/2019,6.73391
5/2/2019,6.73457
5/3/2019,6.734558
5/6/2019,6.765872
5/7/2019,6.768887
5/8/2019,6.780039
5/9/2019,6.823372
5/10/2019,6.823508
5/13/2019,6.877279
5/14/2019,6.881525
5/15/2019,6.878745
5/16/2019,6.87914
5/17/2019,6.91416
5/20/2019,6.915734
5/21/2019,6.906281
5/22/2019,6.902515
5/23/2019,6.917856
5/24/2019,6.901403
5/27/2019,6.898911
5/28/2019,6.91074
5/29/2019,6.909376
5/30/2019,6.907041
5/31/2019,6.909246
6/3/2019,6.90684
6/4/2019,6.909107
6/5/2019,6.907169
6/6/2019,6.912835
6/7/2019,6.909696
6/10/2019,6.934342
6/11/2019,6.911926
6/12/2019,6.919191
6/13/2019,6.922137
6/14/2019,6.923835
6/17/2019,6.924871
6/18/2019,6.926432
6/19/2019,6.904435
6/20/2019,6.854338
6/21/2019,6.874514
6/24/2019,6.876777
6/25/2019,6.879786
6/26/2019,6.877222
6/27/2019,6.877661
6/28/2019,6.870387
7/1/2019,6.842365
7/2/2019,6.876029
7/3/2019,6.880634
7/4/2019,6.871634
7/5/2019,6.87611
7/8/2019,6.88123
7/9/2019,6.885765
7/10/2019,6.882977
7/11/2019,6.865485
7/12/2019,6.88101
7/15/2019,6.875854
7/16/2019,6.877573
7/17/2019,6.877486
7/18/2019,6.880171
7/19/2019,6.878407
7/22/2019,6.880785
7/23/2019,6.878725
7/24/2019,6.875045
7/25/2019,6.872964
7/26/2019,6.878165
7/29/2019,6.893426
7/30/2019,6.881926
7/31/2019,6.882163
8/1/2019,6.901966
8/2/2019,6.938412
8/5/2019,7.038544
8/6/2019,7.018951
8/7/2019,7.048473
8/8/2019,7.046636
8/9/2019,7.058314
8/12/2019,7.058603
8/13/2019,7.066744
8/14/2019,7.01877
8/15/2019,7.03704
8/16/2019,7.040267
8/19/2019,7.050617
8/20/2019,7.058505
8/21/2019,7.063941
8/22/2019,7.084995
8/23/2019,7.088929
8/26/2019,7.145466
8/27/2019,7.161293
8/28/2019,7.160245
8/29/2019,7.142431
8/30/2019,7.150054
9/2/2019,7.171499
9/3/2019,7.17866
9/4/2019,7.152659
9/5/2019,7.143787
9/6/2019,7.11363
9/9/2019,7.124989
9/10/2019,7.105525
9/11/2019,7.117059
9/12/2019,7.087658
9/13/2019,7.082642
9/16/2019,7.067084
9/17/2019,7.096771
9/18/2019,7.088483
9/19/2019,7.094786
9/20/2019,7.09039
9/23/2019,7.12599
9/24/2019,7.107062
9/25/2019,7.124294
9/26/2019,7.128908
9/27/2019,7.128212
9/30/2019,7.143356
10/1/2019,7.148376
10/2/2019,7.148375
10/3/2019,7.148388
10/4/2019,7.14974
10/7/2019,7.148367
10/8/2019,7.143091
10/9/2019,7.127311
10/10/2019,7.123028
10/11/2019,7.101059
10/14/2019,7.069894
10/15/2019,7.081221
10/16/2019,7.09932
10/17/2019,7.077927
10/18/2019,7.083722
10/21/2019,7.072854
10/22/2019,7.079515
10/23/2019,7.073991
10/24/2019,7.07261
10/25/2019,7.069776
10/28/2019,7.068278
10/29/2019,7.065525
10/30/2019,7.056636
10/31/2019,7.04142
11/1/2019,7.041925
11/4/2019,7.028589
11/5/2019,6.99739
11/6/2019,6.997656
11/7/2019,6.975806
11/8/2019,6.988853
11/11/2019,7.010597
11/12/2019,7.007444
11/13/2019,7.021715
11/14/2019,7.021006
11/15/2019,7.009516
11/18/2019,7.018262
11/19/2019,7.02618
11/20/2019,7.033728
11/21/2019,7.026688
11/22/2019,7.038705
11/25/2019,7.036156
11/26/2019,7.039564
11/27/2019,7.026342
11/28/2019,7.034621
11/29/2019,7.027135
12/2/2019,7.042094
12/3/2019,7.05808
12/4/2019,7.052522
12/5/2019,7.042095
12/6/2019,7.030197
12/9/2019,7.039278
12/10/2019,7.038729
12/11/2019,7.039278
12/12/2019,7.037263
12/13/2019,6.971541
12/16/2019,7.000269
12/17/2019,6.996058
12/18/2019,6.998021
12/19/2019,7.010075
12/20/2019,7.00766
12/23/2019,7.011467
12/24/2019,7.007491
12/27/2019,6.995876
12/30/2019,6.986773
12/31/2019,6.961456
1/2/2020,6.963817
1/3/2020,6.971562
1/6/2020,6.972396
1/7/2020,6.942535
1/8/2020,6.94413
1/9/2020,6.931683
1/10/2020,6.922099
1/13/2020,6.893493
1/14/2020,6.88583
1/15/2020,6.887991
1/16/2020,6.879488
1/17/2020,6.85866
1/20/2020,6.866216
1/21/2020,6.903464
1/22/2020,6.902056
1/23/2020,6.933279
1/24/2020,6.933303
1/27/2020,6.936689
1/28/2020,6.936665
1/29/2020,6.936642
1/30/2020,6.936622
1/31/2020,6.936663
2/3/2020,7.01979
2/4/2020,6.99656
2/5/2020,6.972512
2/6/2020,6.968645
2/7/2020,6.993436
2/10/2020,6.983015
2/11/2020,6.974131
2/12/2020,6.970222
2/13/2020,6.983528
2/14/2020,6.987364
2/17/2020,6.981541
2/18/2020,7.001849
2/19/2020,6.994259
2/20/2020,7.023818
2/21/2020,7.031293
2/24/2020,7.034757
2/25/2020,7.015221
2/26/2020,7.018759
2/27/2020,7.005928
2/28/2020,6.983875
3/2/2020,6.965384
3/3/2020,6.977782
3/4/2020,6.922607
3/5/2020,6.934746
3/6/2020,6.925812
3/9/2020,6.948324
3/10/2020,6.95698
3/11/2020,6.951394
3/12/2020,7.017527
3/13/2020,6.987302
3/16/2020,7.022587
3/17/2020,7.020124
3/18/2020,7.035394
3/19/2020,7.114989
3/20/2020,7.090595
3/23/2020,7.083836
3/24/2020,7.059762
3/25/2020,7.097442
3/26/2020,7.073582
3/27/2020,7.09611
3/30/2020,7.099601
3/31/2020,7.099671
4/1/2020,7.100677
4/2/2020,7.095819
4/3/2020,7.09096
4/6/2020,7.091002
4/7/2020,7.055765
4/8/2020,7.066323
4/9/2020,7.058894
4/14/2020,7.05701
4/15/2020,7.062093
4/16/2020,7.071179
4/17/2020,7.073757
4/20/2020,7.073573
4/21/2020,7.094952
4/22/2020,7.082359
4/23/2020,7.079372
4/24/2020,7.079167
4/27/2020,7.082565
4/28/2020,7.077043
4/29/2020,7.076462
4/30/2020,7.049007
5/4/2020,7.062237
5/5/2020,7.06216
5/6/2020,7.0979
5/7/2020,7.087731
5/8/2020,7.07544
5/11/2020,7.093773
5/12/2020,7.085375
5/13/2020,7.089839
5/14/2020,7.102947
5/15/2020,7.108631
5/18/2020,7.114845
5/19/2020,7.106484
5/20/2020,7.100383
5/21/2020,7.104818
5/22/2020,7.134721
5/25/2020,7.136205
5/26/2020,7.131572
5/27/2020,7.158766
5/28/2020,7.153595
5/29/2020,7.135057
6/1/2020,7.13629
6/2/2020,7.106945
6/3/2020,7.110863
6/4/2020,7.116978
6/5/2020,7.091703
6/8/2020,7.074524
6/9/2020,7.085621
6/10/2020,7.05978
6/11/2020,7.071731
6/12/2020,7.076256
6/15/2020,7.094997
6/16/2020,7.078263
6/17/2020,7.087073
6/18/2020,7.088309
6/19/2020,7.076896
6/22/2020,7.076429
6/23/2020,7.063439
6/24/2020,7.071986
6/25/2020,7.071964
6/26/2020,7.07197
6/29/2020,7.075594
6/30/2020,7.074388
7/1/2020,7.067054
7/2/2020,7.067074
7/3/2020,7.066108
7/6/2020,7.019691
7/7/2020,7.022764
7/8/2020,7.014265
7/9/2020,6.98554
7/10/2020,7.001774
7/13/2020,7.00053
7/14/2020,7.015824
7/15/2020,6.988378
7/16/2020,6.996758
7/17/2020,6.998162
7/20/2020,6.987421
7/21/2020,6.989601
7/22/2020,6.995941
7/23/2020,7.006396
7/24/2020,7.016971
7/27/2020,7.002041
7/28/2020,7.001878
7/29/2020,6.999318
7/30/2020,7.003321
7/31/2020,6.974764
8/3/2020,6.984479
8/4/2020,6.98317
8/5/2020,6.940864
8/6/2020,6.951364
8/7/2020,6.959296
8/10/2020,6.971266
8/11/2020,6.947042
8/12/2020,6.945714
8/13/2020,6.945576
8/14/2020,6.94997
8/17/2020,6.940184
8/18/2020,6.921468
8/19/2020,6.911255
8/20/2020,6.918565
8/21/2020,6.923528
8/24/2020,6.912889
8/25/2020,6.913069
8/26/2020,6.893036
8/27/2020,6.888277
8/28/2020,6.861016
8/31/2020,6.843467
9/1/2020,6.818971
9/2/2020,6.82708
9/3/2020,6.840091
9/4/2020,6.840567
9/7/2020,6.832629
9/8/2020,6.844124
9/9/2020,6.844814
9/10/2020,6.837877
9/11/2020,6.836764
9/14/2020,6.819384
9/15/2020,6.771443
9/16/2020,6.759542
9/17/2020,6.769602
9/18/2020,6.773092
9/21/2020,6.78646
9/22/2020,6.77598
9/23/2020,6.793791
9/24/2020,6.829283
9/25/2020,6.829207
9/28/2020,6.813196
9/29/2020,6.817382
9/30/2020,6.809019
10/1/2020,6.790759
10/2/2020,6.790793
10/5/2020,6.808973
10/6/2020,6.791946
10/7/2020,6.791334
10/8/2020,6.79082
10/9/2020,6.701738
10/12/2020,6.74447
10/13/2020,6.735217
10/14/2020,6.731234
10/15/2020,6.732433
10/16/2020,6.697811
10/19/2020,6.683666
10/20/2020,6.682303
10/21/2020,6.655332
10/22/2020,6.68133
10/23/2020,6.676535
10/26/2020,6.713089
10/27/2020,6.705967
10/28/2020,6.723373
10/29/2020,6.709757
10/30/2020,6.681313
11/2/2020,6.690869
11/3/2020,6.682447
11/4/2020,6.657964
11/5/2020,6.607423
11/6/2020,6.610615
11/9/2020,6.603972
11/10/2020,6.614753
11/11/2020,6.624426
11/12/2020,6.62412
11/13/2020,6.607787
11/16/2020,6.588757
11/17/2020,6.555462
11/18/2020,6.557128
11/19/2020,6.586122
11/20/2020,6.567984
11/23/2020,6.569028
11/24/2020,6.586768
11/25/2020,6.57603
11/26/2020,6.575966
11/27/2020,6.577923
11/30/2020,6.577462
12/1/2020,6.570772
12/2/2020,6.564147
12/3/2020,6.548185
12/4/2020,6.531869
12/7/2020,6.539413
12/8/2020,6.530873
12/9/2020,6.537864
12/10/2020,6.541808
12/11/2020,6.546219
12/14/2020,6.543989
12/15/2020,6.54547
12/16/2020,6.533186
12/17/2020,6.533235
12/18/2020,6.537727
12/21/2020,6.554177
12/22/2020,6.541057
12/23/2020,6.538632
12/24/2020,6.530304
12/28/2020,6.539488
12/29/2020,6.531528
12/30/2020,6.525039
12/31/2020,6.537772
1/4/2021,6.464216
1/5/2021,6.463613
1/6/2021,6.455909
1/7/2021,6.467253
1/8/2021,6.464
1/11/2021,6.479158
1/12/2021,6.461311
1/13/2021,6.470163
1/14/2021,6.467255
1/15/2021,6.475212
1/18/2021,6.495275
1/19/2021,6.479558
1/20/2021,6.469879
1/21/2021,6.460931
1/22/2021,6.483139
1/25/2021,6.477288
1/26/2021,6.467677
1/27/2021,6.472759
1/28/2021,6.469771
1/29/2021,6.431032
2/1/2021,6.46665
2/2/2021,6.455995
2/3/2021,6.459432
2/4/2021,6.463988
2/5/2021,6.470416
2/8/2021,6.454719
2/9/2021,6.435393
2/10/2021,6.451307
2/11/2021,6.45822
2/12/2021,6.459118
2/15/2021,6.458241
2/16/2021,6.458206
2/17/2021,6.458209
2/18/2021,6.46905
2/19/2021,6.451767
2/22/2021,6.46559
2/23/2021,6.465124
2/24/2021,6.451671
2/25/2021,6.453824
2/26/2021,6.466876
3/1/2021,6.468929
3/2/2021,6.471566
3/3/2021,6.465554
3/4/2021,6.468838
3/5/2021,6.490953
3/8/2021,6.526715
3/9/2021,6.514041
3/10/2021,6.511352
3/11/2021,6.484585
3/12/2021,6.505992
3/15/2021,6.502349
3/16/2021,6.5
3/17/2021,6.503317
3/18/2021,6.506632
3/19/2021,6.510218
3/22/2021,6.505283
3/23/2021,6.51073
3/24/2021,6.522875
3/25/2021,6.542959
3/26/2021,6.54074
3/29/2021,6.562627
3/30/2021,6.571331
3/31/2021,6.55113
4/1/2021,6.572025
4/6/2021,6.551812
4/7/2021,6.543336
4/8/2021,6.548387
4/9/2021,6.555686
4/12/2021,6.544607
4/13/2021,6.54884
4/14/2021,6.531762
4/15/2021,6.527068
4/16/2021,6.520691
4/19/2021,6.507935
4/20/2021,6.497635
4/21/2021,6.497127
4/22/2021,6.490204
4/23/2021,6.490966
4/26/2021,6.485643
4/27/2021,6.483537
4/28/2021,6.484507
4/29/2021,6.469041
4/30/2021,6.466976
5/3/2021,6.473514
5/4/2021,6.499958
5/5/2021,6.466972
5/6/2021,6.472139
5/7/2021,6.452359
5/10/2021,6.413428
5/11/2021,6.423747
5/12/2021,6.440914
5/13/2021,6.453853
5/14/2021,6.436031
5/17/2021,6.442065
5/18/2021,6.422926
5/19/2021,6.435801
5/20/2021,6.438007
5/21/2021,6.431982
5/24/2021,6.427039
5/25/2021,6.40574
5/26/2021,6.390465
5/27/2021,6.378751
5/28/2021,6.37638
5/31/2021,6.370134
6/1/2021,6.383885
6/2/2021,6.38536
6/3/2021,6.392878
6/4/2021,6.409755
6/7/2021,6.396563
6/8/2021,6.3978
6/9/2021,6.386142
6/10/2021,6.392969
6/11/2021,6.39332
6/14/2021,6.398696
6/15/2021,6.400892
6/16/2021,6.399043
6/17/2021,6.440228
6/18/2021,6.439654
6/21/2021,6.468421
6/22/2021,6.475029
6/23/2021,6.47586
6/24/2021,6.467242
6/25/2021,6.455146
6/28/2021,6.458606
6/29/2021,6.461474
6/30/2021,6.45759
7/1/2021,6.466005
7/2/2021,6.47839
7/5/2021,6.461908
7/6/2021,6.466042
7/7/2021,6.464204
7/8/2021,6.490286
7/9/2021,6.479508
7/12/2021,6.475785
7/13/2021,6.467241
7/14/2021,6.456824
7/15/2021,6.461512
7/16/2021,6.471191
7/19/2021,6.488526
7/20/2021,6.480255
7/21/2021,6.473072
7/22/2021,6.467346
7/23/2021,6.477777
7/26/2021,6.483923
7/27/2021,6.502879
7/28/2021,6.49801
7/29/2021,6.459277
7/30/2021,6.461862
8/2/2021,6.461972
8/3/2021,6.463441
8/4/2021,6.461344
8/5/2021,6.460338
8/6/2021,6.468959
8/9/2021,6.478191
8/10/2021,6.481402
8/11/2021,6.485407
8/12/2021,6.477213
8/13/2021,6.479983
8/16/2021,6.476639
8/17/2021,6.479477
8/18/2021,6.480935
8/19/2021,6.489484
8/20/2021,6.499357
8/23/2021,6.484895
8/24/2021,6.477172
8/25/2021,6.478442
8/26/2021,6.482961
8/27/2021,6.478616
8/30/2021,6.469536
8/31/2021,6.461467
9/1/2021,6.467039
9/2/2021,6.458129
9/3/2021,6.448366
9/6/2021,6.457434
9/7/2021,6.464587
9/8/2021,6.457766
9/9/2021,6.453962
9/10/2021,6.437632
9/13/2021,6.456621
9/14/2021,6.447266
9/15/2021,6.43344
9/16/2021,6.4481
9/17/2021,6.455348
9/20/2021,6.466228
9/21/2021,6.470012
9/22/2021,6.466877
9/23/2021,6.456936
9/24/2021,6.468385
9/27/2021,6.463413
9/28/2021,6.459411
9/29/2021,6.465334
9/30/2021,6.46403
10/1/2021,6.446638
10/4/2021,6.446631
10/5/2021,6.447595
10/6/2021,6.44663
10/7/2021,6.446636
10/8/2021,6.447489
10/11/2021,6.449283
10/12/2021,6.449329
10/13/2021,6.441965
10/14/2021,6.43708
10/15/2021,6.435356
10/18/2021,6.430283
10/19/2021,6.389018
10/20/2021,6.39267
10/21/2021,6.398814
10/22/2021,6.391831
10/25/2021,6.389899
10/26/2021,6.3801
10/27/2021,6.392356
10/28/2021,6.39774
10/29/2021,6.396565
11/1/2021,6.398083
11/2/2021,6.398259
11/3/2021,6.398514
11/4/2021,6.394935
11/5/2021,6.402986
11/8/2021,6.395025
11/9/2021,6.391034
11/10/2021,6.390898
11/11/2021,6.395462
11/12/2021,6.380765
11/15/2021,6.381859
11/16/2021,6.388723
11/17/2021,6.377695
11/18/2021,6.383341
11/19/2021,6.390471
11/22/2021,6.381894
11/23/2021,6.389821
11/24/2021,6.389434
11/25/2021,6.386528
11/26/2021,6.389957
11/29/2021,6.38542
11/30/2021,6.371117
12/1/2021,6.369542
12/2/2021,6.375959
12/3/2021,6.371003
12/6/2021,6.37778
12/7/2021,6.36736
12/8/2021,6.347995
12/9/2021,6.375564
12/10/2021,6.370443
12/13/2021,6.364338
12/14/2021,6.36272
12/15/2021,6.365743
12/16/2021,6.36759
12/17/2021,6.375463
12/20/2021,6.376475
12/21/2021,6.371403
12/22/2021,6.371029
12/23/2021,6.370999
12/24/2021,6.367765
12/27/2021,6.372613
12/28/2021,6.368282
12/29/2021,6.369459
12/30/2021,6.37286
12/31/2021,6.352375
1/3/2022,6.356143
1/4/2022,6.376806
1/5/2022,6.368672
1/6/2022,6.379761
1/7/2022,6.37812
1/10/2022,6.372857
1/11/2022,6.373941
1/12/2022,6.365787
1/13/2022,6.360726
1/14/2022,6.353455
1/17/2022,6.349382
1/18/2022,6.352776
1/19/2022,6.346673
1/20/2022,6.344682
1/21/2022,6.339972
1/24/2022,6.328114
1/25/2022,6.329872
1/26/2022,6.321983
1/27/2022,6.367473
1/28/2022,6.361735
1/31/2022,6.360972
2/1/2022,6.361012
2/2/2022,6.361035
2/3/2022,6.361421
2/4/2022,6.361043
2/7/2022,6.360356
2/8/2022,6.367111
2/9/2022,6.362833
2/10/2022,6.357374
2/11/2022,6.355785
2/14/2022,6.357105
2/15/2022,6.343676
2/16/2022,6.340222
2/17/2022,6.337731
2/18/2022,6.327286
2/21/2022,6.335421
2/22/2022,6.327896
2/23/2022,6.317789
2/24/2022,6.324554
2/25/2022,6.314907
2/28/2022,6.310385
3/1/2022,6.312668
3/2/2022,6.316676
3/3/2022,6.31961
3/4/2022,6.319425
3/7/2022,6.319045
3/8/2022,6.317022
3/9/2022,6.318021
3/10/2022,6.321093
3/11/2022,6.336033
3/14/2022,6.362956
3/15/2022,6.379492
3/16/2022,6.350464
3/17/2022,6.350195
3/18/2022,6.361828
3/21/2022,6.355499
3/22/2022,6.36221
3/23/2022,6.372599
3/24/2022,6.370286
3/25/2022,6.363116
3/28/2022,6.370782
3/29/2022,6.364456
3/30/2022,6.351429
3/31/2022,6.342041
4/1/2022,6.361835
4/4/2022,6.363108
4/5/2022,6.361838
4/6/2022,6.362538
4/7/2022,6.362037
4/8/2022,6.363595
4/11/2022,6.367431
4/12/2022,6.371329
4/13/2022,6.367911
4/14/2022,6.372495
4/19/2022,6.387855
4/20/2022,6.412558
4/21/2022,6.450629
4/22/2022,6.501988
4/25/2022,6.551089
4/26/2022,6.542721
4/27/2022,6.555514
4/28/2022,6.617167
4/29/2022,6.58833
5/2/2022,6.608514
5/3/2022,6.608469
5/4/2022,6.608489
5/5/2022,6.618471
5/6/2022,6.670388
5/9/2022,6.713325
5/10/2022,6.72418
5/11/2022,6.717805
5/12/2022,6.791987
5/13/2022,6.789889
5/16/2022,6.791979
5/17/2022,6.726022
5/18/2022,6.744465
5/19/2022,6.748504
5/20/2022,6.678453
5/23/2022,6.646965
5/24/2022,6.665019
5/25/2022,6.694257
5/26/2022,6.733103
5/27/2022,6.699403
5/30/2022,6.664344
5/31/2022,6.664986
6/1/2022,6.682786
6/2/2022,6.673214
6/3/2022,6.660298
6/6/2022,6.64022
6/7/2022,6.672857
6/8/2022,6.684514
6/9/2022,6.676161
6/10/2022,6.699565
6/13/2022,6.736872
6/14/2022,6.737179
6/15/2022,6.712012
6/16/2022,6.715769
6/17/2022,6.70494
6/20/2022,6.68879
6/21/2022,6.699526
6/22/2022,6.710769
6/23/2022,6.70609
6/24/2022,6.696883
6/27/2022,6.690976
6/28/2022,6.701543
6/29/2022,6.692213
6/30/2022,6.702994
7/1/2022,6.702158
7/4/2022,6.693161
7/5/2022,6.708358
7/6/2022,6.710131
7/7/2022,6.702358
7/8/2022,6.700285
7/11/2022,6.713508
7/12/2022,6.723561
7/13/2022,6.727128
7/14/2022,6.758421
7/15/2022,6.754449
7/18/2022,6.738328
7/19/2022,6.74124
7/20/2022,6.75478
7/21/2022,6.769291
7/22/2022,6.75682
7/25/2022,6.750098
7/26/2022,6.76126
7/27/2022,6.750788
7/28/2022,6.750148
7/29/2022,6.737105
8/1/2022,6.753152
8/2/2022,6.76027
8/3/2022,6.752011
8/4/2022,6.754641
8/5/2022,6.749536
8/8/2022,6.758604
8/9/2022,6.752589
8/10/2022,6.752048
8/11/2022,6.739021
8/12/2022,6.743024
8/15/2022,6.772928
8/16/2022,6.78778
8/17/2022,6.7805
8/18/2022,6.785223
8/19/2022,6.816292
8/22/2022,6.845015
8/23/2022,6.84517
8/24/2022,6.867324
8/25/2022,6.852257
8/26/2022,6.862296
8/29/2022,6.91408
8/30/2022,6.899841
8/31/2022,6.8947
9/1/2022,6.89894
9/2/2022,6.907936
9/5/2022,6.932258
9/6/2022,6.959206
9/7/2022,6.977036
9/8/2022,6.950145
9/9/2022,6.92039
9/12/2022,6.927425
9/13/2022,6.925504
9/14/2022,6.961962
9/15/2022,6.990793
9/16/2022,7.01095
9/19/2022,7.013614
9/20/2022,7.012818
9/21/2022,7.048355
9/22/2022,7.062323
9/23/2022,7.119336
9/26/2022,7.160999
9/27/2022,7.170883
9/28/2022,7.234605
9/29/2022,7.13198
9/30/2022,7.116126
10/3/2022,7.116039
10/4/2022,7.115964
10/5/2022,7.115986
10/6/2022,7.116024
10/7/2022,7.115954
10/10/2022,7.151078
10/11/2022,7.165381
10/12/2022,7.171131
10/13/2022,7.181949
10/14/2022,7.19893
10/17/2022,7.200945
10/18/2022,7.199288
10/19/2022,7.227654
10/20/2022,7.222301
10/21/2022,7.246043
10/24/2022,7.262613
10/25/2022,7.308792
10/26/2022,7.17829
10/27/2022,7.228455
10/28/2022,7.251432
10/31/2022,7.300787
11/1/2022,7.254951
11/2/2022,7.2826
11/3/2022,7.317441
11/4/2022,7.181321
11/7/2022,7.223957
11/8/2022,7.252401
11/9/2022,7.253013
11/10/2022,7.251758
11/11/2022,7.10778
11/14/2022,7.065219
11/15/2022,7.045271
11/16/2022,7.080292
11/17/2022,7.157573
11/18/2022,7.118464
11/21/2022,7.165626
11/22/2022,7.138797
11/23/2022,7.165327
11/24/2022,7.148948
11/25/2022,7.173494
11/28/2022,7.199274
11/29/2022,7.166602
11/30/2022,7.077583
12/1/2022,7.075282
12/2/2022,7.019453
12/5/2022,6.949372
12/6/2022,6.988779
12/7/2022,6.97844
12/8/2022,6.970625
12/9/2022,6.958519
12/12/2022,6.975005
12/13/2022,6.98312
12/14/2022,6.949854
12/15/2022,6.967988
12/16/2022,6.972125
12/19/2022,6.973108
12/20/2022,6.972356
12/21/2022,6.978093
12/22/2022,6.981003
12/23/2022,6.985314
12/27/2022,6.964797
12/28/2022,6.97594
12/29/2022,6.963189
12/30/2022,6.898744
1/2/2023,6.898624
1/3/2023,6.90972
1/4/2023,6.886027
1/5/2023,6.87322
1/6/2023,6.861429
1/9/2023,6.782536
1/10/2023,6.782803
1/11/2023,6.774635
1/12/2023,6.748979
1/13/2023,6.725448
1/16/2023,6.732427
1/17/2023,6.776077
1/18/2023,6.752745
1/19/2023,6.789089
1/20/2023,6.782283
1/23/2023,6.782265
1/24/2023,6.78228
1/25/2023,6.782313
1/26/2023,6.782285
1/27/2023,6.782329
1/30/2023,6.750527
1/31/2023,6.756946
2/1/2023,6.742427
2/2/2023,6.723517
2/3/2023,6.737588
2/6/2023,6.782665
2/7/2023,6.785794
2/8/2023,6.785375
2/9/2023,6.776715
2/10/2023,6.813564
2/13/2023,6.824818
2/14/2023,6.814202
2/15/2023,6.843832
2/16/2023,6.855234
2/17/2023,6.878212
2/20/2023,6.856942
2/21/2023,6.880345
2/22/2023,6.892803
2/23/2023,6.897796
2/24/2023,6.943992
2/27/2023,6.952625
2/28/2023,6.936906
3/1/2023,6.865313
3/2/2023,6.91042
3/3/2023,6.907772
3/6/2023,6.932369
3/7/2023,6.93624
3/8/2023,6.952584
3/9/2023,6.965605
3/10/2023,6.952012
3/13/2023,6.857183
3/14/2023,6.869517
3/15/2023,6.90729
3/16/2023,6.89429
3/17/2023,6.882896
3/20/2023,6.880564
3/21/2023,6.872494
3/22/2023,6.883449
3/23/2023,6.830775
3/24/2023,6.870731
3/27/2023,6.881184
3/28/2023,6.877041
3/29/2023,6.884761
3/30/2023,6.880213
3/31/2023,6.874759
4/3/2023,6.884269
4/4/2023,6.883222
4/5/2023,6.879799
4/6/2023,6.872561
4/11/2023,6.884915
4/12/2023,6.883629
4/13/2023,6.877712
4/14/2023,6.851859
4/17/2023,6.869411
4/18/2023,6.875319
4/19/2023,6.897101
4/20/2023,6.8803
4/21/2023,6.888231
4/24/2023,6.893019
4/25/2023,6.921521
4/26/2023,6.923091
4/27/2023,6.923927
4/28/2023,6.919133
5/2/2023,6.912084
5/3/2023,6.912071
5/4/2023,6.911504
5/5/2023,6.910478
5/8/2023,6.917369
5/9/2023,6.921526
5/10/2023,6.924018
5/11/2023,6.936597
5/12/2023,6.952075
5/15/2023,6.953016
5/16/2023,6.965628
5/17/2023,6.996214
5/18/2023,7.027005
5/19/2023,7.010178
5/22/2023,7.028923
5/23/2023,7.054365
5/24/2023,7.047288
5/25/2023,7.069492
5/26/2023,7.05739
5/29/2023,7.076062
5/30/2023,7.072785
5/31/2023,7.10718
6/1/2023,7.110966
6/2/2023,7.067267
6/5/2023,7.115248
6/6/2023,7.117851
6/7/2023,7.113465
6/8/2023,7.128714
6/9/2023,7.127922
6/12/2023,7.142406
6/13/2023,7.149727
6/14/2023,7.157276
6/15/2023,7.162492
6/16/2023,7.122013
6/19/2023,7.158213
6/20/2023,7.176621
6/21/2023,7.18841
6/22/2023,7.179426
6/23/2023,7.179438
6/26/2023,7.233193
6/27/2023,7.211761
6/28/2023,7.24648
6/29/2023,7.235326
6/30/2023,7.26882
7/3/2023,7.249014
7/4/2023,7.218541
7/5/2023,7.243129
7/6/2023,7.231856
7/7/2023,7.234846
7/10/2023,7.237222
7/11/2023,7.20202
7/12/2023,7.192343
7/13/2023,7.163119
7/14/2023,7.136262
7/17/2023,7.16447
7/18/2023,7.174145
7/19/2023,7.219212
7/20/2023,7.166205
7/21/2023,7.179718
7/24/2023,7.187185
7/25/2023,7.140983
7/26/2023,7.153359
7/27/2023,7.146966
7/28/2023,7.157039
7/31/2023,7.149415
8/1/2023,7.166819
8/2/2023,7.176058
8/3/2023,7.171332
8/4/2023,7.186278
8/7/2023,7.190095
8/8/2023,7.213999
8/9/2023,7.205507
8/10/2023,7.208821
8/11/2023,7.232279
8/14/2023,7.260384
8/15/2023,7.285832
8/16/2023,7.29727
8/17/2023,7.283211
8/18/2023,7.287844
8/21/2023,7.284195
8/22/2023,7.291908
8/23/2023,7.29255
8/24/2023,7.281734
8/25/2023,7.289323
8/28/2023,7.292931
8/29/2023,7.29427
8/30/2023,7.288903
8/31/2023,7.287081
9/1/2023,7.255533
9/4/2023,7.270438
9/5/2023,7.304072
9/6/2023,7.30349
9/7/2023,7.328478
9/8/2023,7.33978
9/11/2023,7.294853
9/12/2023,7.291608
9/13/2023,7.280723
9/14/2023,7.278006
9/15/2023,7.277257
9/18/2023,7.295883
9/19/2023,7.291235
9/20/2023,7.29387
9/21/2023,7.305595
9/22/2023,7.304029
9/25/2023,7.310072
9/26/2023,7.309477
9/27/2023,7.311219
9/28/2023,7.304868
9/29/2023,7.301491
10/2/2023,7.301519
10/3/2023,7.301461
10/4/2023,7.301515
10/5/2023,7.301539
10/6/2023,7.304932
10/9/2023,7.291235
10/10/2023,7.298998
10/11/2023,7.302244
10/12/2023,7.299557
10/13/2023,7.307298
10/16/2023,7.312393
10/17/2023,7.312707
10/18/2023,7.314529
10/19/2023,7.315117
10/20/2023,7.316495
10/23/2023,7.316127
10/24/2023,7.310008
10/25/2023,7.31666
10/26/2023,7.318975
10/27/2023,7.318376
10/30/2023,7.316832
10/31/2023,7.315755
11/1/2023,7.318971
11/2/2023,7.317231
11/3/2023,7.306391
11/6/2023,7.270645
11/7/2023,7.284204
11/8/2023,7.281323
11/9/2023,7.285193
11/10/2023,7.289525
11/13/2023,7.290909
11/14/2023,7.289351
11/15/2023,7.241627
11/16/2023,7.249977
11/17/2023,7.212472
11/20/2023,7.172218
11/21/2023,7.136285
11/22/2023,7.150124
11/23/2023,7.142385
11/24/2023,7.153719
11/27/2023,7.152863
11/28/2023,7.153439
11/29/2023,7.127538
11/30/2023,7.136401
12/1/2023,7.143448
12/4/2023,7.138388
12/5/2023,7.143293
12/6/2023,7.157914
12/7/2023,7.15421
12/8/2023,7.161455
12/11/2023,7.17728
12/12/2023,7.168364
12/13/2023,7.177714
12/14/2023,7.131239
12/15/2023,7.108716
12/18/2023,7.134365
12/19/2023,7.136563
12/20/2023,7.138249
12/21/2023,7.140672
12/22/2023,7.134174
12/27/2023,7.147402
12/28/2023,7.102843
12/29/2023,7.104887
1/2/2024,7.143483
1/3/2024,7.148732
1/4/2024,7.151465
1/5/2024,7.154107
1/8/2024,7.16216
1/9/2024,7.164625
1/10/2024,7.169377
1/11/2024,7.158369
1/12/2024,7.169713
1/15/2024,7.174874
1/16/2024,7.189579
1/17/2024,7.195182
1/18/2024,7.193655
1/19/2024,7.191237
1/22/2024,7.194582
1/23/2024,7.17007
1/24/2024,7.152315
1/25/2024,7.169099
1/26/2024,7.174501
1/29/2024,7.17934
1/30/2024,7.179237
1/31/2024,7.178094
2/1/2024,7.182171
2/2/2024,7.177341
2/5/2024,7.198027
2/6/2024,7.18896
2/7/2024,7.194599
2/8/2024,7.196505
2/9/2024,7.193557
2/12/2024,7.193632
2/13/2024,7.193644
2/14/2024,7.193597
2/15/2024,7.194266
2/16/2024,7.193629
2/19/2024,7.198404
2/20/2024,7.194779
2/21/2024,7.19123
2/22/2024,7.191811
2/23/2024,7.196972
2/26/2024,7.19683
2/27/2024,7.197863
2/28/2024,7.199019
2/29/2024,7.194532
3/1/2024,7.198465
3/4/2024,7.199336
3/5/2024,7.199189
3/6/2024,7.198915
3/7/2024,7.197063
3/8/2024,7.189352
3/11/2024,7.182043
3/12/2024,7.177538
3/13/2024,7.192431
3/14/2024,7.191213
3/15/2024,7.196107
3/18/2024,7.198127
3/19/2024,7.199189
3/20/2024,7.198266
3/21/2024,7.199046
3/22/2024,7.229511
3/25/2024,7.21126
3/26/2024,7.218609
3/27/2024,7.228365
3/28/2024,7.228194
4/2/2024,7.235929
4/3/2024,7.235741
4/4/2024,7.233782
4/5/2024,7.233742
4/8/2024,7.23293
4/9/2024,7.233183
4/10/2024,7.232781
4/11/2024,7.237021
4/12/2024,7.237514
4/15/2024,7.238551
4/16/2024,7.238413
4/17/2024,7.238767
4/18/2024,7.237944
4/19/2024,7.241059
4/22/2024,7.243416
4/23/2024,7.246862
4/24/2024,7.246023
4/25/2024,7.246455
4/26/2024,7.246407
4/29/2024,7.241325
4/30/2024,7.240996
5/2/2024,7.241073
5/3/2024,7.241065
5/6/2024,7.206941
5/7/2024,7.217815
5/8/2024,7.228055
5/9/2024,7.226426
5/10/2024,7.224882
5/13/2024,7.234368
5/14/2024,7.234439
5/15/2024,7.220458
5/16/2024,7.217927
5/17/2024,7.227038
5/20/2024,7.23322
5/21/2024,7.235825
5/22/2024,7.240443
5/23/2024,7.239543
5/24/2024,7.243727
5/27/2024,7.243844
5/28/2024,7.245176
5/29/2024,7.249332
5/30/2024,7.236338
5/31/2024,7.240785
6/3/2024,7.24608
6/4/2024,7.237
6/5/2024,7.247517
6/6/2024,7.244823
6/7/2024,7.241329
6/10/2024,7.247769
6/11/2024,7.254334
6/12/2024,7.253693
6/13/2024,7.252504
6/14/2024,7.255194
6/17/2024,7.256161
6/18/2024,7.255996
6/19/2024,7.256954
6/20/2024,7.260472
6/21/2024,7.260666
6/24/2024,7.25918
6/25/2024,7.262554
6/26/2024,7.266629
6/27/2024,7.268605
6/28/2024,7.262774
7/1/2024,7.268218
7/2/2024,7.271321
7/3/2024,7.273378
7/4/2024,7.269907
7/5/2024,7.266722
7/8/2024,7.269589
7/9/2024,7.271962
7/10/2024,7.276028
7/11/2024,7.265039
7/12/2024,7.252893
7/15/2024,7.261942
7/16/2024,7.266832
7/17/2024,7.259192
7/18/2024,7.257731
7/19/2024,7.269513
7/22/2024,7.273237
7/23/2024,7.274678
7/24/2024,7.276364
7/25/2024,7.218782
7/26/2024,7.251381
7/29/2024,7.258759
7/30/2024,7.251386
7/31/2024,7.221463
8/1/2024,7.248401
8/2/2024,7.205814
8/5/2024,7.117089
8/6/2024,7.152634
8/7/2024,7.180461
8/8/2024,7.172278
8/9/2024,7.170468
8/12/2024,7.179771
8/13/2024,7.163206
8/14/2024,7.135584
8/15/2024,7.157933
8/16/2024,7.163726
8/19/2024,7.141382
8/20/2024,7.144713
8/21/2024,7.134401
8/22/2024,7.138841
8/23/2024,7.136409
8/26/2024,7.122816
8/27/2024,7.12659
8/28/2024,7.128992
8/29/2024,7.093525
8/30/2024,7.088031
9/2/2024,7.11301
9/3/2024,7.12406
9/4/2024,7.117466
9/5/2024,7.095521
9/6/2024,7.083671
9/9/2024,7.116635
9/10/2024,7.119028
9/11/2024,7.111654
9/12/2024,7.120643
9/13/2024,7.096291
9/16/2024,7.096261
9/17/2024,7.096328
9/18/2024,7.083513
9/19/2024,7.065884
9/20/2024,7.054988
9/23/2024,7.054411
9/24/2024,7.032246
9/25/2024,7.029837
9/26/2024,7.011475
9/27/2024,7.011113
9/30/2024,7.012415
10/1/2024,7.018492
10/2/2024,7.018517
10/3/2024,7.01848
10/4/2024,7.018497
10/7/2024,7.018485
10/8/2024,7.052358
10/9/2024,7.067172
10/10/2024,7.077936
10/11/2024,7.06546
10/14/2024,7.084929
10/15/2024,7.114922
10/16/2024,7.113059
10/17/2024,7.121756
10/18/2024,7.104729
10/21/2024,7.113056
10/22/2024,7.120599
10/23/2024,7.129098
10/24/2024,7.114897
10/25/2024,7.124527
10/28/2024,7.126918
10/29/2024,7.137089
10/30/2024,7.124734
10/31/2024,7.115971
11/1/2024,7.110978
11/4/2024,7.094919
11/5/2024,7.103331
11/6/2024,7.178962
11/7/2024,7.154288
11/8/2024,7.169792
11/11/2024,7.202986
11/12/2024,7.231892
11/13/2024,7.209145
11/14/2024,7.240767
11/15/2024,7.227818
11/18/2024,7.244314
11/19/2024,7.239365
11/20/2024,7.245597
11/21/2024,7.239597
11/22/2024,7.247215
11/25/2024,7.243259
11/26/2024,7.248147
11/27/2024,7.249739
11/28/2024,7.247486
11/29/2024,7.241432
12/2/2024,7.273342
12/3/2024,7.285864
12/4/2024,7.270778
12/5/2024,7.26537
12/6/2024,7.263208
12/9/2024,7.264383
12/10/2024,7.253159
12/11/2024,7.263539
12/12/2024,7.270232
12/13/2024,7.274197
12/16/2024,7.283578
12/17/2024,7.284367
12/18/2024,7.284966
12/19/2024,7.297547
12/20/2024,7.29846
12/23/2024,7.29924
12/24/2024,7.296104
12/27/2024,7.299377
12/30/2024,7.299311
12/31/2024,7.299355
1/2/2025,7.299486
1/3/2025,7.318283
1/6/2025,7.316708
1/7/2025,7.326277
1/8/2025,7.331616
1/9/2025,7.332169
1/10/2025,7.331328
1/13/2025,7.331928
1/14/2025,7.331186
1/15/2025,7.331553
1/16/2025,7.331678
1/17/2025,7.328996
1/20/2025,7.31204
1/21/2025,7.284252
1/22/2025,7.26726
1/23/2025,7.288447
1/24/2025,7.24704
1/27/2025,7.246534
1/28/2025,7.246617
1/29/2025,7.251347
1/30/2025,7.25137
1/31/2025,7.251323
2/3/2025,7.251314
2/4/2025,7.251379
2/5/2025,7.272788
2/6/2025,7.288707
2/7/2025,7.288619
2/10/2025,7.305717
2/11/2025,7.307245
2/12/2025,7.308968
2/13/2025,7.297113
2/14/2025,7.266749
2/17/2025,7.263057
2/18/2025,7.280176
2/19/2025,7.285509
2/20/2025,7.259121
2/21/2025,7.255901
2/24/2025,7.250048
2/25/2025,7.261027
2/26/2025,7.258987
2/27/2025,7.266107
2/28/2025,7.279032
3/3/2025,7.28925
3/4/2025,7.257175
3/5/2025,7.263419
3/6/2025,7.247777
3/7/2025,7.235977
3/10/2025,7.25846
3/11/2025,7.233229
3/12/2025,7.243064
3/13/2025,7.247738
3/14/2025,7.238681
3/17/2025,7.233697
3/18/2025,7.227239
3/19/2025,7.230063
3/20/2025,7.244623
3/21/2025,7.248268
3/24/2025,7.253603
3/25/2025,7.258291
3/26/2025,7.265573
3/27/2025,7.265739
3/28/2025,7.265444
3/31/2025,7.253074
4/1/2025,7.270208
4/2/2025,7.269184
4/3/2025,7.291971
4/4/2025,7.282084
4/7/2025,7.308744
4/8/2025,7.338721
4/9/2025,7.349842
4/10/2025,7.321512
4/11/2025,7.299401
4/14/2025,7.312648
4/15/2025,7.314995
4/16/2025,7.306121
4/17/2025,7.297535
4/22/2025,7.313437
4/23/2025,7.288568
4/24/2025,7.289469
4/25/2025,7.28828
4/28/2025,7.298028
4/29/2025,7.272927
4/30/2025,7.265893
5/2/2025,7.271357
5/5/2025,7.271357
5/6/2025,7.217219
5/7/2025,7.225264
5/8/2025,7.237674
5/9/2025,7.240491
5/12/2025,7.203223
5/13/2025,7.201314
5/14/2025,7.204744
5/15/2025,7.211533
5/16/2025,7.205557
5/19/2025,7.212307
5/20/2025,7.219464
5/21/2025,7.203427
5/22/2025,7.204616
5/23/2025,7.184939
5/26/2025,7.186978
5/27/2025,7.195227
5/28/2025,7.192896
5/29/2025,7.188458
5/30/2025,7.194285
6/2/2025,7.199755
6/3/2025,7.187862
6/4/2025,7.188598
6/5/2025,7.1792
6/6/2025,7.182105
6/9/2025,7.181683
6/10/2025,7.184793
6/11/2025,7.187265
6/12/2025,7.176212
6/13/2025,7.182245
6/16/2025,7.180059
6/17/2025,7.182832
6/18/2025,7.188304
6/19/2025,7.187315
6/20/2025,7.176987
6/23/2025,7.186367
6/24/2025,7.17343
6/25/2025,7.174513
6/26/2025,7.170757
6/27/2025,7.171822
6/30/2025,7.164676
7/1/2025,7.162066
7/2/2025,7.16929
7/3/2025,7.161518
7/4/2025,7.162828
7/7/2025,7.173261
7/8/2025,7.174091
7/9/2025,7.180116
7/10/2025,7.174823
7/11/2025,7.167765
7/14/2025,7.167237
7/15/2025,7.172996
7/16/2025,7.180572
7/17/2025,7.181708
7/18/2025,7.17794
7/21/2025,7.176309
7/22/2025,7.174972
7/23/2025,7.160242
7/24/2025,7.157366
7/25/2025,7.168714
7/28/2025,7.173932
7/29/2025,7.177491
7/30/2025,7.18166
7/31/2025,7.194653
8/1/2025,7.211768
8/4/2025,7.176221
8/5/2025,7.187424
8/6/2025,7.185712
8/7/2025,7.179163
8/8/2025,7.183808
8/11/2025,7.18465
8/12/2025,7.187317
8/13/2025,7.174451
8/14/2025,7.170573
8/15/2025,7.179073
8/18/2025,7.178789
8/19/2025,7.179079
8/20/2025,7.176122
8/21/2025,7.178194
8/22/2025,7.178928
8/25/2025,7.15645
8/26/2025,7.15743
8/27/2025,7.161822
8/28/2025,7.131381
8/29/2025,7.13287
9/1/2025,7.134528
9/2/2025,7.144256
9/3/2025,7.145628
9/4/2025,7.140723
9/5/2025,7.137642
9/8/2025,7.12986
9/9/2025,7.121509
9/10/2025,7.122832
9/11/2025,7.12469
9/12/2025,7.122461
9/15/2025,7.121792
9/16/2025,7.115271
9/17/2025,7.104165
9/18/2025,7.105517
9/19/2025,7.115712
9/22/2025,7.11213
9/23/2025,7.111761
9/24/2025,7.127084
9/25/2025,7.124116
9/26/2025,7.137423
9/29/2025,7.121215
9/30/2025,7.119581
10/1/2025,7.119584
10/2/2025,7.119534
10/3/2025,7.119567
10/6/2025,7.119541
10/7/2025,7.119578
10/8/2025,7.119549
10/9/2025,7.122384
10/10/2025,7.122839
10/13/2025,7.132077
10/14/2025,7.139964
10/15/2025,7.126398
10/16/2025,7.125848
10/17/2025,7.122335
10/20/2025,7.123466
10/21/2025,7.118635
10/22/2025,7.126607
10/23/2025,7.124385
10/24/2025,7.12246
10/27/2025,7.107474
10/28/2025,7.101376
10/29/2025,7.099433
10/30/2025,7.114286
10/31/2025,7.11615
11/3/2025,7.120636
11/4/2025,7.125315
11/5/2025,7.127132
11/6/2025,7.119483
11/7/2025,7.120837
11/10/2025,7.119264
11/11/2025,7.118531
11/12/2025,7.116534
11/13/2025,7.096136
11/14/2025,7.096068
11/17/2025,7.107565
11/18/2025,7.11044
11/19/2025,7.110334
11/20/2025,7.113775
11/21/2025,7.109809
11/24/2025,7.088791
11/25/2025,7.085534
11/26/2025,7.079468
11/27/2025,7.083376
11/28/2025,7.075566
12/1/2025,7.071784
12/2/2025,7.071035
12/3/2025,7.06385
12/4/2025,7.071661
12/5/2025,7.070245
12/8/2025,7.068039
12/9/2025,7.064278
12/10/2025,7.062489
12/11/2025,7.05805
12/12/2025,7.054727
12/15/2025,7.047052
12/16/2025,7.042289
12/17/2025,7.043934
12/18/2025,7.0413
12/19/2025,7.041069
12/22/2025,7.037037
12/23/2025,7.028084
12/24/2025,7.014423
12/29/2025,7.006459
12/30/2025,6.99294
12/31/2025,7.001021
1/2/2026,6.993687
1/5/2026,6.985425
1/6/2026,6.984368
1/7/2026,6.991185
1/8/2026,6.981842
1/9/2026,6.982305
1/12/2026,6.973059
1/13/2026,6.975631
1/14/2026,6.973393
1/15/2026,6.967309
1/16/2026,6.9697
1/19/2026,6.963374
1/20/2026,6.958902
1/21/2026,6.963881
1/22/2026,6.975739
1/23/2026,6.964572
1/26/2026,6.954376
1/27/2026,6.954816
1/28/2026,6.946384
1/29/2026,6.94619
1/30/2026,6.949744
2/2/2026,6.943412
2/3/2026,6.938141
2/4/2026,6.941709
2/5/2026,6.939227
2/6/2026,6.938952
2/9/2026,6.922514
2/10/2026,6.914831
2/11/2026,6.911345
2/12/2026,6.901129
2/13/2026,6.908616
2/16/2026,6.908646
2/17/2026,6.908676
2/18/2026,6.908653
2/19/2026,6.908619
2/20/2026,6.908643
2/23/2026,6.90869
2/24/2026,6.881719
2/25/2026,6.869484
2/26/2026,6.84129
2/27/2026,6.858196
3/2/2026,6.882544
3/3/2026,6.907634
3/4/2026,6.89733
3/5/2026,6.901102
3/6/2026,6.90468
3/9/2026,6.917265
3/10/2026,6.877158
3/11/2026,6.866246
3/12/2026,6.86897
3/13/2026,6.896567
3/16/2026,6.896149
3/17/2026,6.886827
3/18/2026,6.888174
3/19/2026,6.900426
3/20/2026,6.894331
3/23/2026,6.891687
3/24/2026,6.893363
3/25/2026,6.8995
3/26/2026,6.910218
3/27/2026,6.91378
3/30/2026,6.911355
3/31/2026,6.900417
4/1/2026,6.873847
4/2/2026,6.897614
4/7/2026,6.857402
4/8/2026,6.82966
4/9/2026,6.83466
4/10/2026,6.828366
4/13/2026,6.832164
4/14/2026,6.815823
4/15/2026,6.821138
4/16/2026,6.821253
4/17/2026,6.822328
4/20/2026,6.817687
4/21/2026,6.815841
4/22/2026,6.824427
4/23/2026,6.834958
4/24/2026,6.836322
4/27/2026,6.823134
4/28/2026,6.838784
4/29/2026,6.833504
4/30/2026,6.828747
5/4/2026,6.830256
5/5/2026,6.830224
5/6/2026,6.811172
5/7/2026,6.801869
5/8/2026,6.801207
5/11/2026,6.796515
5/12/2026,6.792128
5/13/2026,6.790952
5/14/2026,6.785165
5/15/2026,6.81063
5/18/2026,6.800223
5/19/2026,6.80611
5/20/2026,6.802759
5/21/2026,6.802224
5/22/2026,6.795257
5/25/2026,6.784334
5/26/2026,6.785199
5/27/2026,6.782074
5/28/2026,6.779892
5/29/2026,6.766833
6/1/2026,6.76507
6/2/2026,6.762641
6/3/2026,6.769416
6/4/2026,6.773883
6/5/2026,6.765636
6/8/2026,6.781889
6/9/2026,6.771537
6/10/2026,6.780744
6/11/2026,6.777412
6/12/2026,6.762341
6/15/2026,6.757043
6/16/2026,6.756426
6/17/2026,6.759469
6/18/2026,6.771573
6/19/2026,6.769338
6/22/2026,6.774791
6/23/2026,6.785727
6/24/2026,6.810935
6/25/2026,6.798184
6/26/2026,6.798176
6/29/2026,6.793968
6/30/2026,6.785501
7/1/2026,6.794518
7/2/2026,6.789017
7/3/2026,6.781447
7/6/2026,6.795707
7/7/2026,6.793493
7/8/2026,6.800246
7/9/2026,6.795977
7/10/2026,6.774541
7/13/2026,6.777574
7/14/2026,6.780096
7/15/2026,6.774329
7/16/2026,6.766896
7/17/2026,6.777525
7/20/2026,6.766935
7/21/2026,6.766071
7/22/2026,6.772966
7/23/2026,6.770277
7/24/2026,6.772172
7/27/2026,6.76609
7/28/2026,6.771268
7/29/2026,6.766257
7/30/2026,6.755054
7/31/2026,6.751328
8/3/2026,6.752579
8/4/2026,6.753539
8/5/2026,6.749957
8/6/2026,6.74909
8/7/2026,6.747638
8/10/2026,6.744353
8/11/2026,6.745321
8/12/2026,6.743179
8/13/2026,6.743021
8/14/2026,6.741333
8/17/2026,6.739412
8/18/2026,6.742312
8/19/2026,6.738216
8/20/2026,6.723568
8/21/2026,6.720574
8/24/2026,6.722737
8/25/2026,6.719774
8/26/2026,6.720542
8/27/2026,6.720309
8/28/2026,6.720862
8/31/2026,6.719731
9/1/2026,6.722261
9/2/2026,6.721541
9/3/2026,6.71907
9/4/2026,6.710893
9/7/2026,6.710979
9/8/2026,6.710522
9/9/2026,6.707775
9/10/2026,6.706267
9/11/2026,6.708247
9/14/2026,6.708424
9/15/2026,6.7115
