Day,Value-EUR
1/2/2015,0.830358
1/5/2015,0.839278
1/6/2015,0.839349
1/7/2015,0.845237
1/8/2015,0.849762
1/9/2015,0.846525
1/12/2015,0.84717
1/13/2015,0.848752
1/14/2015,0.849257
1/15/2015,0.854117
1/16/2015,0.862962
1/19/2015,0.861698
1/20/2015,0.863632
1/21/2015,0.862589
1/22/2015,0.860733
1/23/2015,0.893017
1/26/2015,0.889363
1/27/2015,0.884486
1/28/2015,0.881523
1/29/2015,0.883783
1/30/2015,0.884564
2/2/2015,0.884173
2/3/2015,0.879044
2/4/2015,0.873668
2/5/2015,0.876424
2/6/2015,0.873591
2/9/2015,0.886918
2/10/2015,0.885191
2/11/2015,0.883861
2/12/2015,0.882768
2/13/2015,0.878657
2/16/2015,0.876578
2/17/2015,0.87604
2/18/2015,0.879353
2/19/2015,0.878194
2/20/2015,0.885112
2/23/2015,0.885112
2/24/2015,0.882768
2/25/2015,0.881368
2/26/2015,0.883626
2/27/2015,0.88968
3/2/2015,0.89071
3/3/2015,0.895415
3/4/2015,0.898957
3/5/2015,0.903424
3/6/2015,0.912159
3/9/2015,0.92081
3/10/2015,0.931272
3/11/2015,0.945358
3/12/2015,0.942241
3/13/2015,0.945895
3/16/2015,0.947239
3/17/2015,0.940291
3/18/2015,0.944109
3/19/2015,0.936593
3/20/2015,0.927988
3/23/2015,0.916422
3/24/2015,0.913242
3/25/2015,0.910332
3/26/2015,0.911328
3/27/2015,0.92115
3/30/2015,0.922084
3/31/2015,0.929454
4/1/2015,0.9298
4/2/2015,0.923361
4/7/2015,0.921914
4/8/2015,0.920641
4/9/2015,0.92816
4/10/2015,0.946074
4/13/2015,0.947688
4/14/2015,0.946611
4/15/2015,0.945269
4/16/2015,0.93362
4/17/2015,0.924727
4/20/2015,0.932575
4/21/2015,0.934579
4/22/2015,0.930839
4/23/2015,0.928333
4/24/2015,0.923873
4/27/2015,0.924044
4/28/2015,0.915164
4/29/2015,0.908926
4/30/2015,0.891663
5/4/2015,0.8967
5/5/2015,0.899523
5/6/2015,0.890472
5/7/2015,0.884564
5/8/2015,0.891186
5/11/2015,0.897505
5/12/2015,0.889759
5/13/2015,0.891186
5/14/2015,0.875733
5/15/2015,0.882768
5/18/2015,0.87804
5/19/2015,0.894454
5/20/2015,0.899442
5/21/2015,0.89823
5/22/2015,0.895736
5/25/2015,0.910913
5/26/2015,0.915248
5/27/2015,0.920556
5/28/2015,0.917768
5/29/2015,0.911577
6/1/2015,0.913743
6/2/2015,0.906701
6/3/2015,0.89815
6/4/2015,0.883626
6/5/2015,0.891424
6/8/2015,0.895897
6/9/2015,0.888968
6/10/2015,0.886603
6/11/2015,0.890313
6/12/2015,0.891266
6/15/2015,0.891424
6/16/2015,0.891663
6/17/2015,0.886603
6/18/2015,0.876885
6/19/2015,0.885034
6/22/2015,0.881446
6/23/2015,0.892538
6/24/2015,0.891822
6/25/2015,0.892379
6/26/2015,0.892698
6/29/2015,0.89823
6/30/2015,0.893735
7/1/2015,0.900901
7/2/2015,0.903669
7/3/2015,0.901226
7/6/2015,0.90843
7/7/2015,0.914829
7/8/2015,0.907112
7/9/2015,0.90465
7/10/2015,0.894055
7/13/2015,0.905059
7/14/2015,0.906536
7/15/2015,0.908348
7/16/2015,0.920217
7/17/2015,0.918358
7/20/2015,0.921489
7/21/2015,0.920217
7/22/2015,0.917263
7/23/2015,0.909174
7/24/2015,0.91416
7/27/2015,0.904323
7/28/2015,0.907029
7/29/2015,0.906618
7/30/2015,0.912825
7/31/2015,0.911826
8/3/2015,0.913159
8/4/2015,0.911328
8/5/2015,0.918864
8/6/2015,0.918695
8/7/2015,0.913993
8/10/2015,0.912409
8/11/2015,0.904568
8/12/2015,0.896459
8/13/2015,0.900171
8/14/2015,0.895175
8/17/2015,0.900901
8/18/2015,0.904159
8/19/2015,0.905715
8/20/2015,0.894214
8/21/2015,0.886446
8/24/2015,0.869792
8/25/2015,0.869112
8/26/2015,0.877039
8/27/2015,0.886211
8/28/2015,0.887469
8/31/2015,0.891663
9/1/2015,0.889996
9/2/2015,0.888494
9/3/2015,0.890551
9/4/2015,0.897827
9/7/2015,0.897183
9/8/2015,0.895897
9/9/2015,0.897747
9/10/2015,0.894055
9/11/2015,0.887469
9/14/2015,0.884564
9/15/2015,0.883392
9/16/2015,0.890631
9/17/2015,0.884017
9/18/2015,0.875733
9/21/2015,0.888889
9/22/2015,0.896459
9/23/2015,0.896861
9/24/2015,0.889601
9/25/2015,0.896781
9/28/2015,0.895255
9/29/2015,0.892538
9/30/2015,0.892618
10/1/2015,0.89662
10/2/2015,0.896057
10/5/2015,0.889996
10/6/2015,0.890948
10/7/2015,0.887626
10/8/2015,0.888573
10/9/2015,0.880127
10/12/2015,0.879275
10/13/2015,0.879198
10/14/2015,0.876424
10/15/2015,0.874202
10/16/2015,0.880282
10/19/2015,0.882379
10/20/2015,0.879275
10/21/2015,0.880747
10/22/2015,0.883939
10/23/2015,0.902201
10/26/2015,0.908183
10/27/2015,0.904077
10/28/2015,0.90212
10/29/2015,0.914913
10/30/2015,0.907688
11/2/2015,0.906454
11/3/2015,0.911079
11/4/2015,0.914495
11/5/2015,0.918864
11/6/2015,0.920471
11/9/2015,0.927988
11/10/2015,0.93362
11/11/2015,0.933184
11/12/2015,0.932314
11/13/2015,0.929023
11/16/2015,0.932575
11/17/2015,0.937207
11/18/2015,0.937559
11/19/2015,0.935716
11/20/2015,0.935629
11/23/2015,0.940645
11/24/2015,0.938879
11/25/2015,0.944644
11/26/2015,0.942329
11/27/2015,0.94518
11/30/2015,0.945269
12/1/2015,0.943396
12/2/2015,0.942329
12/3/2015,0.937119
12/4/2015,0.917263
12/7/2015,0.925155
12/8/2015,0.91954
12/9/2015,0.913993
12/10/2015,0.913826
12/11/2015,0.913242
12/14/2015,0.910498
12/15/2015,0.909918
12/16/2015,0.914662
12/17/2015,0.922424
12/18/2015,0.92285
12/21/2015,0.919963
12/22/2015,0.913075
12/23/2015,0.916086
12/24/2015,0.913492
12/28/2015,0.912242
12/29/2015,0.913075
12/30/2015,0.915248
12/31/2015,0.918527
1/4/2016,0.9176
1/5/2016,0.930579
1/6/2016,0.930925
1/7/2016,0.920133
1/8/2016,0.920726
1/11/2016,0.918442
1/12/2016,0.92285
1/13/2016,0.924556
1/14/2016,0.918021
1/15/2016,0.916254
1/18/2016,0.918105
1/19/2016,0.920133
1/20/2016,0.916842
1/21/2016,0.918021
1/22/2016,0.925241
1/25/2016,0.924642
1/26/2016,0.922765
1/27/2016,0.918442
1/28/2016,0.917179
1/29/2016,0.915751
2/1/2016,0.91878
2/2/2016,0.915835
2/3/2016,0.914662
2/4/2016,0.892379
2/5/2016,0.892698
2/8/2016,0.90082
2/9/2016,0.889996
2/10/2016,0.888336
2/11/2016,0.88129
2/12/2016,0.886918
2/15/2016,0.894454
2/16/2016,0.895576
2/17/2016,0.897989
2/18/2016,0.902201
2/19/2016,0.901226
2/22/2016,0.906947
2/23/2016,0.908926
2/24/2016,0.910664
2/25/2016,0.906865
2/26/2016,0.908595
2/29/2016,0.918442
3/1/2016,0.919794
3/2/2016,0.92115
3/3/2016,0.917347
3/4/2016,0.911577
3/7/2016,0.912992
3/8/2016,0.906783
3/9/2016,0.911328
3/10/2016,0.921065
3/11/2016,0.901713
3/14/2016,0.899361
3/15/2016,0.900171
3/16/2016,0.903832
3/17/2016,0.884095
3/18/2016,0.886603
3/21/2016,0.887233
3/22/2016,0.891902
3/23/2016,0.895175
3/24/2016,0.896539
3/29/2016,0.893336
3/30/2016,0.88308
3/31/2016,0.878349
4/1/2016,0.874738
4/4/2016,0.878735
4/5/2016,0.87974
4/6/2016,0.882145
4/7/2016,0.879972
4/8/2016,0.880049
4/11/2016,0.877963
4/12/2016,0.877501
4/13/2016,0.885112
4/14/2016,0.888731
4/15/2016,0.886211
4/18/2016,0.884486
4/19/2016,0.881601
4/20/2016,0.878812
4/21/2016,0.880669
4/22/2016,0.887863
4/25/2016,0.887784
4/26/2016,0.885975
4/27/2016,0.884721
4/28/2016,0.880437
4/29/2016,0.876962
5/2/2016,0.870095
5/3/2016,0.864379
5/4/2016,0.869187
5/5/2016,0.874202
5/6/2016,0.87512
5/9/2016,0.877578
5/10/2016,0.879121
5/11/2016,0.876501
5/12/2016,0.87804
5/13/2016,0.881213
5/16/2016,0.88308
5/17/2016,0.883548
5/18/2016,0.886603
5/19/2016,0.893096
5/20/2016,0.891345
5/23/2016,0.891663
5/24/2016,0.895415
5/25/2016,0.897183
5/26/2016,0.895415
5/27/2016,0.895415
5/30/2016,0.897747
5/31/2016,0.896539
6/1/2016,0.894935
6/2/2016,0.893815
6/3/2016,0.896539
6/6/2016,0.881135
6/7/2016,0.881213
6/8/2016,0.878889
6/9/2016,0.881601
6/10/2016,0.884643
6/13/2016,0.887469
6/14/2016,0.890869
6/15/2016,0.890472
6/16/2016,0.894935
6/17/2016,0.888573
6/20/2016,0.882457
6/21/2016,0.883861
6/22/2016,0.886289
6/23/2016,0.87804
6/24/2016,0.903669
6/27/2016,0.909256
6/28/2016,0.903098
6/29/2016,0.901713
6/30/2016,0.900739
7/1/2016,0.898069
7/4/2016,0.897827
7/5/2016,0.897183
7/6/2016,0.903424
7/7/2016,0.902527
7/8/2016,0.903342
7/11/2016,0.905059
7/12/2016,0.901551
7/13/2016,0.903179
7/14/2016,0.896298
7/15/2016,0.898634
7/18/2016,0.904732
7/19/2016,0.906208
7/20/2016,0.908018
7/21/2016,0.907853
7/22/2016,0.907935
7/25/2016,0.910581
7/26/2016,0.909339
7/27/2016,0.909835
7/28/2016,0.901713
7/29/2016,0.899847
8/1/2016,0.895736
8/2/2016,0.893416
8/3/2016,0.892857
8/4/2016,0.897989
8/5/2016,0.896379
8/8/2016,0.901957
8/9/2016,0.90269
8/10/2016,0.894134
8/11/2016,0.89662
8/12/2016,0.896218
8/15/2016,0.894454
8/16/2016,0.885347
8/17/2016,0.886839
8/18/2016,0.883314
8/19/2016,0.882924
8/22/2016,0.884486
8/23/2016,0.881912
8/24/2016,0.887469
8/25/2016,0.88574
8/26/2016,0.88574
8/29/2016,0.895255
8/30/2016,0.895415
8/31/2016,0.898311
9/1/2016,0.897183
9/2/2016,0.893416
9/5/2016,0.896379
9/6/2016,0.896138
9/7/2016,0.889917
9/8/2016,0.885269
9/9/2016,0.887469
9/12/2016,0.890789
9/13/2016,0.889126
9/14/2016,0.891424
9/15/2016,0.888573
9/16/2016,0.890789
9/19/2016,0.895656
9/20/2016,0.894134
9/21/2016,0.896861
9/22/2016,0.889838
9/23/2016,0.891742
9/26/2016,0.887942
9/27/2016,0.891266
9/28/2016,0.890869
9/29/2016,0.891186
9/30/2016,0.895977
10/3/2016,0.889996
10/4/2016,0.895977
10/5/2016,0.891981
10/6/2016,0.894055
10/7/2016,0.897666
10/10/2016,0.896057
10/11/2016,0.902609
10/12/2016,0.907441
10/13/2016,0.905961
10/14/2016,0.908926
10/17/2016,0.909587
10/18/2016,0.90967
10/19/2016,0.91083
10/20/2016,0.910747
10/21/2016,0.918611
10/24/2016,0.918189
10/25/2016,0.919794
10/26/2016,0.915332
10/27/2016,0.915164
10/28/2016,0.915583
10/31/2016,0.913576
11/1/2016,0.907029
11/2/2016,0.901307
11/3/2016,0.903832
11/4/2016,0.901469
11/7/2016,0.903996
11/8/2016,0.905961
11/9/2016,0.907276
11/10/2016,0.917852
11/11/2016,0.917095
11/14/2016,0.927902
11/15/2016,0.928936
11/16/2016,0.934405
11/17/2016,0.933097
11/18/2016,0.940822
11/21/2016,0.940645
11/22/2016,0.941886
11/23/2016,0.943218
11/24/2016,0.948047
11/25/2016,0.944109
11/28/2016,0.944465
11/29/2016,0.945537
11/30/2016,0.940291
12/1/2016,0.940999
12/2/2016,0.939673
12/5/2016,0.934405
12/6/2016,0.931619
12/7/2016,0.931966
12/8/2016,0.929195
12/9/2016,0.947059
12/12/2016,0.943752
12/13/2016,0.942507
12/14/2016,0.939496
12/15/2016,0.959785
12/16/2016,0.957946
12/19/2016,0.959509
12/20/2016,0.964878
12/21/2016,0.959601
12/22/2016,0.957488
12/23/2016,0.957304
12/27/2016,0.957396
12/28/2016,0.961446
12/29/2016,0.956663
12/30/2016,0.948677
1/2/2017,0.955566
1/3/2017,0.962927
1/4/2017,0.95813
1/5/2017,0.95229
1/6/2017,0.944376
1/9/2017,0.950932
1/10/2017,0.946342
1/11/2017,0.952109
1/12/2017,0.936417
1/13/2017,0.937998
1/16/2017,0.943931
1/17/2017,0.935979
1/18/2017,0.937734
1/19/2017,0.937383
1/20/2017,0.940557
1/23/2017,0.933271
1/24/2017,0.930406
1/25/2017,0.930839
1/26/2017,0.934579
1/27/2017,0.936242
1/30/2017,0.940734
1/31/2017,0.9298
2/1/2017,0.926784
2/2/2017,0.925241
2/3/2017,0.931012
2/6/2017,0.933532
2/7/2017,0.936768
2/8/2017,0.937647
2/9/2017,0.935279
2/10/2017,0.940822
2/13/2017,0.940822
2/14/2017,0.941354
2/15/2017,0.947418
2/16/2017,0.938791
2/17/2017,0.938967
2/20/2017,0.941974
2/21/2017,0.949037
2/22/2017,0.951203
2/23/2017,0.945805
2/24/2017,0.942596
2/27/2017,0.944555
2/28/2017,0.943663
3/1/2017,0.949397
3/2/2017,0.951113
3/3/2017,0.946522
3/6/2017,0.944109
3/7/2017,0.945537
3/8/2017,0.947329
3/9/2017,0.947777
3/10/2017,0.942863
3/13/2017,0.937822
3/14/2017,0.940645
3/15/2017,0.941442
3/16/2017,0.932314
3/17/2017,0.931359
3/20/2017,0.93006
3/21/2017,0.925754
3/22/2017,0.925326
3/23/2017,0.927128
3/24/2017,0.925497
3/27/2017,0.918358
3/28/2017,0.920895
3/29/2017,0.930406
3/30/2017,0.931359
3/31/2017,0.935366
4/3/2017,0.937998
4/4/2017,0.938879
4/5/2017,0.936505
4/6/2017,0.937559
4/7/2017,0.940734
4/10/2017,0.945358
4/11/2017,0.941974
4/12/2017,0.942951
4/13/2017,0.940734
4/18/2017,0.936154
4/19/2017,0.932401
4/20/2017,0.930665
4/21/2017,0.934754
4/24/2017,0.921829
4/25/2017,0.918189
4/26/2017,0.918021
4/27/2017,0.919033
4/28/2017,0.914913
5/2/2017,0.91617
5/3/2017,0.915835
5/4/2017,0.915164
5/5/2017,0.912326
5/8/2017,0.914244
5/9/2017,0.918442
5/10/2017,0.918949
5/11/2017,0.92081
5/12/2017,0.919456
5/15/2017,0.911411
5/16/2017,0.904241
5/17/2017,0.899523
5/18/2017,0.898553
5/19/2017,0.894534
5/22/2017,0.889442
5/23/2017,0.891663
5/24/2017,0.893416
5/25/2017,0.891742
5/26/2017,0.893176
5/29/2017,0.893815
5/30/2017,0.895015
5/31/2017,0.891186
6/1/2017,0.891345
6/2/2017,0.891504
6/5/2017,0.888968
6/6/2017,0.888257
6/7/2017,0.891504
6/8/2017,0.890551
6/9/2017,0.894775
6/12/2017,0.891186
6/13/2017,0.891504
6/14/2017,0.892618
6/15/2017,0.895576
6/16/2017,0.895496
6/19/2017,0.892937
6/20/2017,0.896379
6/21/2017,0.897102
6/22/2017,0.895335
6/23/2017,0.895015
6/26/2017,0.893895
6/27/2017,0.886682
6/28/2017,0.879121
6/29/2017,0.876194
6/30/2017,0.876271
7/3/2017,0.879585
7/4/2017,0.880824
7/5/2017,0.88269
7/6/2017,0.878349
7/7/2017,0.876271
7/10/2017,0.878194
7/11/2017,0.876808
7/12/2017,0.873439
7/13/2017,0.875887
7/14/2017,0.87604
7/17/2017,0.872448
7/18/2017,0.865426
7/19/2017,0.867077
7/20/2017,0.870701
7/21/2017,0.858959
7/24/2017,0.858516
7/25/2017,0.855139
7/26/2017,0.858811
7/27/2017,0.855139
7/28/2017,0.852588
7/31/2017,0.852733
8/1/2017,0.846597
8/2/2017,0.84538
8/3/2017,0.84317
8/4/2017,0.842602
8/7/2017,0.847673
8/8/2017,0.846453
8/9/2017,0.852442
8/10/2017,0.85237
8/11/2017,0.849979
8/14/2017,0.847673
8/15/2017,0.851499
8/16/2017,0.853971
8/17/2017,0.85492
8/18/2017,0.851789
8/21/2017,0.850268
8/22/2017,0.849545
8/23/2017,0.847529
8/24/2017,0.847027
8/25/2017,0.846883
8/28/2017,0.838574
8/29/2017,0.830013
8/30/2017,0.839208
8/31/2017,0.845666
9/1/2017,0.838926
9/4/2017,0.839983
9/5/2017,0.841043
9/6/2017,0.838153
9/7/2017,0.835352
9/8/2017,0.829187
9/11/2017,0.833542
9/12/2017,0.838012
9/13/2017,0.834794
9/14/2017,0.841397
9/15/2017,0.835911
9/18/2017,0.83696
9/19/2017,0.835282
9/20/2017,0.832848
9/21/2017,0.839983
9/22/2017,0.83605
9/25/2017,0.842673
9/26/2017,0.848392
9/27/2017,0.851716
9/28/2017,0.849041
9/29/2017,0.847027
10/2/2017,0.851499
10/3/2017,0.850847
10/4/2017,0.848392
10/5/2017,0.851644
10/6/2017,0.85419
10/9/2017,0.851354
10/10/2017,0.847673
10/11/2017,0.845309
10/12/2017,0.843455
10/13/2017,0.84674
10/16/2017,0.847242
10/17/2017,0.850412
10/18/2017,0.851136
10/19/2017,0.845023
10/20/2017,0.846167
10/23/2017,0.851789
10/24/2017,0.850268
10/25/2017,0.848536
10/26/2017,0.850847
10/27/2017,0.861698
10/30/2017,0.861178
10/31/2017,0.859254
11/1/2017,0.861178
11/2/2017,0.858738
11/3/2017,0.857854
11/6/2017,0.862813
11/7/2017,0.864902
11/8/2017,0.862813
11/9/2017,0.859845
11/10/2017,0.858074
11/13/2017,0.857927
11/14/2017,0.851426
11/15/2017,0.844595
11/16/2017,0.849545
11/17/2017,0.847817
11/20/2017,0.848824
11/21/2017,0.853388
11/22/2017,0.851136
11/23/2017,0.844024
11/24/2017,0.841963
11/27/2017,0.83668
11/28/2017,0.841184
11/29/2017,0.845523
11/30/2017,0.843953
12/1/2017,0.841397
12/4/2017,0.842815
12/5/2017,0.844096
12/6/2017,0.846238
12/7/2017,0.848464
12/8/2017,0.851644
12/11/2017,0.847745
12/12/2017,0.849907
12/13/2017,0.852079
12/14/2017,0.844238
12/15/2017,0.847027
12/18/2017,0.847817
12/19/2017,0.845809
12/20/2017,0.844238
12/21/2017,0.843241
12/22/2017,0.843668
12/27/2017,0.840689
12/28/2017,0.837942
12/29/2017,0.83382
1/2/2018,0.828844
1/3/2018,0.831739
1/4/2018,0.828844
1/5/2018,0.83022
1/8/2018,0.835213
1/9/2018,0.838082
1/10/2018,0.833889
1/11/2018,0.832154
1/12/2018,0.823927
1/15/2018,0.814531
1/16/2018,0.817661
1/17/2018,0.819471
1/18/2018,0.817327
1/19/2018,0.815993
1/22/2018,0.81706
1/23/2018,0.816393
1/24/2018,0.809585
1/25/2018,0.805997
1/26/2018,0.804117
1/29/2018,0.80782
1/30/2018,0.805088
1/31/2018,0.802762
2/1/2018,0.802633
2/2/2018,0.800512
2/5/2018,0.803859
2/6/2018,0.811096
2/7/2018,0.810504
2/8/2018,0.816193
2/9/2018,0.814797
2/12/2018,0.815461
2/13/2018,0.810833
2/14/2018,0.809848
2/15/2018,0.800448
2/16/2018,0.802311
2/19/2018,0.805802
2/20/2018,0.810373
2/21/2018,0.812216
2/22/2018,0.814598
2/23/2018,0.813074
2/26/2018,0.811688
2/27/2018,0.812942
2/28/2018,0.818733
3/1/2018,0.821625
3/2/2018,0.812216
3/5/2018,0.812546
3/6/2018,0.805737
3/7/2018,0.805348
3/8/2018,0.805088
3/9/2018,0.813603
3/12/2018,0.812876
3/13/2018,0.807885
3/14/2018,0.808473
3/15/2018,0.810307
3/16/2018,0.812942
3/19/2018,0.812414
3/20/2018,0.814598
3/21/2018,0.813935
3/22/2018,0.811952
3/23/2018,0.809979
3/26/2018,0.805737
3/27/2018,0.808016
3/28/2018,0.806582
3/29/2018,0.811622
4/3/2018,0.81248
4/4/2018,0.814598
4/5/2018,0.815661
4/6/2018,0.817394
4/9/2018,0.812744
4/10/2018,0.808996
4/11/2018,0.807494
4/12/2018,0.811491
4/13/2018,0.811886
4/16/2018,0.808407
4/17/2018,0.809258
4/18/2018,0.807233
4/19/2018,0.807624
4/20/2018,0.812414
4/23/2018,0.817127
4/24/2018,0.8188
4/25/2018,0.820681
4/26/2018,0.821828
4/27/2018,0.8285
4/30/2018,0.827883
5/2/2018,0.832848
5/3/2018,0.833889
5/4/2018,0.835492
5/7/2018,0.840195
5/8/2018,0.84246
5/9/2018,0.841822
5/10/2018,0.841893
5/11/2018,0.837942
5/14/2018,0.834168
5/15/2018,0.841538
5/16/2018,0.848608
5/17/2018,0.847099
5/18/2018,0.848824
5/21/2018,0.850412
5/22/2018,0.847889
5/23/2018,0.854117
5/24/2018,0.85266
5/25/2018,0.856531
5/28/2018,0.858811
5/29/2018,0.865202
5/30/2018,0.859697
5/31/2018,0.854774
6/1/2018,0.856971
6/4/2018,0.852006
6/5/2018,0.856531
6/6/2018,0.849979
6/7/2018,0.84488
6/8/2018,0.850774
6/11/2018,0.848176
6/12/2018,0.84832
6/13/2018,0.850051
6/14/2018,0.852515
6/15/2018,0.862366
6/18/2018,0.861104
6/19/2018,0.867002
6/20/2018,0.863707
6/21/2018,0.866701
6/22/2018,0.858516
6/25/2018,0.854701
6/26/2018,0.856751
6/27/2018,0.860882
6/28/2018,0.863334
6/29/2018,0.85778
7/2/2018,0.85918
7/3/2018,0.857265
7/4/2018,0.858959
7/5/2018,0.854044
7/6/2018,0.852951
7/9/2018,0.848248
7/10/2018,0.853752
7/11/2018,0.852152
7/12/2018,0.85778
7/13/2018,0.858885
7/16/2018,0.853242
7/17/2018,0.85419
7/18/2018,0.861252
7/19/2018,0.862962
7/20/2018,0.856898
7/23/2018,0.853534
7/24/2018,0.854263
7/25/2018,0.855432
7/26/2018,0.853534
7/27/2018,0.860215
7/30/2018,0.855871
7/31/2018,0.852079
8/1/2018,0.854993
8/2/2018,0.860807
8/3/2018,0.862962
8/6/2018,0.866326
8/7/2018,0.86192
8/8/2018,0.862887
8/9/2018,0.862589
8/10/2018,0.872905
8/13/2018,0.876962
8/14/2018,0.876732
8/15/2018,0.883314
8/16/2018,0.879507
8/17/2018,0.877886
8/20/2018,0.875657
8/21/2018,0.869414
8/22/2018,0.860882
8/23/2018,0.863632
8/24/2018,0.862962
8/27/2018,0.859623
8/28/2018,0.853971
8/29/2018,0.857633
8/30/2018,0.855286
8/31/2018,0.858295
9/3/2018,0.861401
9/4/2018,0.864902
9/5/2018,0.863409
9/6/2018,0.85955
9/7/2018,0.860956
9/10/2018,0.86423
9/11/2018,0.864006
9/12/2018,0.863185
9/13/2018,0.860585
9/14/2018,0.855505
9/17/2018,0.856825
9/18/2018,0.85492
9/19/2018,0.857118
9/20/2018,0.84969
9/21/2018,0.850412
9/24/2018,0.849401
9/25/2018,0.849113
9/26/2018,0.852006
9/27/2018,0.85419
9/28/2018,0.863856
10/1/2018,0.861623
10/2/2018,0.866326
10/3/2018,0.865951
10/4/2018,0.869414
10/5/2018,0.869112
10/8/2018,0.871232
10/9/2018,0.874508
10/10/2018,0.869565
10/11/2018,0.863931
10/12/2018,0.864006
10/15/2018,0.863483
10/16/2018,0.863036
10/17/2018,0.867303
10/18/2018,0.869187
10/19/2018,0.87184
10/22/2018,0.870019
10/23/2018,0.871232
10/24/2018,0.87804
10/25/2018,0.875964
10/26/2018,0.881446
10/29/2018,0.878657
10/30/2018,0.879353
10/31/2018,0.883548
11/1/2018,0.877732
11/2/2018,0.875887
11/5/2018,0.879507
11/6/2018,0.875044
11/7/2018,0.870549
11/8/2018,0.87535
11/9/2018,0.881368
11/12/2018,0.887705
11/13/2018,0.888021
11/14/2018,0.885269
11/15/2018,0.884564
11/16/2018,0.881368
11/19/2018,0.87512
11/20/2018,0.87558
11/21/2018,0.876501
11/22/2018,0.876962
11/23/2018,0.880902
11/26/2018,0.880049
11/27/2018,0.882768
11/28/2018,0.886211
11/29/2018,0.878194
11/30/2018,0.880359
12/3/2018,0.882457
12/4/2018,0.876501
12/5/2018,0.880747
12/6/2018,0.88098
12/7/2018,0.87943
12/10/2018,0.875274
12/11/2018,0.878812
12/12/2018,0.881368
12/13/2018,0.87943
12/14/2018,0.886132
12/17/2018,0.881756
12/18/2018,0.878966
12/19/2018,0.876808
12/20/2018,0.873286
12/21/2018,0.876117
12/24/2018,0.876578
12/27/2018,0.878966
12/28/2018,0.873057
12/31/2018,0.873362
1/2/2019,0.877424
1/3/2019,0.881213
1/4/2019,0.876962
1/7/2019,0.873744
1/8/2019,0.874126
1/9/2019,0.872981
1/10/2019,0.866927
1/11/2019,0.867077
1/14/2019,0.872068
1/15/2019,0.87535
1/16/2019,0.87804
1/17/2019,0.877501
1/18/2019,0.877039
1/21/2019,0.880127
1/22/2019,0.880747
1/23/2019,0.87974
1/24/2019,0.881756
1/25/2019,0.881368
1/28/2019,0.87581
1/29/2019,0.875503
1/30/2019,0.874967
1/31/2019,0.870474
2/1/2019,0.871764
2/4/2019,0.873744
2/5/2019,0.875427
2/6/2019,0.877655
2/7/2019,0.881446
2/8/2019,0.881368
2/11/2019,0.884251
2/12/2019,0.885269
2/13/2019,0.884564
2/14/2019,0.887469
2/15/2019,0.888099
2/18/2019,0.882768
2/19/2019,0.885426
2/20/2019,0.881679
2/21/2019,0.880747
2/22/2019,0.883002
2/25/2019,0.880669
2/26/2019,0.880204
2/27/2019,0.878272
2/28/2019,0.875964
3/1/2019,0.878503
3/4/2019,0.882068
3/5/2019,0.88269
3/6/2019,0.884564
3/7/2019,0.887233
3/8/2019,0.891107
3/11/2019,0.889363
3/12/2019,0.886918
3/13/2019,0.884721
3/14/2019,0.885347
3/15/2019,0.88433
3/18/2019,0.881135
3/19/2019,0.880437
3/20/2019,0.880747
3/21/2019,0.878194
3/22/2019,0.884799
3/25/2019,0.883002
3/26/2019,0.885661
3/27/2019,0.888021
3/28/2019,0.891424
3/29/2019,0.890076
4/1/2019,0.889996
4/2/2019,0.892857
4/3/2019,0.889442
4/4/2019,0.891345
4/5/2019,0.890234
4/8/2019,0.889205
4/9/2019,0.886761
4/10/2019,0.886603
4/11/2019,0.887784
4/12/2019,0.883314
4/15/2019,0.883939
4/16/2019,0.884564
4/17/2019,0.884877
4/18/2019,0.888889
4/23/2019,0.889284
4/24/2019,0.89214
4/25/2019,0.899038
4/26/2019,0.89823
4/29/2019,0.896861
4/30/2019,0.891424
5/2/2019,0.891902
5/3/2019,0.896459
5/6/2019,0.892937
5/7/2019,0.894055
5/8/2019,0.892698
5/9/2019,0.893416
5/10/2019,0.890472
5/13/2019,0.889284
5/14/2019,0.890789
5/15/2019,0.894214
5/16/2019,0.892618
5/17/2019,0.895095
5/20/2019,0.895496
5/21/2019,0.895977
5/22/2019,0.895175
5/23/2019,0.897747
5/24/2019,0.893895
5/27/2019,0.893017
5/28/2019,0.893495
5/29/2019,0.896379
5/30/2019,0.89815
5/31/2019,0.896781
6/3/2019,0.894055
6/4/2019,0.889363
6/5/2019,0.888336
6/6/2019,0.887626
6/7/2019,0.887075
6/10/2019,0.884877
6/11/2019,0.883392
6/12/2019,0.883158
6/13/2019,0.885818
6/14/2019,0.887705
6/17/2019,0.890155
6/18/2019,0.893895
6/19/2019,0.892299
6/20/2019,0.884408
6/21/2019,0.883704
6/24/2019,0.877655
6/25/2019,0.878117
6/26/2019,0.880127
6/27/2019,0.879507
6/28/2019,0.878735
7/1/2019,0.881135
7/2/2019,0.884877
7/3/2019,0.885504
7/4/2019,0.885897
7/5/2019,0.888099
7/8/2019,0.891663
7/9/2019,0.892459
7/10/2019,0.891266
7/11/2019,0.886132
7/12/2019,0.888652
7/15/2019,0.88739
7/16/2019,0.891027
7/17/2019,0.891663
7/18/2019,0.891583
7/19/2019,0.890789
7/22/2019,0.891663
7/23/2019,0.895015
7/24/2019,0.897666
7/25/2019,0.899685
7/26/2019,0.897827
7/29/2019,0.899361
7/30/2019,0.896539
7/31/2019,0.896781
8/1/2019,0.906043
8/2/2019,0.900414
8/5/2019,0.894294
8/6/2019,0.893895
8/7/2019,0.892698
8/8/2019,0.893416
8/9/2019,0.893017
8/12/2019,0.893336
8/13/2019,0.891107
8/14/2019,0.893815
8/15/2019,0.896861
8/16/2019,0.902853
8/19/2019,0.900657
8/20/2019,0.902853
8/21/2019,0.900576
8/22/2019,0.902283
8/23/2019,0.903751
8/26/2019,0.899604
8/27/2019,0.900576
8/28/2019,0.902283
8/29/2019,0.903179
8/30/2019,0.906125
9/2/2019,0.911743
9/3/2019,0.914328
9/4/2019,0.907606
9/5/2019,0.904323
9/6/2019,0.906865
9/9/2019,0.906372
9/10/2019,0.905797
9/11/2019,0.908843
9/12/2019,0.912159
9/13/2019,0.901226
9/16/2019,0.906536
9/17/2019,0.906947
9/18/2019,0.904732
9/19/2019,0.903587
9/20/2019,0.906618
9/23/2019,0.910332
9/24/2019,0.908843
9/25/2019,0.910581
9/26/2019,0.914244
9/27/2019,0.914495
9/30/2019,0.918358
10/1/2019,0.9176
10/2/2019,0.915332
10/3/2019,0.913159
10/4/2019,0.91083
10/7/2019,0.90967
10/8/2019,0.910249
10/9/2019,0.910664
10/10/2019,0.906618
10/11/2019,0.905551
10/14/2019,0.906536
10/15/2019,0.908513
10/16/2019,0.907029
10/17/2019,0.899847
10/18/2019,0.897344
10/21/2019,0.895015
10/22/2019,0.898473
10/23/2019,0.899038
10/24/2019,0.898634
10/25/2019,0.900333
10/28/2019,0.901957
10/29/2019,0.901307
10/30/2019,0.900414
10/31/2019,0.896539
11/1/2019,0.897747
11/4/2019,0.896218
11/5/2019,0.900171
11/6/2019,0.901713
11/7/2019,0.902772
11/8/2019,0.90629
11/11/2019,0.905715
11/12/2019,0.907853
11/13/2019,0.908595
11/14/2019,0.909339
11/15/2019,0.90629
11/18/2019,0.904077
11/19/2019,0.902772
11/20/2019,0.904241
11/21/2019,0.901632
11/22/2019,0.904323
11/25/2019,0.90843
11/26/2019,0.907441
11/27/2019,0.908348
11/28/2019,0.908678
11/29/2019,0.910581
12/2/2019,0.907194
12/3/2019,0.903261
12/4/2019,0.902446
12/5/2019,0.901388
12/6/2019,0.901388
12/9/2019,0.902935
12/10/2019,0.902772
12/11/2019,0.902935
12/12/2019,0.897908
12/13/2019,0.894935
12/16/2019,0.897183
12/17/2019,0.895897
12/18/2019,0.899685
12/19/2019,0.899523
12/20/2019,0.901144
12/23/2019,0.902935
12/24/2019,0.902527
12/27/2019,0.89662
12/30/2019,0.893735
12/31/2019,0.890155
1/2/2020,0.893416
1/3/2020,0.897102
1/6/2020,0.893336
1/7/2020,0.895095
1/8/2020,0.899685
1/9/2020,0.90009
1/10/2020,0.901632
1/13/2020,0.898796
1/14/2020,0.899685
1/15/2020,0.897505
1/16/2020,0.895335
1/17/2020,0.900252
1/20/2020,0.90212
1/21/2020,0.899685
1/22/2020,0.901876
1/23/2020,0.901632
1/24/2020,0.906208
1/27/2020,0.907029
1/28/2020,0.908678
1/29/2020,0.909008
1/30/2020,0.906701
1/31/2020,0.904814
2/3/2020,0.903669
2/4/2020,0.905141
2/5/2020,0.907194
2/6/2020,0.908843
2/7/2020,0.91166
2/10/2020,0.913159
2/11/2020,0.917347
2/12/2020,0.916254
2/13/2020,0.920217
2/14/2020,0.922339
2/17/2020,0.922935
2/18/2020,0.924556
2/19/2020,0.925926
2/20/2020,0.926784
2/21/2020,0.92584
2/24/2020,0.924385
2/25/2020,0.922509
2/26/2020,0.91954
2/27/2020,0.912076
2/28/2020,0.910996
3/2/2020,0.899119
3/3/2020,0.899523
3/4/2020,0.898876
3/5/2020,0.893895
3/6/2020,0.882145
3/9/2020,0.872905
3/10/2020,0.877963
3/11/2020,0.882145
3/12/2020,0.88968
3/13/2020,0.900576
3/16/2020,0.896298
3/17/2020,0.910581
3/18/2020,0.914578
3/19/2020,0.92584
3/20/2020,0.933968
3/23/2020,0.927386
3/24/2020,0.922254
3/25/2020,0.923617
3/26/2020,0.910664
3/27/2020,0.910996
3/30/2020,0.90629
3/31/2020,0.912742
4/1/2020,0.914411
4/2/2020,0.916926
4/3/2020,0.927214
4/6/2020,0.926698
4/7/2020,0.918695
4/8/2020,0.919879
4/9/2020,0.920217
4/14/2020,0.912159
4/15/2020,0.917179
4/16/2020,0.918442
4/17/2020,0.92081
4/20/2020,0.92081
4/21/2020,0.922765
4/22/2020,0.920217
4/23/2020,0.928333
4/24/2020,0.925926
4/27/2020,0.921489
4/28/2020,0.919371
4/29/2020,0.922339
4/30/2020,0.919456
5/4/2020,0.91391
5/5/2020,0.922254
5/6/2020,0.925326
5/7/2020,0.927386
5/8/2020,0.922254
5/11/2020,0.923873
5/12/2020,0.92098
5/13/2020,0.91954
5/14/2020,0.926612
5/15/2020,0.926097
5/18/2020,0.923191
5/19/2020,0.913242
5/20/2020,0.912575
5/21/2020,0.909091
5/22/2020,0.917095
5/25/2020,0.91659
5/26/2020,0.911162
5/27/2020,0.909835
5/28/2020,0.907771
5/29/2020,0.897989
6/1/2020,0.899604
6/2/2020,0.894935
6/3/2020,0.893336
6/4/2020,0.888889
6/5/2020,0.882613
6/8/2020,0.886132
6/9/2020,0.885426
6/10/2020,0.879121
6/11/2020,0.881213
6/12/2020,0.884643
6/15/2020,0.888652
6/16/2020,0.88433
6/17/2020,0.890313
6/18/2020,0.891107
6/19/2020,0.892061
6/22/2020,0.891822
6/23/2020,0.883548
6/24/2020,0.886525
6/25/2020,0.892857
6/26/2020,0.891822
6/29/2020,0.886211
6/30/2020,0.893017
7/1/2020,0.892857
7/2/2020,0.886054
7/3/2020,0.890948
7/6/2020,0.883002
7/7/2020,0.88574
7/8/2020,0.886054
7/9/2020,0.881679
7/10/2020,0.886839
7/13/2020,0.88269
7/14/2020,0.879121
7/15/2020,0.87382
7/16/2020,0.876117
7/17/2020,0.875044
7/20/2020,0.873515
7/21/2020,0.873897
7/22/2020,0.863707
7/23/2020,0.864379
7/24/2020,0.861475
7/27/2020,0.85034
7/28/2020,0.853461
7/29/2020,0.852878
7/30/2020,0.851571
7/31/2020,0.844024
8/3/2020,0.852806
8/4/2020,0.849979
8/5/2020,0.843597
8/6/2020,0.844381
8/7/2020,0.846238
8/10/2020,0.850123
8/11/2020,0.84868
8/12/2020,0.849545
8/13/2020,0.845094
8/14/2020,0.846525
8/17/2020,0.843668
8/18/2020,0.839913
8/19/2020,0.838012
8/20/2020,0.843882
8/21/2020,0.84969
8/24/2020,0.844096
8/25/2020,0.846453
8/26/2020,0.848248
8/27/2020,0.847027
8/28/2020,0.839278
8/31/2020,0.837521
9/1/2020,0.834237
9/2/2020,0.843099
9/3/2020,0.846525
9/4/2020,0.844452
9/7/2020,0.845737
9/8/2020,0.848536
9/9/2020,0.849401
9/10/2020,0.843953
9/11/2020,0.843597
9/14/2020,0.842034
9/15/2020,0.840901
9/16/2020,0.842531
9/17/2020,0.847673
9/18/2020,0.845094
9/21/2020,0.848392
9/22/2020,0.851789
9/23/2020,0.855286
9/24/2020,0.858738
9/25/2020,0.85955
9/28/2020,0.856898
9/29/2020,0.854555
9/30/2020,0.854117
10/1/2020,0.850919
10/2/2020,0.852515
10/5/2020,0.849762
10/6/2020,0.847817
10/7/2020,0.849618
10/8/2020,0.849979
10/9/2020,0.847817
10/12/2020,0.847529
10/13/2020,0.848392
10/14/2020,0.851064
10/15/2020,0.854847
10/16/2020,0.851716
10/19/2020,0.848536
10/20/2020,0.84674
10/21/2020,0.843739
10/22/2020,0.845952
10/23/2020,0.843455
10/26/2020,0.846095
10/27/2020,0.845166
10/28/2020,0.852733
10/29/2020,0.854409
10/30/2020,0.854847
11/2/2020,0.858222
11/3/2020,0.854555
11/4/2020,0.85317
11/5/2020,0.843526
11/6/2020,0.84246
11/9/2020,0.841538
11/10/2020,0.846883
11/11/2020,0.849907
11/12/2020,0.848104
11/13/2020,0.846382
11/16/2020,0.845309
11/17/2020,0.841609
11/18/2020,0.842602
11/19/2020,0.845166
11/20/2020,0.842957
11/23/2020,0.840266
11/24/2020,0.842815
11/25/2020,0.841043
11/26/2020,0.840336
11/27/2020,0.838785
11/30/2020,0.834725
12/1/2020,0.835561
12/2/2020,0.828775
12/3/2020,0.822978
12/4/2020,0.822436
12/7/2020,0.824538
12/8/2020,0.825491
12/9/2020,0.825832
12/10/2020,0.825423
12/11/2020,0.824606
12/14/2020,0.822233
12/15/2020,0.823723
12/16/2020,0.820412
12/17/2020,0.816593
12/18/2020,0.815727
12/21/2020,0.82149
12/22/2020,0.81706
12/23/2020,0.821963
12/24/2020,0.820143
12/28/2020,0.818398
12/29/2020,0.815727
12/30/2020,0.814266
12/31/2020,0.81493
1/4/2021,0.813273
1/5/2021,0.81493
1/6/2021,0.810504
1/7/2021,0.814598
1/8/2021,0.816327
1/11/2021,0.822166
1/12/2021,0.822301
1/13/2021,0.821963
1/14/2021,0.82481
1/15/2021,0.824878
1/18/2021,0.828912
1/19/2021,0.824266
1/20/2021,0.826378
1/21/2021,0.822504
1/22/2021,0.822504
1/25/2021,0.82291
1/26/2021,0.82352
1/27/2021,0.825491
1/28/2021,0.827061
1/29/2021,0.823995
2/1/2021,0.827541
2/2/2021,0.830289
2/3/2021,0.832154
2/4/2021,0.833611
2/5/2021,0.834516
2/8/2021,0.831601
2/9/2021,0.826173
2/10/2021,0.824606
2/11/2021,0.823249
2/12/2021,0.8259
2/15/2021,0.82447
2/16/2021,0.82352
2/17/2021,0.829187
2/18/2021,0.827541
2/19/2021,0.823791
2/22/2021,0.824198
2/23/2021,0.82352
2/24/2021,0.823316
2/25/2021,0.817996
2/26/2021,0.825014
3/1/2021,0.829669
3/2/2021,0.831393
3/3/2021,0.830013
3/4/2021,0.830979
3/5/2021,0.837661
3/8/2021,0.842744
3/9/2021,0.84076
3/10/2021,0.840901
3/11/2021,0.835492
3/12/2021,0.838012
3/15/2021,0.838926
3/16/2021,0.838504
3/17/2021,0.839842
3/18/2021,0.83949
3/19/2021,0.840972
3/22/2021,0.838504
3/23/2021,0.841538
3/24/2021,0.845666
3/25/2021,0.847314
3/26/2021,0.848752
3/29/2021,0.848608
3/30/2021,0.851716
3/31/2021,0.852878
4/1/2021,0.851354
4/6/2021,0.846597
4/7/2021,0.841468
4/8/2021,0.842247
4/9/2021,0.841184
4/12/2021,0.840054
4/13/2021,0.840619
4/14/2021,0.835841
4/15/2021,0.835422
4/16/2021,0.834307
4/19/2021,0.83091
4/20/2021,0.829807
4/21/2021,0.832848
4/22/2021,0.830151
4/23/2021,0.828775
4/26/2021,0.827472
4/27/2021,0.827267
4/28/2021,0.8285
4/29/2021,0.82447
4/30/2021,0.827678
5/3/2021,0.830289
5/4/2021,0.831878
5/5/2021,0.832986
5/6/2021,0.829187
5/7/2021,0.829256
5/10/2021,0.82176
5/11/2021,0.821693
5/12/2021,0.825219
5/13/2021,0.827746
5/14/2021,0.824878
5/17/2021,0.82352
5/18/2021,0.818197
5/19/2021,0.818867
5/20/2021,0.819471
5/21/2021,0.820479
5/24/2021,0.818867
5/25/2021,0.815395
5/26/2021,0.817728
5/27/2021,0.819807
5/28/2021,0.823588
5/31/2021,0.819605
6/1/2021,0.817996
6/2/2021,0.820614
6/3/2021,0.820546
6/4/2021,0.825287
6/7/2021,0.822233
6/8/2021,0.820883
6/9/2021,0.820008
6/10/2021,0.821423
6/11/2021,0.824742
6/14/2021,0.825627
6/15/2021,0.8259
6/16/2021,0.82481
6/17/2021,0.837731
6/18/2021,0.840477
6/21/2021,0.840972
6/22/2021,0.84076
6/23/2021,0.83675
6/24/2021,0.837802
6/25/2021,0.83682
6/28/2021,0.839631
6/29/2021,0.841184
6/30/2021,0.841468
7/1/2021,0.841468
7/2/2021,0.845809
7/5/2021,0.842744
7/6/2021,0.844737
7/7/2021,0.845237
7/8/2021,0.844737
7/9/2021,0.843313
7/12/2021,0.843739
7/13/2021,0.844309
7/14/2021,0.846597
7/15/2021,0.846812
7/16/2021,0.847314
7/19/2021,0.849907
7/20/2021,0.849257
7/21/2021,0.849473
7/22/2021,0.849257
7/23/2021,0.849834
7/26/2021,0.848392
7/27/2021,0.84674
7/28/2021,0.846955
7/29/2021,0.842247
7/30/2021,0.840972
8/2/2021,0.841326
8/3/2021,0.841397
8/4/2021,0.843099
8/5/2021,0.843882
8/6/2021,0.846955
8/9/2021,0.850268
8/10/2021,0.853097
8/11/2021,0.853388
8/12/2021,0.851861
8/13/2021,0.849979
8/16/2021,0.849473
8/17/2021,0.849834
8/18/2021,0.853024
8/19/2021,0.854993
8/20/2021,0.856825
8/23/2021,0.853388
8/24/2021,0.851789
8/25/2021,0.852079
8/26/2021,0.849834
8/27/2021,0.850268
8/30/2021,0.847386
8/31/2021,0.845023
9/1/2021,0.846238
9/2/2021,0.844167
9/3/2021,0.842318
9/6/2021,0.842886
9/7/2021,0.84317
9/8/2021,0.845523
9/9/2021,0.844737
9/10/2021,0.844523
9/13/2021,0.848896
9/14/2021,0.846453
9/15/2021,0.845737
9/16/2021,0.850123
9/17/2021,0.848896
9/20/2021,0.853898
9/21/2021,0.851934
9/22/2021,0.852588
9/23/2021,0.853606
9/24/2021,0.853315
9/27/2021,0.854847
9/28/2021,0.856311
9/29/2021,0.858074
9/30/2021,0.863632
10/1/2021,0.862069
10/4/2021,0.859402
10/5/2021,0.86192
10/6/2021,0.866401
10/7/2021,0.864902
10/8/2021,0.864379
10/11/2021,0.864006
10/12/2021,0.865426
10/13/2021,0.864902
10/14/2021,0.86192
10/15/2021,0.86192
10/18/2021,0.861772
10/19/2021,0.858001
10/20/2021,0.860363
10/21/2021,0.859328
10/22/2021,0.859845
10/25/2021,0.861846
10/26/2021,0.860733
10/27/2021,0.860807
10/28/2021,0.862589
10/29/2021,0.858738
11/1/2021,0.863707
11/2/2021,0.861846
11/3/2021,0.863707
11/4/2021,0.864379
11/5/2021,0.868131
11/8/2021,0.863632
11/9/2021,0.863782
11/10/2021,0.865202
11/11/2021,0.8726
11/12/2021,0.873515
11/15/2021,0.87382
11/16/2021,0.879662
11/17/2021,0.883704
11/18/2021,0.881446
11/19/2021,0.887233
11/22/2021,0.886682
11/23/2021,0.888178
11/24/2021,0.892379
11/25/2021,0.891027
11/26/2021,0.885661
11/29/2021,0.886839
11/30/2021,0.880049
12/1/2021,0.883861
12/2/2021,0.881912
12/3/2021,0.885661
12/6/2021,0.885975
12/7/2021,0.888415
12/8/2021,0.885034
12/9/2021,0.884095
12/10/2021,0.887075
12/13/2021,0.886682
12/14/2021,0.884251
12/15/2021,0.887942
12/16/2021,0.882145
12/17/2021,0.882613
12/20/2021,0.887075
12/21/2021,0.885347
12/22/2021,0.884877
12/23/2021,0.884173
12/24/2021,0.883626
12/27/2021,0.884017
12/28/2021,0.882535
12/29/2021,0.884721
12/30/2021,0.882301
12/31/2021,0.882924
1/3/2022,0.880669
1/4/2022,0.886603
1/5/2022,0.88347
1/6/2022,0.883783
1/7/2022,0.885112
1/10/2022,0.883548
1/11/2022,0.882145
1/12/2022,0.879507
1/13/2022,0.872372
1/14/2022,0.873591
1/17/2022,0.876962
1/18/2022,0.87974
1/19/2022,0.881446
1/20/2022,0.88199
1/21/2022,0.881213
1/24/2022,0.884643
1/25/2022,0.887469
1/26/2022,0.886761
1/27/2022,0.896057
1/28/2022,0.897827
1/31/2022,0.896379
2/1/2022,0.888099
2/2/2022,0.883158
2/3/2022,0.886054
2/4/2022,0.872296
2/7/2022,0.873591
2/8/2022,0.876578
2/9/2022,0.874508
2/10/2022,0.874202
2/11/2022,0.875887
2/14/2022,0.883704
2/15/2022,0.881446
2/16/2022,0.879353
2/17/2022,0.879507
2/18/2022,0.880747
2/21/2022,0.88199
2/22/2022,0.881679
2/23/2022,0.881523
2/24/2022,0.895817
2/25/2022,0.891583
2/28/2022,0.892937
3/1/2022,0.895897
3/2/2022,0.900414
3/3/2022,0.902853
3/4/2022,0.914997
3/7/2022,0.917852
3/8/2022,0.918105
3/9/2022,0.90967
3/10/2022,0.902201
3/11/2022,0.909918
3/14/2022,0.912409
3/15/2022,0.909835
3/16/2022,0.909587
3/17/2022,0.904895
3/18/2022,0.90843
3/21/2022,0.905961
3/22/2022,0.907112
3/23/2022,0.910332
3/24/2022,0.910913
3/25/2022,0.908926
3/28/2022,0.91191
3/29/2022,0.90212
3/30/2022,0.898796
3/31/2022,0.90082
4/1/2022,0.904814
4/4/2022,0.908678
4/5/2022,0.91166
4/6/2022,0.915499
4/7/2022,0.916086
4/8/2022,0.920726
4/11/2022,0.917431
4/12/2022,0.920726
4/13/2022,0.923702
4/14/2022,0.919287
4/19/2022,0.925669
4/20/2022,0.923361
4/21/2022,0.918527
4/22/2022,0.924471
4/25/2022,0.930579
4/26/2022,0.936856
4/27/2022,0.944912
4/28/2022,0.953743
4/29/2022,0.948767
5/2/2022,0.950209
5/3/2022,0.947329
5/4/2022,0.949577
5/5/2022,0.946253
5/6/2022,0.946074
5/9/2022,0.947059
5/10/2022,0.947508
5/11/2022,0.947598
5/12/2022,0.960799
5/13/2022,0.962927
5/16/2022,0.959509
5/17/2022,0.948677
5/18/2022,0.950299
5/19/2022,0.950119
5/20/2022,0.945448
5/23/2022,0.938174
5/24/2022,0.932836
5/25/2022,0.938438
5/26/2022,0.934842
5/27/2022,0.932662
5/30/2022,0.929023
5/31/2022,0.933445
6/1/2022,0.933532
6/2/2022,0.935279
6/3/2022,0.931966
6/6/2022,0.932314
6/7/2022,0.93791
6/8/2022,0.931185
6/9/2022,0.930839
6/10/2022,0.945358
6/13/2022,0.95648
6/14/2022,0.956755
6/15/2022,0.958681
6/16/2022,0.961538
6/17/2022,0.953652
6/20/2022,0.950841
6/21/2022,0.947867
6/22/2022,0.95048
6/23/2022,0.953016
6/24/2022,0.950209
6/27/2022,0.945895
6/28/2022,0.94688
6/29/2022,0.950841
6/30/2022,0.962742
7/1/2022,0.959233
7/4/2022,0.95648
7/5/2022,0.971817
7/6/2022,0.982608
7/7/2022,0.982318
7/8/2022,0.983961
7/11/2022,0.990295
7/12/2022,0.995818
7/13/2022,0.993345
7/14/2022,0.9995
7/15/2022,0.994135
7/18/2022,0.987069
7/19/2022,0.976086
7/20/2022,0.980488
7/21/2022,0.980488
7/22/2022,0.981354
7/25/2022,0.976944
7/26/2022,0.987752
7/27/2022,0.985028
7/28/2022,0.987947
7/29/2022,0.980584
8/1/2022,0.977231
8/2/2022,0.978091
8/3/2022,0.980969
8/4/2022,0.982222
8/5/2022,0.977231
8/8/2022,0.980488
8/9/2022,0.977135
8/10/2022,0.975419
8/11/2022,0.967305
8/12/2022,0.97229
8/15/2022,0.980873
8/16/2022,0.987069
8/17/2022,0.983865
8/18/2022,0.982511
8/19/2022,0.994629
8/22/2022,0.9999
8/23/2022,1.007354
8/24/2022,1.006644
8/25/2022,1.003009
8/26/2022,0.9993
8/29/2022,1.001402
8/30/2022,0.996612
8/31/2022,1
9/1/2022,0.9996
9/2/2022,1.0007
9/5/2022,1.008065
9/6/2022,1.007252
9/7/2022,1.011634
9/8/2022,0.999101
9/9/2022,0.995124
9/12/2022,0.984737
9/13/2022,0.982801
9/14/2022,1.001001
9/15/2022,1.000801
9/16/2022,1.004621
9/19/2022,1.001001
9/20/2022,1.001402
9/21/2022,1.009489
9/22/2022,1.011736
9/23/2022,1.02522
9/26/2022,1.036699
9/27/2022,1.036914
9/28/2022,1.045478
9/29/2022,1.030291
9/30/2022,1.025851
10/3/2022,1.02417
10/4/2022,1.01102
10/5/2022,1.008573
10/6/2022,1.014199
10/7/2022,1.020721
10/10/2022,1.031247
10/11/2022,1.028489
10/12/2022,1.030291
10/13/2022,1.026799
10/14/2022,1.029124
10/17/2022,1.026799
10/18/2022,1.016777
10/19/2022,1.022704
10/20/2022,1.019264
10/21/2022,1.027749
10/24/2022,1.015125
10/25/2022,1.014096
10/26/2022,0.997705
10/27/2022,0.996314
10/28/2022,1.004924
10/31/2022,1.008675
11/1/2022,1.005328
11/2/2022,1.009285
11/3/2022,1.025326
11/4/2022,1.012966
11/7/2022,1.0007
11/8/2022,1.0004
11/9/2022,0.996115
11/10/2022,1.004621
11/11/2022,0.97012
11/14/2022,0.969086
11/15/2022,0.961169
11/16/2022,0.96043
11/17/2022,0.969086
11/18/2022,0.964692
11/21/2022,0.975991
11/22/2022,0.973331
11/23/2022,0.968523
11/24/2022,0.960338
11/25/2022,0.963855
11/28/2022,0.955749
11/29/2022,0.964692
11/30/2022,0.963763
12/1/2022,0.956572
12/2/2022,0.948947
12/5/2022,0.944555
12/6/2022,0.950932
12/7/2022,0.949758
12/8/2022,0.950661
12/9/2022,0.947059
12/12/2022,0.94679
12/13/2022,0.948317
12/14/2022,0.939055
12/15/2022,0.941531
12/16/2022,0.941708
12/19/2022,0.943574
12/20/2022,0.943485
12/21/2022,0.940203
12/22/2022,0.940468
12/23/2022,0.941442
12/27/2022,0.941265
12/28/2022,0.93985
12/29/2022,0.939055
12/30/2022,0.937559
1/2/2023,0.936067
1/3/2023,0.948317
1/4/2023,0.943485
1/5/2023,0.943307
1/6/2023,0.952381
1/9/2023,0.934929
1/10/2023,0.932575
1/11/2023,0.930492
1/12/2023,0.928333
1/13/2023,0.924727
1/16/2023,0.924898
1/17/2023,0.922254
1/18/2023,0.922594
1/19/2023,0.924642
1/20/2023,0.923702
1/23/2023,0.919879
1/24/2023,0.92098
1/25/2023,0.919287
1/26/2023,0.917852
1/27/2023,0.920387
1/30/2023,0.917179
1/31/2023,0.923105
2/1/2023,0.917936
2/2/2023,0.910084
2/3/2023,0.914328
2/6/2023,0.927988
2/7/2023,0.934579
2/8/2023,0.931532
2/9/2023,0.928419
2/10/2023,0.935454
2/13/2023,0.935804
2/14/2023,0.929454
2/15/2023,0.934579
2/16/2023,0.934579
2/17/2023,0.941176
2/20/2023,0.936856
2/21/2023,0.937734
2/22/2023,0.939496
2/23/2023,0.941974
2/24/2023,0.946074
2/27/2023,0.947508
2/28/2023,0.941708
3/1/2023,0.935979
3/2/2023,0.942951
3/3/2023,0.942063
3/6/2023,0.93932
3/7/2023,0.937647
3/8/2023,0.948317
3/9/2023,0.947508
3/10/2023,0.944644
3/13/2023,0.934056
3/14/2023,0.931359
3/15/2023,0.947957
3/16/2023,0.943841
3/17/2023,0.941354
3/20/2023,0.933097
3/21/2023,0.927988
3/22/2023,0.927214
3/23/2023,0.919202
3/24/2023,0.930665
3/27/2023,0.928247
3/28/2023,0.922424
3/29/2023,0.921914
3/30/2023,0.918611
3/31/2023,0.91954
4/3/2023,0.919963
4/4/2023,0.917347
4/5/2023,0.914077
4/6/2023,0.91617
4/11/2023,0.917011
4/12/2023,0.915583
4/13/2023,0.907853
4/14/2023,0.904404
4/17/2023,0.910664
4/18/2023,0.911411
4/19/2023,0.914662
4/20/2023,0.913743
4/21/2023,0.910913
4/24/2023,0.908926
4/25/2023,0.907276
4/26/2023,0.905879
4/27/2023,0.905633
4/28/2023,0.910664
5/2/2023,0.911993
5/3/2023,0.905551
5/4/2023,0.903016
5/5/2023,0.907935
5/8/2023,0.906043
5/9/2023,0.912492
5/10/2023,0.913242
5/11/2023,0.914913
5/12/2023,0.918105
5/15/2023,0.919456
5/16/2023,0.919033
5/17/2023,0.923446
5/18/2023,0.924813
5/19/2023,0.925241
5/22/2023,0.924044
5/23/2023,0.92773
5/24/2023,0.927214
5/25/2023,0.931532
5/26/2023,0.930146
5/29/2023,0.933271
5/30/2023,0.930752
5/31/2023,0.936067
6/1/2023,0.934842
6/2/2023,0.929109
6/5/2023,0.935454
6/6/2023,0.936067
6/7/2023,0.933097
6/8/2023,0.931359
6/9/2023,0.927644
6/12/2023,0.928936
6/13/2023,0.926526
6/14/2023,0.925155
6/15/2023,0.9243
6/16/2023,0.91191
6/19/2023,0.915583
6/20/2023,0.914662
6/21/2023,0.915499
6/22/2023,0.910332
6/23/2023,0.91878
6/26/2023,0.915919
6/27/2023,0.913159
6/28/2023,0.914244
6/29/2023,0.914244
6/30/2023,0.920302
7/3/2023,0.917515
7/4/2023,0.917852
7/5/2023,0.919202
7/6/2023,0.917515
7/7/2023,0.918442
7/10/2023,0.912742
7/11/2023,0.910001
7/12/2023,0.907276
7/13/2023,0.894294
7/14/2023,0.891186
7/17/2023,0.890472
7/18/2023,0.888494
7/19/2023,0.891107
7/20/2023,0.893096
7/21/2023,0.899038
7/24/2023,0.901226
7/25/2023,0.904895
7/26/2023,0.904241
7/27/2023,0.898876
7/28/2023,0.908265
7/31/2023,0.907194
8/1/2023,0.911577
8/2/2023,0.910332
8/3/2023,0.914746
8/4/2023,0.913576
8/7/2023,0.910415
8/8/2023,0.913743
8/9/2023,0.911743
8/10/2023,0.907523
8/11/2023,0.90876
8/14/2023,0.914913
8/15/2023,0.915248
8/16/2023,0.916086
8/17/2023,0.917431
8/18/2023,0.920217
8/21/2023,0.916758
8/22/2023,0.918527
8/23/2023,0.925497
8/24/2023,0.922509
8/25/2023,0.925241
8/28/2023,0.925241
8/29/2023,0.925669
8/30/2023,0.918611
8/31/2023,0.920133
9/1/2023,0.922169
9/4/2023,0.92584
9/5/2023,0.93188
9/6/2023,0.930665
9/7/2023,0.933707
9/8/2023,0.93423
9/11/2023,0.932488
9/12/2023,0.933445
9/13/2023,0.931706
9/14/2023,0.931966
9/15/2023,0.938262
9/18/2023,0.937822
9/19/2023,0.933445
9/20/2023,0.934405
9/21/2023,0.940291
9/22/2023,0.939232
9/25/2023,0.940468
9/26/2023,0.942951
9/27/2023,0.949127
9/28/2023,0.948857
9/29/2023,0.943931
10/2/2023,0.949668
10/3/2023,0.955201
10/4/2023,0.952653
10/5/2023,0.950029
10/6/2023,0.946701
10/9/2023,0.949577
10/10/2023,0.945001
10/11/2023,0.94304
10/12/2023,0.941708
10/13/2023,0.950209
10/16/2023,0.948947
10/17/2023,0.946163
10/18/2023,0.946522
10/19/2023,0.947149
10/20/2023,0.944198
10/23/2023,0.943663
10/24/2023,0.940557
10/25/2023,0.945537
10/26/2023,0.948767
10/27/2023,0.948677
10/30/2023,0.942951
10/31/2023,0.941708
11/1/2023,0.949037
11/2/2023,0.937998
11/3/2023,0.934405
11/6/2023,0.931012
11/7/2023,0.935804
11/8/2023,0.937119
11/9/2023,0.935366
11/10/2023,0.936067
11/13/2023,0.937207
11/14/2023,0.932488
11/15/2023,0.920133
11/16/2023,0.921744
11/17/2023,0.919794
11/20/2023,0.915081
11/21/2023,0.912825
11/22/2023,0.916506
11/23/2023,0.917431
11/24/2023,0.916086
11/27/2023,0.913159
11/28/2023,0.913325
11/29/2023,0.910332
11/30/2023,0.914829
12/1/2023,0.91954
12/4/2023,0.920133
12/5/2023,0.924471
12/6/2023,0.927816
12/7/2023,0.928419
12/8/2023,0.927902
12/11/2023,0.929627
12/12/2023,0.925583
12/13/2023,0.927042
12/14/2023,0.915835
12/15/2023,0.913576
12/18/2023,0.915919
12/19/2023,0.912242
12/20/2023,0.913743
12/21/2023,0.910498
12/22/2023,0.907194
12/27/2023,0.903751
12/28/2023,0.899766
12/29/2023,0.904977
1/2/2024,0.912742
1/3/2024,0.915835
1/4/2024,0.912992
1/5/2024,0.915667
1/8/2024,0.913576
1/9/2024,0.914077
1/10/2024,0.913576
1/11/2024,0.910167
1/12/2024,0.91391
1/15/2024,0.913659
1/16/2024,0.918949
1/17/2024,0.919371
1/18/2024,0.91954
1/19/2024,0.918527
1/22/2024,0.918274
1/23/2024,0.919794
1/24/2024,0.917011
1/25/2024,0.918021
1/26/2024,0.919879
1/29/2024,0.923958
1/30/2024,0.921999
1/31/2024,0.922765
2/1/2024,0.924727
2/2/2024,0.918864
2/5/2024,0.930579
2/6/2024,0.930839
2/7/2024,0.927988
2/8/2024,0.929541
2/9/2024,0.928333
2/12/2024,0.928247
2/13/2024,0.926526
2/14/2024,0.933445
2/15/2024,0.930839
2/16/2024,0.928678
2/19/2024,0.927988
2/20/2024,0.925754
2/21/2024,0.925155
2/22/2024,0.922169
2/23/2024,0.92302
2/26/2024,0.921489
2/27/2024,0.92115
2/28/2024,0.925241
2/29/2024,0.923702
3/1/2024,0.924813
3/4/2024,0.921999
3/5/2024,0.921744
3/6/2024,0.919625
3/7/2024,0.917852
3/8/2024,0.914746
3/11/2024,0.915248
3/12/2024,0.916086
3/13/2024,0.91416
3/14/2024,0.915332
3/15/2024,0.918105
3/18/2024,0.918105
3/19/2024,0.921319
3/20/2024,0.922169
3/21/2024,0.916842
3/22/2024,0.923958
3/25/2024,0.922935
3/26/2024,0.921234
3/27/2024,0.924556
3/28/2024,0.924984
4/2/2024,0.930319
4/3/2024,0.927386
4/4/2024,0.921489
4/5/2024,0.922424
4/8/2024,0.923958
4/9/2024,0.920217
4/10/2024,0.92081
4/11/2024,0.932053
4/12/2024,0.938791
4/15/2024,0.938438
4/16/2024,0.940115
4/17/2024,0.940026
4/18/2024,0.936417
4/19/2024,0.938703
4/22/2024,0.940557
4/23/2024,0.936856
4/24/2024,0.935804
4/25/2024,0.932836
4/26/2024,0.933358
4/29/2024,0.932836
4/30/2024,0.93301
5/2/2024,0.934754
5/3/2024,0.930752
5/6/2024,0.927988
5/7/2024,0.92885
5/8/2024,0.930839
5/9/2024,0.931793
5/10/2024,0.92773
5/13/2024,0.926355
5/14/2024,0.926269
5/15/2024,0.923191
5/16/2024,0.920302
5/17/2024,0.922169
5/20/2024,0.920726
5/21/2024,0.920471
5/22/2024,0.923361
5/23/2024,0.921319
5/24/2024,0.922509
5/27/2024,0.922254
5/28/2024,0.918949
5/29/2024,0.921065
5/30/2024,0.924642
5/31/2024,0.921489
6/3/2024,0.922339
6/4/2024,0.920387
6/5/2024,0.919794
6/6/2024,0.920387
6/7/2024,0.9176
6/10/2024,0.929714
6/11/2024,0.931966
6/12/2024,0.928936
6/13/2024,0.9273
6/14/2024,0.935804
6/17/2024,0.933532
6/18/2024,0.933271
6/19/2024,0.930319
6/20/2024,0.932923
6/21/2024,0.935629
6/24/2024,0.931966
6/25/2024,0.933358
6/26/2024,0.935541
6/27/2024,0.934929
6/28/2024,0.934143
7/1/2024,0.930665
7/2/2024,0.932053
7/3/2024,0.929541
7/4/2024,0.925926
7/5/2024,0.923873
7/8/2024,0.922935
7/9/2024,0.924727
7/10/2024,0.923788
7/11/2024,0.921234
7/12/2024,0.918274
7/15/2024,0.916842
7/16/2024,0.917263
7/17/2024,0.914578
7/18/2024,0.914913
7/19/2024,0.918274
7/22/2024,0.918442
7/23/2024,0.92081
7/24/2024,0.921829
7/25/2024,0.921574
7/26/2024,0.92081
7/29/2024,0.924471
7/30/2024,0.923873
7/31/2024,0.923532
8/1/2024,0.92687
8/2/2024,0.922935
8/5/2024,0.91191
8/6/2024,0.91617
8/7/2024,0.915583
8/8/2024,0.914913
8/9/2024,0.916003
8/12/2024,0.915332
8/13/2024,0.914829
8/14/2024,0.907523
8/15/2024,0.908183
8/16/2024,0.909587
8/19/2024,0.905715
8/20/2024,0.902201
8/21/2024,0.899604
8/22/2024,0.898069
8/23/2024,0.8992
8/26/2024,0.895817
8/27/2024,0.895897
8/28/2024,0.899523
8/29/2024,0.901876
8/30/2024,0.901957
9/2/2024,0.904077
9/3/2024,0.906208
9/4/2024,0.904977
9/5/2024,0.901144
9/6/2024,0.900657
9/9/2024,0.905551
9/10/2024,0.906536
9/11/2024,0.905551
9/12/2024,0.907771
9/13/2024,0.902446
9/16/2024,0.898796
9/17/2024,0.897747
9/18/2024,0.898957
9/19/2024,0.896379
9/20/2024,0.895576
9/23/2024,0.899361
9/24/2024,0.89823
9/25/2024,0.893336
9/26/2024,0.896459
9/27/2024,0.896218
9/30/2024,0.893176
10/1/2024,0.902039
10/2/2024,0.903261
10/3/2024,0.905879
10/4/2024,0.906701
10/7/2024,0.910581
10/8/2024,0.910581
10/9/2024,0.912659
10/10/2024,0.914746
10/11/2024,0.914244
10/14/2024,0.91617
10/15/2024,0.917179
10/16/2024,0.917684
10/17/2024,0.920302
10/18/2024,0.921914
10/21/2024,0.921404
10/22/2024,0.924129
10/23/2024,0.928764
10/24/2024,0.92584
10/25/2024,0.923788
10/28/2024,0.924385
10/29/2024,0.92816
10/30/2024,0.924642
10/31/2024,0.918949
11/1/2024,0.918695
11/4/2024,0.917095
11/5/2024,0.917684
11/6/2024,0.935016
11/7/2024,0.927214
11/8/2024,0.928333
11/11/2024,0.938879
11/12/2024,0.941886
11/13/2024,0.940822
11/14/2024,0.949397
11/15/2024,0.944912
11/18/2024,0.947688
11/19/2024,0.945358
11/20/2024,0.94679
11/21/2024,0.950029
11/22/2024,0.96043
11/25/2024,0.952835
11/26/2024,0.95039
11/27/2024,0.949577
11/28/2024,0.948587
11/29/2024,0.94679
12/2/2024,0.951746
12/3/2024,0.951294
12/4/2024,0.953107
12/5/2024,0.948767
12/6/2024,0.94509
12/9/2024,0.946253
12/10/2024,0.949938
12/11/2024,0.951746
12/12/2024,0.953198
12/13/2024,0.950751
12/16/2024,0.952562
12/17/2024,0.952653
12/18/2024,0.952744
12/19/2024,0.962001
12/20/2024,0.962464
12/23/2024,0.962186
12/24/2024,0.962001
12/27/2024,0.958313
12/30/2024,0.957488
12/31/2024,0.962557
1/2/2025,0.968898
1/3/2025,0.970968
1/6/2025,0.959141
1/7/2025,0.962186
1/8/2025,0.972195
1/9/2025,0.970403
1/10/2025,0.970497
1/13/2025,0.980584
1/14/2025,0.976086
1/15/2025,0.970874
1/16/2025,0.97352
1/17/2025,0.971062
1/20/2025,0.969368
1/21/2025,0.965531
1/22/2025,0.957579
1/23/2025,0.961169
1/24/2025,0.954927
1/27/2025,0.949668
1/28/2025,0.959601
1/29/2025,0.961908
1/30/2025,0.961261
1/31/2025,0.962186
2/3/2025,0.973331
2/4/2025,0.967586
2/5/2025,0.959509
2/6/2025,0.965251
2/7/2025,0.96367
2/10/2025,0.968992
2/11/2025,0.968617
2/12/2025,0.96432
2/13/2025,0.962464
2/14/2025,0.954381
2/17/2025,0.954836
2/18/2025,0.957213
2/19/2025,0.958405
2/20/2025,0.957579
2/21/2025,0.955566
2/24/2025,0.955475
2/25/2025,0.952653
2/26/2025,0.953562
2/27/2025,0.954472
2/28/2025,0.960523
3/3/2025,0.955566
3/4/2025,0.947239
3/5/2025,0.935104
3/6/2025,0.926269
3/7/2025,0.921065
3/10/2025,0.922084
3/11/2025,0.916422
3/12/2025,0.918611
3/13/2025,0.923361
3/14/2025,0.918358
3/17/2025,0.917179
3/18/2025,0.915919
3/19/2025,0.917684
3/20/2025,0.923105
3/21/2025,0.923617
3/24/2025,0.923873
3/25/2025,0.923788
3/26/2025,0.926956
3/27/2025,0.927214
3/28/2025,0.926183
3/31/2025,0.924642
4/1/2025,0.926956
4/2/2025,0.925669
4/3/2025,0.901144
4/4/2025,0.904404
4/7/2025,0.911826
4/8/2025,0.913242
4/9/2025,0.905387
4/10/2025,0.902364
4/11/2025,0.881368
4/14/2025,0.878966
4/15/2025,0.88308
4/16/2025,0.880669
4/17/2025,0.880282
4/22/2025,0.871384
4/23/2025,0.87604
4/24/2025,0.879044
4/25/2025,0.880514
4/28/2025,0.880437
4/29/2025,0.879275
4/30/2025,0.879275
5/2/2025,0.881601
5/5/2025,0.881601
5/6/2025,0.883002
5/7/2025,0.880282
5/8/2025,0.885191
5/9/2025,0.888731
5/12/2025,0.900414
5/13/2025,0.899928
5/14/2025,0.891742
5/15/2025,0.894055
5/16/2025,0.893336
5/19/2025,0.887942
5/20/2025,0.889601
5/21/2025,0.883314
5/22/2025,0.884251
5/23/2025,0.884877
5/26/2025,0.878657
5/27/2025,0.880592
5/28/2025,0.883626
5/29/2025,0.886446
5/30/2025,0.881912
6/2/2025,0.875733
6/3/2025,0.878272
6/4/2025,0.878426
6/5/2025,0.875427
6/6/2025,0.876347
6/9/2025,0.876424
6/10/2025,0.874967
6/11/2025,0.874661
6/12/2025,0.862515
6/13/2025,0.868659
6/16/2025,0.864006
6/17/2025,0.864454
6/18/2025,0.868961
6/19/2025,0.871232
6/20/2025,0.868432
6/23/2025,0.871688
6/24/2025,0.861549
6/25/2025,0.862218
6/26/2025,0.855066
6/27/2025,0.854409
6/30/2025,0.853242
7/1/2025,0.84674
7/2/2025,0.850702
7/3/2025,0.848752
7/4/2025,0.849834
7/7/2025,0.85266
7/8/2025,0.853388
7/9/2025,0.854847
7/10/2025,0.854044
7/11/2025,0.855945
7/14/2025,0.855432
7/15/2025,0.857265
7/16/2025,0.86192
7/17/2025,0.863632
7/18/2025,0.858369
7/21/2025,0.857118
7/22/2025,0.854774
7/23/2025,0.852806
7/24/2025,0.850629
7/25/2025,0.852951
7/28/2025,0.858074
7/29/2025,0.867077
7/30/2025,0.867528
7/31/2025,0.873668
8/1/2025,0.876885
8/4/2025,0.864678
8/5/2025,0.866101
8/6/2025,0.861772
8/7/2025,0.858885
8/8/2025,0.858516
8/11/2025,0.860437
8/12/2025,0.861623
8/13/2025,0.853898
8/14/2025,0.855432
8/15/2025,0.855578
8/18/2025,0.856678
8/19/2025,0.856018
8/20/2025,0.858295
8/21/2025,0.85918
8/22/2025,0.861475
8/25/2025,0.85492
8/26/2025,0.857927
8/27/2025,0.862589
8/28/2025,0.856458
8/29/2025,0.85778
9/1/2025,0.853606
9/2/2025,0.858664
9/3/2025,0.858148
9/4/2025,0.85859
9/5/2025,0.85492
9/8/2025,0.85266
9/9/2025,0.851499
9/10/2025,0.85419
9/11/2025,0.855798
9/12/2025,0.853388
9/15/2025,0.849907
9/16/2025,0.846955
9/17/2025,0.844809
9/18/2025,0.846167
9/19/2025,0.852079
9/22/2025,0.848824
9/23/2025,0.847961
9/24/2025,0.850629
9/25/2025,0.851861
9/26/2025,0.856751
9/29/2025,0.853024
9/30/2025,0.851716
10/1/2025,0.852951
10/2/2025,0.850774
10/3/2025,0.852224
10/6/2025,0.856311
10/7/2025,0.857192
10/8/2025,0.860067
10/9/2025,0.861252
10/10/2025,0.864454
10/13/2025,0.864379
10/14/2025,0.865576
10/15/2025,0.860437
10/16/2025,0.858443
10/17/2025,0.856091
10/20/2025,0.858001
10/21/2025,0.861549
10/22/2025,0.863036
10/23/2025,0.862589
10/24/2025,0.861178
10/27/2025,0.859107
10/28/2025,0.859845
10/29/2025,0.859402
10/30/2025,0.865801
10/31/2025,0.865501
11/3/2025,0.868508
11/4/2025,0.870246
11/5/2025,0.870171
11/6/2025,0.867077
11/7/2025,0.864977
11/10/2025,0.86423
11/11/2025,0.863931
11/12/2025,0.863856
11/13/2025,0.860659
11/14/2025,0.858516
11/17/2025,0.862589
11/18/2025,0.862813
11/19/2025,0.863334
11/20/2025,0.868508
11/21/2025,0.868056
11/24/2025,0.866251
11/25/2025,0.865726
11/26/2025,0.863782
11/27/2025,0.863111
11/28/2025,0.864603
12/1/2025,0.858664
12/2/2025,0.86103
12/3/2025,0.857045
12/4/2025,0.857192
12/5/2025,0.858738
12/8/2025,0.858001
12/9/2025,0.859328
12/10/2025,0.85955
12/11/2025,0.853679
12/12/2025,0.852442
12/15/2025,0.850847
12/16/2025,0.849185
12/17/2025,0.853097
12/18/2025,0.853315
12/19/2025,0.853825
12/22/2025,0.851426
12/23/2025,0.848464
12/24/2025,0.848392
12/29/2025,0.849907
12/30/2025,0.850557
12/31/2025,0.851064
1/2/2026,0.85317
1/5/2026,0.857339
1/6/2026,0.85419
1/7/2026,0.855871
1/8/2026,0.856531
1/9/2026,0.858959
1/12/2026,0.855286
1/13/2026,0.858074
1/14/2026,0.858295
1/15/2026,0.860289
1/16/2026,0.860807
1/19/2026,0.859771
1/20/2026,0.85266
1/21/2026,0.851861
1/22/2026,0.854263
1/23/2026,0.851644
1/26/2026,0.84488
1/27/2026,0.838293
1/28/2026,0.835143
1/29/2026,0.835561
1/30/2026,0.838997
2/2/2026,0.844595
2/3/2026,0.847386
2/4/2026,0.846024
2/5/2026,0.847601
2/6/2026,0.847889
2/9/2026,0.841326
2/10/2026,0.84076
2/11/2026,0.840336
2/12/2026,0.842176
2/13/2026,0.843028
2/16/2026,0.843526
2/17/2026,0.845594
2/18/2026,0.844238
2/19/2026,0.850847
2/20/2026,0.849834
2/23/2026,0.848608
2/24/2026,0.849113
2/25/2026,0.848608
2/26/2026,0.846453
2/27/2026,0.847099
3/2/2026,0.854847
3/3/2026,0.861623
3/4/2026,0.858443
3/5/2026,0.860733
3/6/2026,0.864977
3/9/2026,0.865426
3/10/2026,0.859033
3/11/2026,0.863483
3/12/2026,0.866026
3/13/2026,0.871384
3/16/2026,0.871232
3/17/2026,0.867227
3/18/2026,0.869565
3/19/2026,0.870398
3/20/2026,0.865426
3/23/2026,0.862366
3/24/2026,0.864155
3/25/2026,0.862664
3/26/2026,0.866626
3/27/2026,0.868282
3/30/2026,0.870777
3/31/2026,0.869716
4/1/2026,0.861698
4/2/2026,0.867679
4/7/2026,0.865276
4/8/2026,0.854263
4/9/2026,0.855798
4/10/2026,0.853898
4/13/2026,0.855871
4/14/2026,0.847961
4/15/2026,0.848896
4/16/2026,0.848752
4/17/2026,0.847673
4/20/2026,0.85034
4/21/2026,0.849834
4/22/2026,0.852297
4/23/2026,0.855139
4/24/2026,0.853825
4/27/2026,0.851136
4/28/2026,0.856164
4/29/2026,0.854263
4/30/2026,0.854555
5/4/2026,0.854701
5/5/2026,0.855725
5/6/2026,0.850196
5/7/2026,0.849618
5/8/2026,0.850268
5/11/2026,0.849979
5/12/2026,0.851934
5/13/2026,0.853606
5/14/2026,0.854555
5/15/2026,0.859993
5/18/2026,0.858516
5/19/2026,0.860585
5/20/2026,0.862069
5/21/2026,0.862143
5/22/2026,0.862441
5/25/2026,0.858885
5/26/2026,0.85955
5/27/2026,0.859328
5/28/2026,0.860807
5/29/2026,0.858811
6/1/2026,0.858664
6/2/2026,0.858443
6/3/2026,0.86103
6/4/2026,0.859107
6/5/2026,0.859107
6/8/2026,0.866551
6/9/2026,0.86408
6/10/2026,0.866626
6/11/2026,0.866776
6/12/2026,0.864528
6/15/2026,0.861549
6/16/2026,0.862515
6/17/2026,0.862738
6/18/2026,0.872524
6/19/2026,0.872068
6/22/2026,0.872905
6/23/2026,0.877809
6/24/2026,0.881834
6/25/2026,0.881679
6/26/2026,0.877116
6/29/2026,0.876732
6/30/2026,0.877655
7/1/2026,0.878503
7/2/2026,0.87727
7/3/2026,0.873515
7/6/2026,0.87604
7/7/2026,0.874661
7/8/2026,0.876885
7/9/2026,0.874508
7/10/2026,0.874891
7/13/2026,0.87535
7/14/2026,0.876808
7/15/2026,0.876732
7/16/2026,0.872068
7/17/2026,0.874508
7/20/2026,0.875197
7/21/2026,0.87581
7/22/2026,0.876578
7/23/2026,0.877809
7/24/2026,0.878966
7/27/2026,0.87804
7/28/2026,0.87974
7/29/2026,0.878735
7/30/2026,0.871384
7/31/2026,0.870701
8/3/2026,0.866927
8/4/2026,0.868432
8/5/2026,0.865501
8/6/2026,0.866401
8/7/2026,0.866927
8/10/2026,0.865426
8/11/2026,0.866551
8/12/2026,0.866176
8/13/2026,0.867002
8/14/2026,0.864528
8/17/2026,0.862589
8/18/2026,0.863856
8/19/2026,0.861698
8/20/2026,0.856091
8/21/2026,0.854774
8/24/2026,0.857339
8/25/2026,0.857486
8/26/2026,0.856971
8/27/2026,0.858738
8/28/2026,0.858885
8/31/2026,0.862366
9/1/2026,0.862813
9/2/2026,0.863707
9/3/2026,0.860956
9/4/2026,0.860437
9/7/2026,0.860437
9/8/2026,0.86103
9/9/2026,0.858222
9/10/2026,0.860882
9/11/2026,0.862664
9/14/2026,0.865726
9/15/2026,0.866626
