Day,Value-INR
1/2/2015,63.356307
1/5/2015,63.462526
1/6/2015,63.572268
1/7/2015,63.174964
1/8/2015,62.567981
1/9/2015,62.323965
1/12/2015,62.164012
1/13/2015,62.043032
1/14/2015,62.18879
1/15/2015,61.783481
1/16/2015,61.862012
1/19/2015,61.712538
1/20/2015,61.706538
1/21/2015,61.575002
1/22/2015,61.55896
1/23/2015,61.498482
1/26/2015,61.427517
1/27/2015,61.384221
1/28/2015,61.404972
1/29/2015,61.900398
1/30/2015,62.019726
2/2/2015,61.8687
2/3/2015,61.716421
2/4/2015,61.832605
2/5/2015,61.738475
2/6/2015,61.714161
2/9/2015,62.129933
2/10/2015,62.195008
2/11/2015,62.355489
2/12/2015,62.276571
2/13/2015,62.17002
2/16/2015,62.213885
2/17/2015,62.189488
2/18/2015,62.302146
2/19/2015,62.209888
2/20/2015,62.234201
2/23/2015,62.315012
2/24/2015,62.202507
2/25/2015,61.967478
2/26/2015,61.751171
2/27/2015,61.816904
3/2/2015,61.941302
3/3/2015,61.92192
3/4/2015,62.264114
3/5/2015,62.254766
3/6/2015,62.397519
3/9/2015,62.680479
3/10/2015,62.786832
3/11/2015,62.781339
3/12/2015,62.44813
3/13/2015,63.027998
3/16/2015,62.872312
3/17/2015,62.732111
3/18/2015,62.760008
3/19/2015,62.583029
3/20/2015,62.332034
3/23/2015,62.277493
3/24/2015,62.327306
3/25/2015,62.371416
3/26/2015,62.726328
3/27/2015,62.518423
3/30/2015,62.626095
3/31/2015,62.52793
4/1/2015,62.497536
4/2/2015,62.181902
4/7/2015,62.319535
4/8/2015,62.244983
4/9/2015,62.19742
4/10/2015,62.355724
4/13/2015,62.421437
4/14/2015,62.386407
4/15/2015,62.371302
4/16/2015,62.260573
4/17/2015,62.395043
4/20/2015,62.973049
4/21/2015,62.905701
4/22/2015,62.945174
4/23/2015,63.322503
4/24/2015,63.562546
4/27/2015,63.567363
4/28/2015,63.144962
4/29/2015,63.428558
4/30/2015,63.500045
5/4/2015,63.662213
5/5/2015,63.429163
5/6/2015,63.539982
5/7/2015,64.155595
5/8/2015,63.98993
5/11/2015,63.844014
5/12/2015,64.289172
5/13/2015,64.009981
5/14/2015,63.680007
5/15/2015,63.661635
5/18/2015,63.668013
5/19/2015,63.698837
5/20/2015,63.794298
5/21/2015,63.612773
5/22/2015,63.470889
5/25/2015,63.559938
5/26/2015,63.925041
5/27/2015,64.051183
5/28/2015,63.822504
5/29/2015,63.800638
6/1/2015,63.699105
6/2/2015,63.835978
6/3/2015,63.905335
6/4/2015,64.006539
6/5/2015,63.790515
6/8/2015,64.088873
6/9/2015,63.974131
6/10/2015,63.874812
6/11/2015,63.981838
6/12/2015,64.07959
6/15/2015,64.167499
6/16/2015,64.309318
6/17/2015,64.139995
6/18/2015,63.732462
6/19/2015,63.562528
6/22/2015,63.525782
6/23/2015,63.614959
6/24/2015,63.588335
6/25/2015,63.58201
6/26/2015,63.600964
6/29/2015,63.836792
6/30/2015,63.622576
7/1/2015,63.605045
7/2/2015,63.512471
7/3/2015,63.438807
7/6/2015,63.444586
7/7/2015,63.484585
7/8/2015,63.596335
7/9/2015,63.389995
7/10/2015,63.4
7/13/2015,63.541949
7/14/2015,63.340042
7/15/2015,63.422473
7/16/2015,63.510905
7/17/2015,63.473781
7/20/2015,63.655087
7/21/2015,63.610012
7/22/2015,63.640983
7/23/2015,63.767524
7/24/2015,64.119572
7/27/2015,64.170013
7/28/2015,63.915011
7/29/2015,63.904986
7/30/2015,64.041168
7/31/2015,64.136227
8/3/2015,64.04374
8/4/2015,63.752483
8/5/2015,63.755031
8/6/2015,63.764998
8/7/2015,63.815008
8/10/2015,63.871168
8/11/2015,64.204975
8/12/2015,64.71896
8/13/2015,65.229094
8/14/2015,65.007519
8/17/2015,65.315045
8/18/2015,65.315009
8/19/2015,65.273707
8/20/2015,65.550031
8/21/2015,65.9032
8/24/2015,66.772288
8/25/2015,66.096298
8/26/2015,66.194527
8/27/2015,66.045019
8/28/2015,66.162496
8/31/2015,66.401962
9/1/2015,66.309719
9/2/2015,66.193781
9/3/2015,66.242497
9/4/2015,66.495331
9/7/2015,66.856899
9/8/2015,66.502419
9/9/2015,66.411258
9/10/2015,66.433706
9/11/2015,66.468495
9/14/2015,66.361787
9/15/2015,66.363781
9/16/2015,66.460011
9/17/2015,66.25
9/18/2015,65.673789
9/21/2015,65.715289
9/22/2015,65.895831
9/23/2015,65.981166
9/24/2015,66.239125
9/25/2015,66.156309
9/28/2015,66.104834
9/29/2015,65.99527
9/30/2015,65.590021
10/1/2015,65.512508
10/2/2015,65.512545
10/5/2015,65.300018
10/6/2015,65.382573
10/7/2015,64.897923
10/8/2015,65.096144
10/9/2015,64.800035
10/12/2015,64.752484
10/13/2015,65.184983
10/14/2015,64.983786
10/15/2015,64.824985
10/16/2015,64.867165
10/19/2015,64.804994
10/20/2015,65.057505
10/21/2015,65.126299
10/22/2015,65.126315
10/23/2015,64.828762
10/26/2015,64.906457
10/27/2015,64.963656
10/28/2015,65.000902
10/29/2015,65.364044
10/30/2015,65.367614
11/2/2015,65.585025
11/3/2015,65.727861
11/4/2015,65.486328
11/5/2015,65.891758
11/6/2015,65.900037
11/9/2015,66.422513
11/10/2015,66.270003
11/11/2015,66.235536
11/12/2015,66.313817
11/13/2015,66.146414
11/16/2015,65.990208
11/17/2015,66.00956
11/18/2015,66.220139
11/19/2015,66.229999
11/20/2015,66.194985
11/23/2015,66.381244
11/24/2015,66.339499
11/25/2015,66.300302
11/26/2015,66.56634
11/27/2015,66.772117
11/30/2015,66.667454
12/1/2015,66.521038
12/2/2015,66.544572
12/3/2015,66.661325
12/4/2015,66.778573
12/7/2015,66.73374
12/8/2015,66.838713
12/9/2015,66.83996
12/10/2015,66.747327
12/11/2015,67.006301
12/14/2015,67.145042
12/15/2015,66.893631
12/16/2015,66.710875
12/17/2015,66.26695
12/18/2015,66.403654
12/21/2015,66.315547
12/22/2015,66.241234
12/23/2015,66.209967
12/24/2015,66.210012
12/28/2015,66.102536
12/29/2015,66.331081
12/30/2015,66.387516
12/31/2015,66.15367
1/4/2016,66.633327
1/5/2016,66.586544
1/6/2016,66.862968
1/7/2016,66.894737
1/8/2016,66.679495
1/11/2016,66.808688
1/12/2016,66.86997
1/13/2016,66.865015
1/14/2016,67.430093
1/15/2016,67.789995
1/18/2016,67.688762
1/19/2016,67.615017
1/20/2016,67.995507
1/21/2016,67.996328
1/22/2016,67.629996
1/25/2016,67.77374
1/26/2016,67.896743
1/27/2016,68.049963
1/28/2016,68.224984
1/29/2016,67.860714
2/1/2016,67.907019
2/2/2016,67.984706
2/3/2016,68.041709
2/4/2016,67.695877
2/5/2016,67.653723
2/8/2016,68.033961
2/9/2016,68.044589
2/10/2016,67.855024
2/11/2016,68.436591
2/12/2016,68.241064
2/15/2016,68.072004
2/16/2016,68.420652
2/17/2016,68.498563
2/18/2016,68.518676
2/19/2016,68.467466
2/22/2016,68.560493
2/23/2016,68.538357
2/24/2016,68.562517
2/25/2016,68.875034
2/26/2016,68.690714
2/29/2016,68.316036
3/1/2016,67.853201
3/2/2016,67.530859
3/3/2016,67.275021
3/4/2016,67.083865
3/7/2016,67.088925
3/8/2016,67.307309
3/9/2016,67.150278
3/10/2016,66.92871
3/11/2016,67.012624
3/14/2016,67.061157
3/15/2016,67.358268
3/16/2016,67.234996
3/17/2016,66.642207
3/18/2016,66.284688
3/21/2016,66.53651
3/22/2016,66.679005
3/23/2016,66.795721
3/24/2016,66.863009
3/29/2016,66.530552
3/30/2016,66.386436
3/31/2016,66.253667
4/1/2016,66.351295
4/4/2016,66.105009
4/5/2016,66.458608
4/6/2016,66.670783
4/7/2016,66.625748
4/8/2016,66.59949
4/11/2016,66.466637
4/12/2016,66.398736
4/13/2016,66.603824
4/14/2016,66.534661
4/15/2016,66.592077
4/18/2016,66.578808
4/19/2016,66.552499
4/20/2016,66.19826
4/21/2016,66.278732
4/22/2016,66.538666
4/25/2016,66.600675
4/26/2016,66.569771
4/27/2016,66.46669
4/28/2016,66.500264
4/29/2016,66.384723
5/2/2016,66.404333
5/3/2016,66.395367
5/4/2016,66.589309
5/5/2016,66.504502
5/6/2016,66.632537
5/9/2016,66.604651
5/10/2016,66.675604
5/11/2016,66.608379
5/12/2016,66.668715
5/13/2016,66.78049
5/16/2016,66.843871
5/17/2016,66.821435
5/18/2016,66.979342
5/19/2016,67.466107
5/20/2016,67.472591
5/23/2016,67.522336
5/24/2016,67.673711
5/25/2016,67.378432
5/26/2016,67.080498
5/27/2016,67.03707
5/30/2016,67.13933
5/31/2016,67.196521
6/1/2016,67.458386
6/2/2016,67.301573
6/3/2016,67.250314
6/6/2016,66.965812
6/7/2016,66.743479
6/8/2016,66.55036
6/9/2016,66.730583
6/10/2016,66.808209
6/13/2016,67.103745
6/14/2016,67.309577
6/15/2016,67.112199
6/16/2016,67.299982
6/17/2016,67.085036
6/20/2016,67.35616
6/21/2016,67.570532
6/22/2016,67.495613
6/23/2016,67.30266
6/24/2016,68.004699
6/27/2016,67.954628
6/28/2016,67.919263
6/29/2016,67.600812
6/30/2016,67.519636
7/1/2016,67.328065
7/4/2016,67.253098
7/5/2016,67.4712
7/6/2016,67.420996
7/7/2016,67.422744
7/8/2016,67.31093
7/11/2016,67.14318
7/12/2016,67.095204
7/13/2016,67.029895
7/14/2016,66.858475
7/15/2016,67.024623
7/18/2016,67.199674
7/19/2016,67.134028
7/20/2016,67.204486
7/21/2016,67.21498
7/22/2016,67.076721
7/25/2016,67.348753
7/26/2016,67.329272
7/27/2016,67.209535
7/28/2016,67.046258
7/29/2016,66.954918
8/1/2016,66.700107
8/2/2016,66.714018
8/3/2016,66.895
8/4/2016,66.876796
8/5/2016,66.772947
8/8/2016,66.835032
8/9/2016,66.888428
8/10/2016,66.640737
8/11/2016,66.848202
8/12/2016,66.864044
8/15/2016,66.88542
8/16/2016,66.764143
8/17/2016,66.867595
8/18/2016,66.807879
8/19/2016,67.177291
8/22/2016,67.213869
8/23/2016,67.069054
8/24/2016,67.116436
8/25/2016,67.048184
8/26/2016,67.003543
8/29/2016,67.174127
8/30/2016,67.040025
8/31/2016,66.974668
9/1/2016,66.959447
9/2/2016,66.793532
9/5/2016,66.457512
9/6/2016,66.491173
9/7/2016,66.357124
9/8/2016,66.380135
9/9/2016,66.740327
9/12/2016,66.907625
9/13/2016,66.895172
9/14/2016,66.920128
9/15/2016,66.91754
9/16/2016,67.02031
9/19/2016,66.980296
9/20/2016,67.026109
9/21/2016,66.977578
9/22/2016,66.623954
9/23/2016,66.622971
9/26/2016,66.648908
9/27/2016,66.470143
9/28/2016,66.451225
9/29/2016,66.866144
9/30/2016,66.629782
10/3/2016,66.541474
10/4/2016,66.484634
10/5/2016,66.572919
10/6/2016,66.736254
10/7/2016,66.706014
10/10/2016,66.516577
10/11/2016,66.590848
10/12/2016,66.796733
10/13/2016,66.893912
10/14/2016,66.749682
10/17/2016,66.815081
10/18/2016,66.710179
10/19/2016,66.66272
10/20/2016,66.79827
10/21/2016,66.89785
10/24/2016,66.841888
10/25/2016,66.811074
10/26/2016,66.842563
10/27/2016,66.819347
10/28/2016,66.798663
10/31/2016,66.776905
11/1/2016,66.705215
11/2/2016,66.670572
11/3/2016,66.744396
11/4/2016,66.744343
11/7/2016,66.754656
11/8/2016,66.595851
11/9/2016,66.572764
11/10/2016,66.735659
11/11/2016,67.250092
11/14/2016,67.811079
11/15/2016,67.755225
11/16/2016,68.068585
11/17/2016,67.868807
11/18/2016,67.943362
11/21/2016,68.14881
11/22/2016,68.295187
11/23/2016,68.736559
11/24/2016,68.756636
11/25/2016,68.535215
11/28/2016,68.720249
11/29/2016,68.699414
11/30/2016,68.508698
12/1/2016,68.351369
12/2/2016,68.255967
12/5/2016,68.164362
12/6/2016,67.800913
12/7/2016,67.644921
12/8/2016,67.371771
12/9/2016,67.564163
12/12/2016,67.42969
12/13/2016,67.539114
12/14/2016,67.478861
12/15/2016,67.801612
12/16/2016,67.800077
12/19/2016,67.858856
12/20/2016,68.069761
12/21/2016,67.880242
12/22/2016,67.982095
12/23/2016,67.803465
12/27/2016,68.016276
12/28/2016,68.232382
12/29/2016,68.013967
12/30/2016,67.919078
1/2/2017,68.139513
1/3/2017,68.368801
1/4/2017,68.064578
1/5/2017,67.935816
1/6/2017,67.989895
1/9/2017,68.169932
1/10/2017,68.217564
1/11/2017,68.391412
1/12/2017,67.97968
1/13/2017,68.16293
1/16/2017,68.120634
1/17/2017,67.983433
1/18/2017,68.113747
1/19/2017,68.136014
1/20/2017,68.173909
1/23/2017,68.159589
1/24/2017,68.09546
1/25/2017,68.080145
1/26/2017,68.184112
1/27/2017,68.067597
1/30/2017,67.950611
1/31/2017,67.689912
2/1/2017,67.427247
2/2/2017,67.23168
2/3/2017,67.321013
2/6/2017,67.162995
2/7/2017,67.422014
2/8/2017,67.144398
2/9/2017,66.741489
2/10/2017,66.93339
2/13/2017,66.975256
2/14/2017,66.813047
2/15/2017,66.888205
2/16/2017,66.996808
2/17/2017,67.1
2/20/2017,66.939054
2/21/2017,66.93556
2/22/2017,66.986588
2/23/2017,66.723257
2/24/2017,66.608069
2/27/2017,66.696892
2/28/2017,66.649995
3/1/2017,66.833761
3/2/2017,66.768119
3/3/2017,66.816848
3/6/2017,66.64983
3/7/2017,66.631997
3/8/2017,66.782872
3/9/2017,66.723059
3/10/2017,66.634452
3/13/2017,66.161024
3/14/2017,65.767096
3/15/2017,65.663246
3/16/2017,65.374324
3/17/2017,65.428891
3/20/2017,65.365048
3/21/2017,65.259211
3/22/2017,65.420098
3/23/2017,65.464027
3/24/2017,65.388246
3/27/2017,65.035357
3/28/2017,65.055254
3/29/2017,64.904168
3/30/2017,64.90733
3/31/2017,64.91114
4/3/2017,64.984992
4/4/2017,65.181673
4/5/2017,64.893238
4/6/2017,64.518095
4/7/2017,64.325024
4/10/2017,64.559936
4/11/2017,64.482856
4/12/2017,64.676568
4/13/2017,64.432267
4/18/2017,64.602134
4/19/2017,64.562238
4/20/2017,64.623081
4/21/2017,64.608805
4/24/2017,64.447824
4/25/2017,64.28519
4/26/2017,64.122831
4/27/2017,64.117269
4/28/2017,64.283166
5/2/2017,64.225836
5/3/2017,64.15789
5/4/2017,64.185961
5/5/2017,64.37825
5/8/2017,64.312946
5/9/2017,64.656043
5/10/2017,64.546039
5/11/2017,64.370166
5/12/2017,64.306271
5/15/2017,64.04712
5/16/2017,64.065919
5/17/2017,64.100927
5/18/2017,65.046994
5/19/2017,64.587172
5/22/2017,64.535266
5/23/2017,64.894784
5/24/2017,64.734656
5/25/2017,64.602283
5/26/2017,64.502947
5/29/2017,64.537898
5/30/2017,64.657209
5/31/2017,64.46306
6/1/2017,64.465193
6/2/2017,64.44281
6/5/2017,64.363054
6/6/2017,64.472819
6/7/2017,64.346973
6/8/2017,64.24125
6/9/2017,64.24481
6/12/2017,64.439889
6/13/2017,64.360346
6/14/2017,64.299741
6/15/2017,64.608633
6/16/2017,64.432256
6/19/2017,64.42227
6/20/2017,64.512818
6/21/2017,64.502108
6/22/2017,64.599785
6/23/2017,64.532802
6/26/2017,64.44802
6/27/2017,64.510108
6/28/2017,64.557802
6/29/2017,64.586875
6/30/2017,64.620137
7/3/2017,64.857947
7/4/2017,64.737955
7/5/2017,64.796099
7/6/2017,64.762846
7/7/2017,64.577199
7/10/2017,64.495038
7/11/2017,64.590092
7/12/2017,64.535331
7/13/2017,64.449943
7/14/2017,64.384582
7/17/2017,64.345228
7/18/2017,64.333189
7/19/2017,64.295066
7/20/2017,64.440575
7/21/2017,64.33989
7/24/2017,64.397751
7/25/2017,64.385155
7/26/2017,64.35718
7/27/2017,64.155122
7/28/2017,64.161906
7/31/2017,64.185896
8/1/2017,64.099644
8/2/2017,63.680108
8/3/2017,63.677066
8/4/2017,63.619397
8/7/2017,63.830211
8/8/2017,63.641866
8/9/2017,63.859858
8/10/2017,64.105012
8/11/2017,64.169996
8/14/2017,64.117148
8/15/2017,64.119976
8/16/2017,64.190009
8/17/2017,64.169873
8/18/2017,64.14523
8/21/2017,64.14293
8/22/2017,64.099482
8/23/2017,64.079583
8/24/2017,64.032272
8/25/2017,64.022273
8/28/2017,63.904822
8/29/2017,64.022244
8/30/2017,64.02526
8/31/2017,63.931924
9/1/2017,64.033138
9/4/2017,64.039899
9/5/2017,64.127418
9/6/2017,64.112396
9/7/2017,64.01512
9/8/2017,63.784826
9/11/2017,63.910978
9/12/2017,64.056398
9/13/2017,63.999917
9/14/2017,64.122423
9/15/2017,64.083006
9/18/2017,64.137513
9/19/2017,64.331273
9/20/2017,64.292912
9/21/2017,64.804284
9/22/2017,64.79475
9/25/2017,65.107862
9/26/2017,65.490371
9/27/2017,65.712461
9/28/2017,65.473765
9/29/2017,65.279519
10/2/2017,65.306965
10/3/2017,65.504127
10/4/2017,65.021634
10/5/2017,65.14776
10/6/2017,65.383104
10/9/2017,65.352035
10/10/2017,65.247097
10/11/2017,65.144548
10/12/2017,65.030027
10/13/2017,64.955546
10/16/2017,64.742438
10/17/2017,65.030615
10/18/2017,65.05277
10/19/2017,65.027886
10/20/2017,65.009985
10/23/2017,65.022572
10/24/2017,65.11266
10/25/2017,64.924905
10/26/2017,64.860036
10/27/2017,65.059888
10/30/2017,64.894936
10/31/2017,64.749957
11/1/2017,64.599552
11/2/2017,64.601975
11/3/2017,64.522604
11/6/2017,64.672563
11/7/2017,64.994811
11/8/2017,64.987489
11/9/2017,64.969905
11/10/2017,65.162176
11/13/2017,65.452128
11/14/2017,65.402299
11/15/2017,65.215372
11/16/2017,65.322403
11/17/2017,65.012293
11/20/2017,65.102708
11/21/2017,64.917648
11/22/2017,64.899991
11/23/2017,64.577988
11/24/2017,64.680054
11/27/2017,64.502175
11/28/2017,64.41748
11/29/2017,64.312167
11/30/2017,64.467466
12/1/2017,64.497265
12/4/2017,64.398651
12/5/2017,64.405757
12/6/2017,64.51976
12/7/2017,64.577465
12/8/2017,64.450264
12/11/2017,64.412089
12/12/2017,64.397416
12/13/2017,64.431663
12/14/2017,64.370198
12/15/2017,64.042436
12/18/2017,64.234421
12/19/2017,64.029857
12/20/2017,64.117771
12/21/2017,64.025213
12/22/2017,64.039906
12/27/2017,64.155107
12/28/2017,64.07994
12/29/2017,63.875177
1/2/2018,63.489847
1/3/2018,63.499543
1/4/2018,63.40489
1/5/2018,63.369863
1/8/2018,63.507475
1/9/2018,63.712286
1/10/2018,63.594897
1/11/2018,63.687692
1/12/2018,63.600148
1/15/2018,63.517553
1/16/2018,64.047424
1/17/2018,63.927723
1/18/2018,63.850429
1/19/2018,63.842513
1/22/2018,63.912493
1/23/2018,63.775002
1/24/2018,63.692519
1/25/2018,63.564923
1/26/2018,63.610084
1/29/2018,63.579853
1/30/2018,63.647854
1/31/2018,63.562656
2/1/2018,64.022795
2/2/2018,64.057397
2/5/2018,64.102492
2/6/2018,64.272447
2/7/2018,64.245015
2/8/2018,64.292769
2/9/2018,64.372607
2/12/2018,64.334991
2/13/2018,64.277143
2/14/2018,64.072319
2/15/2018,63.914992
2/16/2018,64.220154
2/19/2018,64.252619
2/20/2018,64.832253
2/21/2018,64.757554
2/22/2018,65.077794
2/23/2018,64.762582
2/26/2018,64.775162
2/27/2018,64.875213
2/28/2018,65.189946
3/1/2018,65.175006
3/2/2018,65.237573
3/5/2018,65.107256
3/6/2018,64.929901
3/7/2018,64.893291
3/8/2018,65.130022
3/9/2018,65.195265
3/12/2018,65.0126
3/13/2018,64.860236
3/14/2018,64.837497
3/15/2018,64.950166
3/16/2018,64.927242
3/19/2018,65.192542
3/20/2018,65.197947
3/21/2018,65.209995
3/22/2018,65.104742
3/23/2018,65.00486
3/26/2018,64.870276
3/27/2018,64.974952
3/28/2018,65.172205
3/29/2018,65.170035
4/3/2018,65.00975
4/4/2018,65.130336
4/5/2018,64.927406
4/6/2018,64.967304
4/9/2018,64.982526
4/10/2018,64.992719
4/11/2018,65.304829
4/12/2018,65.257648
4/13/2018,65.207437
4/16/2018,65.49515
4/17/2018,65.637291
4/18/2018,65.66516
4/19/2018,65.787433
4/20/2018,66.12235
4/23/2018,66.419758
4/24/2018,66.385409
4/25/2018,66.97538
4/26/2018,66.752137
4/27/2018,66.664872
4/30/2018,66.370147
5/2/2018,66.665695
5/3/2018,66.624833
5/4/2018,66.861893
5/7/2018,67.134935
5/8/2018,67.085088
5/9/2018,67.262396
5/10/2018,67.259219
5/11/2018,67.33702
5/14/2018,67.529613
5/15/2018,68.056888
5/16/2018,67.797437
5/17/2018,67.737823
5/18/2018,68.000594
5/21/2018,68.141849
5/22/2018,68.009581
5/23/2018,68.419457
5/24/2018,68.377387
5/25/2018,67.794861
5/28/2018,67.440742
5/29/2018,67.836996
5/30/2018,67.389959
5/31/2018,67.357894
6/1/2018,67.112863
6/4/2018,67.063134
6/5/2018,67.149893
6/6/2018,66.919677
6/7/2018,67.11558
6/8/2018,67.502127
6/11/2018,67.428329
6/12/2018,67.442738
6/13/2018,67.607956
6/14/2018,67.598039
6/15/2018,68.015264
6/18/2018,68.039697
6/19/2018,68.377839
6/20/2018,68.111936
6/21/2018,67.961952
6/22/2018,67.848558
6/25/2018,68.07265
6/26/2018,68.29121
6/27/2018,68.607094
6/28/2018,68.793059
6/29/2018,68.462
7/2/2018,68.795
7/3/2018,68.522075
7/4/2018,68.739907
7/5/2018,68.946964
7/6/2018,68.872398
7/9/2018,68.672915
7/10/2018,68.826944
7/11/2018,68.772476
7/12/2018,68.5199
7/13/2018,68.480632
7/16/2018,68.5593
7/17/2018,68.455198
7/18/2018,68.628025
7/19/2018,69.050311
7/20/2018,68.826907
7/23/2018,68.857118
7/24/2018,68.947548
7/25/2018,68.745937
7/26/2018,68.665073
7/27/2018,68.685161
7/30/2018,68.637881
7/31/2018,68.545075
8/1/2018,68.374231
8/2/2018,68.685117
8/3/2018,68.615809
8/6/2018,68.864247
8/7/2018,68.682124
8/8/2018,68.624989
8/9/2018,68.647028
8/10/2018,68.830307
8/13/2018,70.017101
8/14/2018,69.903121
8/15/2018,69.926243
8/16/2018,70.190853
8/17/2018,70.160214
8/20/2018,69.824869
8/21/2018,69.81525
8/22/2018,69.894972
8/23/2018,70.110977
8/24/2018,69.909821
8/27/2018,70.165048
8/28/2018,70.108027
8/29/2018,70.617925
8/30/2018,70.744954
8/31/2018,71.00206
9/3/2018,71.215006
9/4/2018,71.584933
9/5/2018,71.752288
9/6/2018,71.959343
9/7/2018,71.734826
9/10/2018,72.454844
9/11/2018,72.659841
9/12/2018,72.223133
9/13/2018,72.030981
9/14/2018,71.816237
9/17/2018,72.517779
9/18/2018,72.976832
9/19/2018,72.384932
9/20/2018,72.012066
9/21/2018,72.191938
9/24/2018,72.680285
9/25/2018,72.694659
9/26/2018,72.60714
9/27/2018,72.591612
9/28/2018,72.491361
10/1/2018,72.911856
10/2/2018,73.377805
10/3/2018,73.360755
10/4/2018,73.576769
10/5/2018,73.773249
10/8/2018,74.061683
10/9/2018,74.406646
10/10/2018,74.226522
10/11/2018,74.092009
10/12/2018,73.565319
10/15/2018,73.804939
10/16/2018,73.461638
10/17/2018,73.626626
10/18/2018,73.607127
10/19/2018,73.341761
10/22/2018,73.556638
10/23/2018,73.569873
10/24/2018,73.16314
10/25/2018,73.276542
10/26/2018,73.459674
10/29/2018,73.420174
10/30/2018,73.626451
10/31/2018,73.979943
11/1/2018,73.448609
11/2/2018,72.443286
11/5/2018,73.080035
11/6/2018,72.959835
11/7/2018,72.499347
11/8/2018,72.408526
11/9/2018,72.504848
11/12/2018,72.890013
11/13/2018,72.674718
11/14/2018,72.30347
11/15/2018,71.977001
11/16/2018,71.896263
11/19/2018,71.65704
11/20/2018,71.491113
11/21/2018,71.30511
11/22/2018,70.6871
11/23/2018,70.651868
11/26/2018,70.877849
11/27/2018,70.764477
11/28/2018,70.580468
11/29/2018,69.848951
11/30/2018,69.620125
12/3/2018,70.412107
12/4/2018,70.533789
12/5/2018,70.517879
12/6/2018,70.914457
12/7/2018,70.80204
12/10/2018,72.409978
12/11/2018,71.905703
12/12/2018,71.998942
12/13/2018,71.610237
12/14/2018,71.976074
12/17/2018,71.610087
12/18/2018,70.539685
12/19/2018,70.246383
12/20/2018,69.818356
12/21/2018,70.124409
12/24/2018,70.142882
12/27/2018,70.268524
12/28/2018,70.04147
12/31/2018,69.633013
1/2/2019,70.181188
1/3/2019,70.151569
1/4/2019,69.658423
1/7/2019,69.628222
1/8/2019,70.144231
1/9/2019,70.394151
1/10/2019,70.394885
1/11/2019,70.534553
1/14/2019,70.8289
1/15/2019,71.105567
1/16/2019,71.126087
1/17/2019,71.05695
1/18/2019,71.116909
1/21/2019,71.231737
1/22/2019,71.381011
1/23/2019,71.305973
1/24/2019,71.118949
1/25/2019,71.068218
1/28/2019,71.143808
1/29/2019,71.183681
1/30/2019,71.179456
1/31/2019,71.105501
2/1/2019,71.28498
2/4/2019,71.813456
2/5/2019,71.644489
2/6/2019,71.575829
2/7/2019,71.472455
2/8/2019,71.272255
2/11/2019,71.136263
2/12/2019,70.645361
2/13/2019,70.823529
2/14/2019,71.177671
2/15/2019,71.368561
2/18/2019,71.401395
2/19/2019,71.452541
2/20/2019,71.154558
2/21/2019,71.114585
2/22/2019,71.128477
2/25/2019,70.92162
2/26/2019,71.167151
2/27/2019,71.279203
2/28/2019,70.858006
3/1/2019,70.890802
3/4/2019,70.885596
3/5/2019,70.558743
3/6/2019,70.262716
3/7/2019,69.988466
3/8/2019,70.159508
3/11/2019,69.856813
3/12/2019,69.638581
3/13/2019,69.593913
3/14/2019,69.475874
3/15/2019,69.043155
3/18/2019,68.535554
3/19/2019,68.983096
3/20/2019,68.818038
3/21/2019,68.561957
3/22/2019,68.977172
3/25/2019,68.91479
3/26/2019,68.865025
3/27/2019,69.141284
3/28/2019,69.331877
3/29/2019,69.17579
4/1/2019,69.320488
4/2/2019,68.753125
4/3/2019,68.425242
4/4/2019,69.162136
4/5/2019,69.248642
4/8/2019,69.643873
4/9/2019,69.334043
4/10/2019,69.150191
4/11/2019,68.967951
4/12/2019,69.155993
4/15/2019,69.424998
4/16/2019,69.566121
4/17/2019,69.42483
4/18/2019,69.393778
4/23/2019,69.642063
4/24/2019,69.85012
4/25/2019,70.285894
4/26/2019,70.016617
4/29/2019,69.832735
4/30/2019,69.585933
5/2/2019,69.373885
5/3/2019,69.259525
5/6/2019,69.410215
5/7/2019,69.414394
5/8/2019,69.702285
5/9/2019,69.993299
5/10/2019,69.997774
5/13/2019,70.557581
5/14/2019,70.405754
5/15/2019,70.35545
5/16/2019,70.042846
5/17/2019,70.204977
5/20/2019,69.657025
5/21/2019,69.691784
5/22/2019,69.698326
5/23/2019,69.947931
5/24/2019,69.545008
5/27/2019,69.528934
5/28/2019,69.605522
5/29/2019,69.821172
5/30/2019,69.886384
5/31/2019,69.716617
6/3/2019,69.264193
6/4/2019,69.258271
6/5/2019,69.332415
6/6/2019,69.250843
6/7/2019,69.486383
6/10/2019,69.590744
6/11/2019,69.448322
6/12/2019,69.319968
6/13/2019,69.514129
6/14/2019,69.780737
6/17/2019,69.945701
6/18/2019,69.724233
6/19/2019,69.666726
6/20/2019,69.431768
6/21/2019,69.546218
6/24/2019,69.410655
6/25/2019,69.34712
6/26/2019,69.151998
6/27/2019,69.100704
6/28/2019,69.001757
7/1/2019,68.93647
7/2/2019,68.956729
7/3/2019,68.845302
7/4/2019,68.509479
7/5/2019,68.480906
7/8/2019,68.564868
7/9/2019,68.523873
7/10/2019,68.583779
7/11/2019,68.364643
7/12/2019,68.641251
7/15/2019,68.524714
7/16/2019,68.686626
7/17/2019,68.866251
7/18/2019,68.89934
7/19/2019,68.817477
7/22/2019,68.933125
7/23/2019,68.929562
7/24/2019,68.966338
7/25/2019,68.983356
7/26/2019,68.899264
7/29/2019,68.777768
7/30/2019,68.81612
7/31/2019,68.77993
8/1/2019,69.105735
8/2/2019,69.638033
8/5/2019,70.785995
8/6/2019,70.809869
8/7/2019,70.881985
8/8/2019,70.736174
8/9/2019,70.810413
8/12/2019,71.23995
8/13/2019,71.454732
8/14/2019,71.275027
8/15/2019,71.318834
8/16/2019,71.148429
8/19/2019,71.404125
8/20/2019,71.723546
8/21/2019,71.564751
8/22/2019,71.811784
8/23/2019,71.671035
8/26/2019,72.025009
8/27/2019,71.526027
8/28/2019,71.813137
8/29/2019,71.659592
8/30/2019,71.435756
9/2/2019,71.929249
9/3/2019,72.411996
9/4/2019,72.053912
9/5/2019,71.814523
9/6/2019,71.715335
9/9/2019,71.677241
9/10/2019,71.903533
9/11/2019,71.682268
9/12/2019,71.146584
9/13/2019,70.963861
9/16/2019,71.60049
9/17/2019,71.782151
9/18/2019,71.208722
9/19/2019,71.323304
9/20/2019,70.981414
9/23/2019,70.951752
9/24/2019,70.947469
9/25/2019,71.044892
9/26/2019,70.908758
9/27/2019,70.478738
9/30/2019,70.861879
10/1/2019,71.106625
10/2/2019,71.237986
10/3/2019,70.966578
10/4/2019,70.900355
10/7/2019,70.993814
10/8/2019,71.13053
10/9/2019,71.062745
10/10/2019,71.038531
10/11/2019,71.074436
10/14/2019,71.185296
10/15/2019,71.496321
10/16/2019,71.444898
10/17/2019,71.158553
10/18/2019,71.135589
10/21/2019,70.857424
10/22/2019,70.9115
10/23/2019,70.866223
10/24/2019,71.011862
10/25/2019,70.902584
10/28/2019,70.745468
10/29/2019,70.856242
10/30/2019,70.926076
10/31/2019,70.92747
11/1/2019,70.7568
11/4/2019,70.72997
11/5/2019,70.689531
11/6/2019,70.951758
11/7/2019,70.911799
11/8/2019,71.281494
11/11/2019,71.542886
11/12/2019,71.692238
11/13/2019,72.068872
11/14/2019,71.928708
11/15/2019,71.744608
11/18/2019,71.807251
11/19/2019,71.677801
11/20/2019,71.817524
11/21/2019,71.7406
11/22/2019,71.686562
11/25/2019,71.708757
11/26/2019,71.521325
11/27/2019,71.350259
11/28/2019,71.612449
11/29/2019,71.651339
12/2/2019,71.648825
12/3/2019,71.746003
12/4/2019,71.529194
12/5/2019,71.22724
12/6/2019,71.248873
12/9/2019,71.067269
12/10/2019,70.922632
12/11/2019,70.800451
12/12/2019,70.876807
12/13/2019,70.75443
12/16/2019,70.972815
12/17/2019,70.958162
12/18/2019,70.980657
12/19/2019,71.091122
12/20/2019,71.193566
12/23/2019,71.282619
12/24/2019,71.256769
12/27/2019,71.404107
12/30/2019,71.330771
12/31/2019,71.37885
1/2/2020,71.389708
1/3/2020,71.775814
1/6/2020,71.929158
1/7/2020,71.844791
1/8/2020,71.713
1/9/2020,71.252925
1/10/2020,70.950771
1/13/2020,70.845317
1/14/2020,70.830859
1/15/2020,70.797433
1/16/2020,70.929358
1/17/2020,71.080933
1/20/2020,71.072621
1/21/2020,71.196131
1/22/2020,71.127796
1/23/2020,71.315932
1/24/2020,71.291346
1/27/2020,71.421769
1/28/2020,71.289868
1/29/2020,71.281702
1/30/2020,71.639315
1/31/2020,71.39477
2/3/2020,71.393006
2/4/2020,71.245474
2/5/2020,71.153951
2/6/2020,71.148323
2/7/2020,71.439967
2/10/2020,71.32408
2/11/2020,71.272819
2/12/2020,71.316199
2/13/2020,71.27036
2/14/2020,71.449917
2/17/2020,71.381634
2/18/2020,71.551405
2/19/2020,71.513426
2/20/2020,71.616775
2/21/2020,71.987779
2/24/2020,71.941671
2/25/2020,71.701107
2/26/2020,71.650115
2/27/2020,71.632616
2/28/2020,72.228296
3/2/2020,72.754001
3/3/2020,73.247279
3/4/2020,73.260674
3/5/2020,73.436131
3/6/2020,73.735004
3/9/2020,74.162011
3/10/2020,73.845478
3/11/2020,73.678105
3/12/2020,74.259786
3/13/2020,73.736041
3/16/2020,74.22022
3/17/2020,74.273356
3/18/2020,74.204774
3/19/2020,75.122674
3/20/2020,75.15177
3/23/2020,76.162014
3/24/2020,75.954994
3/25/2020,76.382193
3/26/2020,75.161188
3/27/2020,75.49376
3/30/2020,75.675186
3/31/2020,75.664932
4/1/2020,76.445135
4/2/2020,76.403814
4/3/2020,76.231803
4/6/2020,76.08748
4/7/2020,75.564538
4/8/2020,76.233097
4/9/2020,76.311309
4/14/2020,76.15981
4/15/2020,76.505549
4/16/2020,76.878215
4/17/2020,76.479282
4/20/2020,76.559392
4/21/2020,76.936422
4/22/2020,76.533082
4/23/2020,76.067583
4/24/2020,76.264815
4/27/2020,76.132971
4/28/2020,75.868346
4/29/2020,75.651633
4/30/2020,75.037514
5/4/2020,75.659843
5/5/2020,75.757171
5/6/2020,75.859628
5/7/2020,75.830938
5/8/2020,75.58932
5/11/2020,75.846268
5/12/2020,75.145515
5/13/2020,75.294253
5/14/2020,75.604151
5/15/2020,75.929339
5/18/2020,75.834103
5/19/2020,75.665297
5/20/2020,75.619182
5/21/2020,75.504091
5/22/2020,75.86803
5/25/2020,75.886801
5/26/2020,75.559909
5/27/2020,75.739241
5/28/2020,75.765704
5/29/2020,75.523078
6/1/2020,75.510975
6/2/2020,75.209415
6/3/2020,75.491781
6/4/2020,75.495111
6/5/2020,75.578111
6/8/2020,75.534781
6/9/2020,75.534355
6/10/2020,75.519121
6/11/2020,75.834508
6/12/2020,75.891277
6/15/2020,76.004177
6/16/2020,76.0948
6/17/2020,76.166756
6/18/2020,76.343789
6/19/2020,76.139161
6/22/2020,76.035405
6/23/2020,75.488602
6/24/2020,75.645833
6/25/2020,75.635714
6/26/2020,75.645679
6/29/2020,75.49805
6/30/2020,75.570191
7/1/2020,75.555357
7/2/2020,74.742158
7/3/2020,74.68015
7/6/2020,74.572627
7/7/2020,74.813552
7/8/2020,75.000443
7/9/2020,74.982807
7/10/2020,75.240333
7/13/2020,75.219349
7/14/2020,75.404396
7/15/2020,75.123209
7/16/2020,75.219467
7/17/2020,74.964998
7/20/2020,74.803896
7/21/2020,74.613738
7/22/2020,74.527552
7/23/2020,74.835336
7/24/2020,74.832874
7/27/2020,74.732143
7/28/2020,74.860459
7/29/2020,74.792324
7/30/2020,74.887167
7/31/2020,74.810517
8/3/2020,75.200836
8/4/2020,75.121547
8/5/2020,74.834655
8/6/2020,74.951448
8/7/2020,75.004654
8/10/2020,74.906486
8/11/2020,74.566749
8/12/2020,74.80333
8/13/2020,74.844925
8/14/2020,74.890375
8/17/2020,74.824517
8/18/2020,74.650596
8/19/2020,74.847901
8/20/2020,75.098734
8/21/2020,74.940947
8/24/2020,74.087955
8/25/2020,74.247926
8/26/2020,74.317584
8/27/2020,73.916229
8/28/2020,73.195552
8/31/2020,73.2567
9/1/2020,72.919413
9/2/2020,73.199983
9/3/2020,73.530433
9/4/2020,73.195406
9/7/2020,73.451032
9/8/2020,73.912601
9/9/2020,73.563663
9/10/2020,73.452612
9/11/2020,73.598026
9/14/2020,73.544544
9/15/2020,73.596115
9/16/2020,73.524728
9/17/2020,73.629736
9/18/2020,73.535029
9/21/2020,73.55137
9/22/2020,73.477002
9/23/2020,73.54131
9/24/2020,73.949764
9/25/2020,73.678442
9/28/2020,73.715081
9/29/2020,73.726713
9/30/2020,73.709429
10/1/2020,73.03225
10/2/2020,73.348252
10/5/2020,73.153467
10/6/2020,73.396778
10/7/2020,73.290569
10/8/2020,73.256269
10/9/2020,73.080543
10/12/2020,73.290957
10/13/2020,73.322304
10/14/2020,73.27617
10/15/2020,73.474953
10/16/2020,73.308492
10/19/2020,73.308867
10/20/2020,73.53641
10/21/2020,73.721313
10/22/2020,73.692581
10/23/2020,73.654268
10/26/2020,74.074372
10/27/2020,73.667596
10/28/2020,74.020636
10/29/2020,74.407468
10/30/2020,74.467003
11/2/2020,74.455458
11/3/2020,74.405657
11/4/2020,74.392543
11/5/2020,74.011388
11/6/2020,74.143639
11/9/2020,73.750736
11/10/2020,74.24331
11/11/2020,74.419514
11/12/2020,74.68917
11/13/2020,74.639018
11/16/2020,74.454353
11/17/2020,74.467682
11/18/2020,74.158241
11/19/2020,74.203009
11/20/2020,74.13049
11/23/2020,74.030754
11/24/2020,74.087231
11/25/2020,73.888982
11/26/2020,73.836555
11/27/2020,74.066012
11/30/2020,74.066945
12/1/2020,73.65767
12/2/2020,73.735704
12/3/2020,73.828491
12/4/2020,73.752365
12/7/2020,73.902127
12/8/2020,73.636289
12/9/2020,73.674127
12/10/2020,73.670244
12/11/2020,73.777934
12/14/2020,73.54917
12/15/2020,73.591433
12/16/2020,73.650833
12/17/2020,73.58811
12/18/2020,73.51089
12/21/2020,74.044032
12/22/2020,73.860201
12/23/2020,73.807743
12/24/2020,73.554088
12/28/2020,73.503969
12/29/2020,73.368138
12/30/2020,73.188177
12/31/2020,73.066987
1/4/2021,73.022934
1/5/2021,73.23527
1/6/2021,73.110715
1/7/2021,73.350847
1/8/2021,73.304082
1/11/2021,73.457206
1/12/2021,73.260012
1/13/2021,73.162502
1/14/2021,73.129743
1/15/2021,73.114328
1/18/2021,73.306117
1/19/2021,73.155704
1/20/2021,73.02537
1/21/2021,72.974173
1/22/2021,73.011186
1/25/2021,72.934496
1/26/2021,72.927201
1/27/2021,73.004788
1/28/2021,73.046894
1/29/2021,72.867502
2/1/2021,73.10907
2/2/2021,72.98738
2/3/2021,72.912124
2/4/2021,72.886379
2/5/2021,72.909121
2/8/2021,72.951351
2/9/2021,72.931675
2/10/2021,72.827987
2/11/2021,72.778464
2/12/2021,72.577635
2/15/2021,72.609448
2/16/2021,72.815202
2/17/2021,72.797678
2/18/2021,72.550066
2/19/2021,72.505561
2/22/2021,72.506388
2/23/2021,72.517088
2/24/2021,72.349745
2/25/2021,72.633129
2/26/2021,73.901988
3/1/2021,73.563843
3/2/2021,73.377951
3/3/2021,72.847361
3/4/2021,72.753864
3/5/2021,73.06961
3/8/2021,73.358756
3/9/2021,73.000673
3/10/2021,72.998655
3/11/2021,72.594202
3/12/2021,72.677449
3/15/2021,72.560822
3/16/2021,72.512997
3/17/2021,72.586714
3/18/2021,72.708613
3/19/2021,72.504836
3/22/2021,72.3541
3/23/2021,72.458554
3/24/2021,72.607611
3/25/2021,72.666074
3/26/2021,72.555169
3/29/2021,72.559233
3/30/2021,73.46393
3/31/2021,73.18806
4/1/2021,73.410097
4/6/2021,73.399932
4/7/2021,74.358381
4/8/2021,74.613409
4/9/2021,74.709371
4/12/2021,75.018481
4/13/2021,75.42157
4/14/2021,75.086092
4/15/2021,75.021721
4/16/2021,74.449775
4/19/2021,74.837973
4/20/2021,75.137333
4/21/2021,75.452236
4/22/2021,75.040677
4/23/2021,74.980524
4/26/2021,74.785271
4/27/2021,74.579749
4/28/2021,74.473074
4/29/2021,74.082365
4/30/2021,74.060172
5/3/2021,73.892395
5/4/2021,73.882373
5/5/2021,73.879633
5/6/2021,73.748342
5/7/2021,73.503193
5/10/2021,73.349084
5/11/2021,73.368118
5/12/2021,73.41393
5/13/2021,73.5531
5/14/2021,73.25497
5/17/2021,73.316479
5/18/2021,73.008509
5/19/2021,73.148542
5/20/2021,73.066459
5/21/2021,72.86019
5/24/2021,72.921471
5/25/2021,72.762557
5/26/2021,72.754109
5/27/2021,72.604525
5/28/2021,72.546533
5/31/2021,72.56897
6/1/2021,72.896115
6/2/2021,73.102741
6/3/2021,72.926479
6/4/2021,73.005034
6/7/2021,72.792715
6/8/2021,72.876375
6/9/2021,72.947929
6/10/2021,73.084607
6/11/2021,73.131052
6/14/2021,73.234396
6/15/2021,73.342501
6/16/2021,73.308726
6/17/2021,74.123314
6/18/2021,73.986973
6/21/2021,74.161971
6/22/2021,74.300908
6/23/2021,74.175885
6/24/2021,74.147118
6/25/2021,74.211213
6/28/2021,74.302267
6/29/2021,74.280787
6/30/2021,74.321777
7/1/2021,74.519522
7/2/2021,74.689588
7/5/2021,74.29673
7/6/2021,74.516472
7/7/2021,74.619643
7/8/2021,74.84989
7/9/2021,74.524372
7/12/2021,74.595849
7/13/2021,74.5423
7/14/2021,74.490772
7/15/2021,74.562622
7/16/2021,74.5899
7/19/2021,74.983852
7/20/2021,74.667516
7/21/2021,74.574839
7/22/2021,74.447134
7/23/2021,74.43741
7/26/2021,74.42988
7/27/2021,74.439458
7/28/2021,74.390616
7/29/2021,74.258823
7/30/2021,74.336978
8/2/2021,74.369847
8/3/2021,74.225915
8/4/2021,74.156901
8/5/2021,74.11443
8/6/2021,74.107987
8/9/2021,74.244962
8/10/2021,74.384064
8/11/2021,74.38172
8/12/2021,74.205213
8/13/2021,74.266043
8/16/2021,74.21806
8/17/2021,74.30866
8/18/2021,74.253178
8/19/2021,74.382267
8/20/2021,74.374518
8/23/2021,74.172214
8/24/2021,74.158859
8/25/2021,74.260395
8/26/2021,74.134444
8/27/2021,73.719072
8/30/2021,73.301839
8/31/2021,72.997296
9/1/2021,73.070999
9/2/2021,73.037734
9/3/2021,73.032766
9/6/2021,73.089599
9/7/2021,73.470067
9/8/2021,73.569375
9/9/2021,73.551698
9/10/2021,73.42868
9/13/2021,73.721562
9/14/2021,73.672761
9/15/2021,73.462872
9/16/2021,73.512709
9/17/2021,73.45798
9/20/2021,73.667492
9/21/2021,73.683336
9/22/2021,73.852843
9/23/2021,73.723431
9/24/2021,73.787013
9/27/2021,73.860916
9/28/2021,74.121853
9/29/2021,74.195126
9/30/2021,74.338544
10/1/2021,74.116379
10/4/2021,74.254469
10/5/2021,74.545768
10/6/2021,74.889967
10/7/2021,74.734475
10/8/2021,74.984441
10/11/2021,75.457059
10/12/2021,75.527477
10/13/2021,75.341204
10/14/2021,75.276245
10/15/2021,74.958628
10/18/2021,75.326008
10/19/2021,75.075075
10/20/2021,74.858986
10/21/2021,74.885709
10/22/2021,74.870163
10/25/2021,75.166767
10/26/2021,74.954381
10/27/2021,75.063269
10/28/2021,74.875528
10/29/2021,74.867325
11/1/2021,74.907151
11/2/2021,74.639317
11/3/2021,74.482208
11/4/2021,74.419137
11/5/2021,74.261221
11/8/2021,74.111322
11/9/2021,74.10469
11/10/2021,74.305589
11/11/2021,74.440663
11/12/2021,74.417365
11/15/2021,74.399685
11/16/2021,74.366995
11/17/2021,74.257688
11/18/2021,74.233583
11/19/2021,74.25295
11/22/2021,74.350062
11/23/2021,74.464428
11/24/2021,74.459218
11/25/2021,74.49648
11/26/2021,74.87335
11/29/2021,75.082919
11/30/2021,75.092317
12/1/2021,74.905869
12/2/2021,75.008378
12/3/2021,75.144363
12/6/2021,75.413307
12/7/2021,75.406894
12/8/2021,75.435437
12/9/2021,75.596764
12/10/2021,75.676838
12/13/2021,75.742596
12/14/2021,75.938633
12/15/2021,76.393625
12/16/2021,76.217802
12/17/2021,75.961165
12/20/2021,75.847157
12/21/2021,75.577512
12/22/2021,75.574728
12/23/2021,75.223254
12/24/2021,75.006627
12/27/2021,74.973922
12/28/2021,74.691995
12/29/2021,74.659825
12/30/2021,74.34048
12/31/2021,74.368003
1/3/2022,74.323998
1/4/2022,74.656884
1/5/2022,74.353741
1/6/2022,74.456474
1/7/2022,74.32997
1/10/2022,74.04135
1/11/2022,73.877999
1/12/2022,73.903694
1/13/2022,73.904737
1/14/2022,74.206779
1/17/2022,74.304569
1/18/2022,74.613354
1/19/2022,74.405906
1/20/2022,74.406421
1/21/2022,74.391082
1/24/2022,74.619161
1/25/2022,74.79322
1/26/2022,74.868139
1/27/2022,75.080018
1/28/2022,75.059706
1/31/2022,74.727053
2/1/2022,74.775311
2/2/2022,74.726663
2/3/2022,74.887471
2/4/2022,74.707345
2/7/2022,74.722198
2/8/2022,74.732205
2/9/2022,74.837341
2/10/2022,75.126584
2/11/2022,75.19795
2/14/2022,75.531548
2/15/2022,75.313354
2/16/2022,75.086616
2/17/2022,75.016271
2/18/2022,74.557425
2/21/2022,74.684248
2/22/2022,74.729325
2/23/2022,74.588769
2/24/2022,75.513751
2/25/2022,75.202389
2/28/2022,75.501384
3/1/2022,75.704623
3/2/2022,75.793715
3/3/2022,75.99675
3/4/2022,76.343124
3/7/2022,76.92749
3/8/2022,77.051047
3/9/2022,76.59647
3/10/2022,76.332551
3/11/2022,76.421747
3/14/2022,76.57938
3/15/2022,76.385679
3/16/2022,76.205658
3/17/2022,75.869605
3/18/2022,76.110556
3/21/2022,76.266987
3/22/2022,76.119829
3/23/2022,76.438325
3/24/2022,76.406449
3/25/2022,76.189329
3/28/2022,76.128488
3/29/2022,75.749662
3/30/2022,75.840374
3/31/2022,75.789569
4/1/2022,75.990499
4/4/2022,75.527488
4/5/2022,75.335035
4/6/2022,75.834752
4/7/2022,75.990289
4/8/2022,75.857656
4/11/2022,75.879358
4/12/2022,76.170242
4/13/2022,76.18511
4/14/2022,76.129803
4/19/2022,76.46376
4/20/2022,76.301754
4/21/2022,76.205566
4/22/2022,76.448461
4/25/2022,76.606179
4/26/2022,76.565955
4/27/2022,76.60446
4/28/2022,76.649499
4/29/2022,76.506641
5/2/2022,76.488978
5/3/2022,76.583933
5/4/2022,76.34935
5/5/2022,76.285484
5/6/2022,76.913907
5/9/2022,77.414054
5/10/2022,77.262175
5/11/2022,77.223065
5/12/2022,77.504804
5/13/2022,77.449687
5/16/2022,77.797927
5/17/2022,77.460867
5/18/2022,77.587665
5/19/2022,77.635629
5/20/2022,77.679588
5/23/2022,77.567783
5/24/2022,77.597948
5/25/2022,77.577515
5/26/2022,77.597925
5/27/2022,77.589536
5/30/2022,77.550167
5/31/2022,77.69159
6/1/2022,77.530807
6/2/2022,77.555181
6/3/2022,77.607642
6/6/2022,77.610479
6/7/2022,77.727443
6/8/2022,77.673899
6/9/2022,77.749232
6/10/2022,77.836548
6/13/2022,78.054519
6/14/2022,78.031956
6/15/2022,78.146103
6/16/2022,78.071635
6/17/2022,78.076483
6/20/2022,77.963298
6/21/2022,78.126066
6/22/2022,78.32668
6/23/2022,78.28924
6/24/2022,78.2958
6/27/2022,78.445422
6/28/2022,78.97737
6/29/2022,78.955025
6/30/2022,79.053625
7/1/2022,79.016499
7/4/2022,78.916021
7/5/2022,79.371234
7/6/2022,79.131473
7/7/2022,79.174853
7/8/2022,79.236446
7/11/2022,79.464745
7/12/2022,79.562338
7/13/2022,79.595212
7/14/2022,80.035182
7/15/2022,79.844915
7/18/2022,79.986181
7/19/2022,79.939483
7/20/2022,80.006863
7/21/2022,79.861751
7/22/2022,79.866536
7/25/2022,79.784584
7/26/2022,79.81529
7/27/2022,79.920213
7/28/2022,79.681387
7/29/2022,79.31163
8/1/2022,79.090687
8/2/2022,78.564456
8/3/2022,79.153914
8/4/2022,79.335527
8/5/2022,79.201505
8/8/2022,79.582312
8/9/2022,79.544655
8/10/2022,79.46547
8/11/2022,79.594216
8/12/2022,79.721439
8/15/2022,79.510544
8/16/2022,79.335209
8/17/2022,79.452479
8/18/2022,79.624681
8/19/2022,79.867515
8/22/2022,79.853515
8/23/2022,79.863504
8/24/2022,79.827461
8/25/2022,79.895186
8/26/2022,79.846607
8/29/2022,79.941418
8/30/2022,79.532091
8/31/2022,79.5465
9/1/2022,79.587665
9/2/2022,79.865506
9/5/2022,79.872177
9/6/2022,79.805097
9/7/2022,79.947395
9/8/2022,79.665801
9/9/2022,79.578565
9/12/2022,79.460364
9/13/2022,79.16
9/14/2022,79.501502
9/15/2022,79.775721
9/16/2022,79.727245
9/19/2022,79.732733
9/20/2022,79.72111
9/21/2022,79.906622
9/22/2022,80.834682
9/23/2022,81.064691
9/26/2022,81.59237
9/27/2022,81.474492
9/28/2022,81.824882
9/29/2022,81.716464
9/30/2022,81.478252
10/3/2022,81.829168
10/4/2022,81.588818
10/5/2022,81.602622
10/6/2022,82.212475
10/7/2022,82.214964
10/10/2022,82.466536
10/11/2022,82.233364
10/12/2022,82.315578
10/13/2022,82.142006
10/14/2022,82.298549
10/17/2022,82.275388
10/18/2022,82.277072
10/19/2022,83.038965
10/20/2022,82.739272
10/21/2022,82.979445
10/24/2022,82.7785
10/25/2022,82.803975
10/26/2022,82.01736
10/27/2022,82.3513
10/28/2022,82.460557
10/31/2022,82.815715
11/1/2022,82.521363
11/2/2022,82.753331
11/3/2022,82.932944
11/4/2022,82.070502
11/7/2022,81.898029
11/8/2022,81.55062
11/9/2022,81.340273
11/10/2022,81.681535
11/11/2022,80.738553
11/14/2022,81.188003
11/15/2022,80.863514
11/16/2022,81.243277
11/17/2022,81.785057
11/18/2022,81.697376
11/21/2022,81.727015
11/22/2022,81.639868
11/23/2022,81.807264
11/24/2022,81.657063
11/25/2022,81.65253
11/28/2022,81.656313
11/29/2022,81.665831
11/30/2022,81.362278
12/1/2022,81.2445
12/2/2022,81.271114
12/5/2022,81.727496
12/6/2022,82.396824
12/7/2022,82.336404
12/8/2022,82.398992
12/9/2022,82.350128
12/12/2022,82.610301
12/13/2022,82.784732
12/14/2022,82.489905
12/15/2022,82.793993
12/16/2022,82.704586
12/19/2022,82.593036
12/20/2022,82.710539
12/21/2022,82.840354
12/22/2022,82.795542
12/23/2022,82.807381
12/27/2022,82.90738
12/28/2022,82.795395
12/29/2022,82.852381
12/30/2022,82.665479
1/2/2023,82.772629
1/3/2023,82.891892
1/4/2023,82.829512
1/5/2023,82.516272
1/6/2023,82.771714
1/9/2023,82.346672
1/10/2023,81.789611
1/11/2023,81.708384
1/12/2023,81.491831
1/13/2023,81.464768
1/16/2023,81.649556
1/17/2023,81.690492
1/18/2023,81.31931
1/19/2023,81.411003
1/20/2023,81.116756
1/23/2023,81.3651
1/24/2023,81.620464
1/25/2023,81.564442
1/26/2023,81.528683
1/27/2023,81.612517
1/30/2023,81.526644
1/31/2023,81.820364
2/1/2023,81.793648
2/2/2023,82.181926
2/3/2023,81.91643
2/6/2023,82.676503
2/7/2023,82.719252
2/8/2023,82.528179
2/9/2023,82.52762
2/10/2023,82.55145
2/13/2023,82.720382
2/14/2023,82.835487
2/15/2023,82.842523
2/16/2023,82.670467
2/17/2023,82.843294
2/20/2023,82.729998
2/21/2023,82.786478
2/22/2023,82.899286
2/23/2023,82.582423
2/24/2023,82.766793
2/27/2023,82.751563
2/28/2023,82.607119
3/1/2023,82.445526
3/2/2023,82.542669
3/3/2023,81.882713
3/6/2023,81.856566
3/7/2023,81.821378
3/8/2023,81.954481
3/9/2023,82.074569
3/10/2023,82.124976
3/13/2023,82.239865
3/14/2023,82.360995
3/15/2023,82.768509
3/16/2023,82.80302
3/17/2023,82.638614
3/20/2023,82.569749
3/21/2023,82.619525
3/22/2023,82.596198
3/23/2023,82.251126
3/24/2023,82.424383
3/27/2023,82.305022
3/28/2023,82.154783
3/29/2023,82.325528
3/30/2023,82.084788
3/31/2023,82.206437
4/3/2023,82.310028
4/4/2023,82.185121
4/5/2023,82.01234
4/6/2023,81.874027
4/11/2023,82.091243
4/12/2023,82.116371
4/13/2023,81.857921
4/14/2023,81.721534
4/17/2023,82.015026
4/18/2023,82.022876
4/19/2023,82.226745
4/20/2023,82.178819
4/21/2023,82.081436
4/24/2023,81.917379
4/25/2023,81.955181
4/26/2023,81.752423
4/27/2023,81.795417
4/28/2023,81.828158
5/2/2023,81.852713
5/3/2023,81.813366
5/4/2023,81.767654
5/5/2023,81.71509
5/8/2023,81.795325
5/9/2023,82.078201
5/10/2023,82.026027
5/11/2023,82.059012
5/12/2023,82.188762
5/15/2023,82.290364
5/16/2023,82.221763
5/17/2023,82.360144
5/18/2023,82.577915
5/19/2023,82.736399
5/22/2023,82.859915
5/23/2023,82.816124
5/24/2023,82.6586
5/25/2023,82.725198
5/26/2023,82.601525
5/29/2023,82.613159
5/30/2023,82.649386
5/31/2023,82.692128
6/1/2023,82.459568
6/2/2023,82.354362
6/5/2023,82.624415
6/6/2023,82.588692
6/7/2023,82.5007
6/8/2023,82.534227
6/9/2023,82.458256
6/12/2023,82.427311
6/13/2023,82.33392
6/14/2023,82.056157
6/15/2023,82.246511
6/16/2023,81.885191
6/19/2023,81.956144
6/20/2023,82.093204
6/21/2023,82.007232
6/22/2023,81.957214
6/23/2023,81.973999
6/26/2023,82.02647
6/27/2023,81.996621
6/28/2023,82.050192
6/29/2023,82.013622
6/30/2023,82.096908
7/3/2023,81.954766
7/4/2023,82.017439
7/5/2023,82.284677
7/6/2023,82.437838
7/7/2023,82.702517
7/10/2023,82.601771
7/11/2023,82.414687
7/12/2023,82.305661
7/13/2023,82.090413
7/14/2023,82.166028
7/17/2023,82.018967
7/18/2023,82.037761
7/19/2023,82.079398
7/20/2023,81.969277
7/21/2023,81.969792
7/24/2023,81.813266
7/25/2023,81.84282
7/26/2023,82.035537
7/27/2023,81.922247
7/28/2023,82.19891
7/31/2023,82.254377
8/1/2023,82.27484
8/2/2023,82.544379
8/3/2023,82.781284
8/4/2023,82.888726
8/7/2023,82.732884
8/8/2023,82.841192
8/9/2023,82.858771
8/10/2023,82.673836
8/11/2023,82.785351
8/14/2023,83.090576
8/15/2023,83.343859
8/16/2023,83.220502
8/17/2023,83.027064
8/18/2023,83.079507
8/21/2023,83.114686
8/22/2023,82.963167
8/23/2023,82.670801
8/24/2023,82.582565
8/25/2023,82.627683
8/28/2023,82.627683
8/29/2023,82.7858
8/30/2023,82.692265
8/31/2023,82.746872
9/1/2023,82.715788
9/4/2023,82.681696
9/5/2023,83.027211
9/6/2023,83.14658
9/7/2023,83.189076
9/8/2023,83.016629
9/11/2023,82.96671
9/12/2023,82.914216
9/13/2023,82.996832
9/14/2023,82.994408
9/15/2023,83.144117
9/18/2023,83.306293
9/19/2023,83.210865
9/20/2023,83.080078
9/21/2023,83.095252
9/22/2023,82.931812
9/25/2023,83.115772
9/26/2023,83.262141
9/27/2023,83.191439
9/28/2023,83.15732
9/29/2023,83.081461
10/2/2023,83.167142
10/3/2023,83.214729
10/4/2023,83.259503
10/5/2023,83.248147
10/6/2023,83.152513
10/9/2023,83.297408
10/10/2023,83.239936
10/11/2023,83.174274
10/12/2023,83.239947
10/13/2023,83.27062
10/16/2023,83.252515
10/17/2023,83.223105
10/18/2023,83.250355
10/19/2023,83.22599
10/20/2023,83.073364
10/23/2023,83.13768
10/24/2023,83.056622
10/25/2023,83.175586
10/26/2023,83.240512
10/27/2023,83.24732
10/30/2023,83.267327
10/31/2023,83.265373
11/1/2023,83.280345
11/2/2023,83.204202
11/3/2023,83.212951
11/6/2023,83.22875
11/7/2023,83.264552
11/8/2023,83.287414
11/9/2023,83.297166
11/10/2023,83.291491
11/13/2023,83.26523
11/14/2023,83.174002
11/15/2023,83.082168
11/16/2023,83.246843
11/17/2023,83.247333
11/20/2023,83.369327
11/21/2023,83.288453
11/22/2023,83.31317
11/23/2023,83.316514
11/24/2023,83.399597
11/27/2023,83.347913
11/28/2023,83.345511
11/29/2023,83.320892
11/30/2023,83.354039
12/1/2023,83.321839
12/4/2023,83.382407
12/5/2023,83.376629
12/6/2023,83.343385
12/7/2023,83.366447
12/8/2023,83.406792
12/11/2023,83.368783
12/12/2023,83.373288
12/13/2023,83.399926
12/14/2023,83.334554
12/15/2023,83.081491
12/18/2023,83.156256
12/19/2023,83.181445
12/20/2023,83.204952
12/21/2023,83.250023
12/22/2023,83.124376
12/27/2023,83.31315
12/28/2023,83.182473
12/29/2023,83.171493
1/2/2024,83.319642
1/3/2024,83.308911
1/4/2024,83.241578
1/5/2024,83.151726
1/8/2024,83.103874
1/9/2024,83.107404
1/10/2024,83.021652
1/11/2024,83.015382
1/12/2024,82.923597
1/15/2024,82.867063
1/16/2024,83.095938
1/17/2024,83.135515
1/18/2024,83.153563
1/19/2024,83.079361
1/22/2024,83.131772
1/23/2024,83.117642
1/24/2024,83.106282
1/25/2024,83.124484
1/26/2024,83.128507
1/29/2024,83.155779
1/30/2024,83.125115
1/31/2024,83.049737
2/1/2024,82.978546
2/2/2024,82.910962
2/5/2024,83.055556
2/6/2024,83.045239
2/7/2024,82.982554
2/8/2024,82.98615
2/9/2024,83.026643
2/12/2024,83.015038
2/13/2024,82.997313
2/14/2024,83.035564
2/15/2024,83.050358
2/16/2024,83.006594
2/19/2024,83.019673
2/20/2024,82.951768
2/21/2024,82.92349
2/22/2024,82.876245
2/23/2024,82.902898
2/26/2024,82.876428
2/27/2024,82.880895
2/28/2024,82.897391
2/29/2024,82.898393
3/1/2024,82.875705
3/4/2024,82.924488
3/5/2024,82.913172
3/6/2024,82.81773
3/7/2024,82.717302
3/8/2024,82.7264
3/11/2024,82.747117
3/12/2024,82.77391
3/13/2024,82.817442
3/14/2024,82.857666
3/15/2024,82.867242
3/18/2024,82.891113
3/19/2024,83.01686
3/20/2024,83.216525
3/21/2024,83.117264
3/22/2024,83.53414
3/25/2024,83.403784
3/26/2024,83.31322
3/27/2024,83.33395
3/28/2024,83.374803
4/2/2024,83.402177
4/3/2024,83.469814
4/4/2024,83.405455
4/5/2024,83.321004
4/8/2024,83.303151
4/9/2024,83.200055
4/10/2024,83.203039
4/11/2024,83.36145
4/12/2024,83.471649
4/15/2024,83.422485
4/16/2024,83.573846
4/17/2024,83.669863
4/18/2024,83.517183
4/19/2024,83.472074
4/22/2024,83.359669
4/23/2024,83.330991
4/24/2024,83.327251
4/25/2024,83.316698
4/26/2024,83.366716
4/29/2024,83.452425
4/30/2024,83.425546
5/2/2024,83.467751
5/3/2024,83.461467
5/6/2024,83.507331
5/7/2024,83.501765
5/8/2024,83.497626
5/9/2024,83.495155
5/10/2024,83.512849
5/13/2024,83.495137
5/14/2024,83.512412
5/15/2024,83.497507
5/16/2024,83.498988
5/17/2024,83.353283
5/20/2024,83.29942
5/21/2024,83.313236
5/22/2024,83.299631
5/23/2024,83.236134
5/24/2024,83.121771
5/27/2024,83.131329
5/28/2024,83.178644
5/29/2024,83.383071
5/30/2024,83.285252
5/31/2024,83.418264
6/3/2024,83.125807
6/4/2024,83.472158
6/5/2024,83.432671
6/6/2024,83.491486
6/7/2024,83.399706
6/10/2024,83.488657
6/11/2024,83.573905
6/12/2024,83.556897
6/13/2024,83.560831
6/14/2024,83.535467
6/17/2024,83.541355
6/18/2024,83.423705
6/19/2024,83.432877
6/20/2024,83.610878
6/21/2024,83.565681
6/24/2024,83.48863
6/25/2024,83.428691
6/26/2024,83.565348
6/27/2024,83.434929
6/28/2024,83.371789
7/1/2024,83.441135
7/2/2024,83.457638
7/3/2024,83.506228
7/4/2024,83.517593
7/5/2024,83.489006
7/8/2024,83.498385
7/9/2024,83.494544
7/10/2024,83.511778
7/11/2024,83.571165
7/12/2024,83.524793
7/15/2024,83.586687
7/16/2024,83.573198
7/17/2024,83.559722
7/18/2024,83.634492
7/19/2024,83.67034
7/22/2024,83.659533
7/23/2024,83.708564
7/24/2024,83.70944
7/25/2024,83.763248
7/26/2024,83.747238
7/29/2024,83.733013
7/30/2024,83.724593
7/31/2024,83.69505
8/1/2024,83.741311
8/2/2024,83.736041
8/5/2024,84.147821
8/6/2024,83.914338
8/7/2024,83.954404
8/8/2024,83.95151
8/9/2024,83.956215
8/12/2024,83.970252
8/13/2024,83.945659
8/14/2024,83.94818
8/15/2024,83.951049
8/16/2024,83.934419
8/19/2024,83.876913
8/20/2024,83.764435
8/21/2024,83.895736
8/22/2024,83.949708
8/23/2024,83.903426
8/26/2024,83.905312
8/27/2024,83.922236
8/28/2024,83.976343
8/29/2024,83.895202
8/30/2024,83.835573
9/2/2024,83.905162
9/3/2024,83.977345
9/4/2024,83.980543
9/5/2024,83.985492
9/6/2024,83.946681
9/9/2024,83.954541
9/10/2024,83.974708
9/11/2024,83.983519
9/12/2024,83.959695
9/13/2024,83.916614
9/16/2024,83.859428
9/17/2024,83.764252
9/18/2024,83.721233
9/19/2024,83.654536
9/20/2024,83.533942
9/23/2024,83.546632
9/24/2024,83.671068
9/25/2024,83.59389
9/26/2024,83.636934
9/27/2024,83.692418
9/30/2024,83.791533
10/1/2024,83.82735
10/2/2024,83.984283
10/3/2024,83.995833
10/4/2024,83.969082
10/7/2024,83.997268
10/8/2024,83.961482
10/9/2024,83.964133
10/10/2024,83.972283
10/11/2024,84.071585
10/14/2024,84.039395
10/15/2024,84.033752
10/16/2024,84.013949
10/17/2024,84.045647
10/18/2024,84.076703
10/21/2024,84.072607
10/22/2024,84.06894
10/23/2024,84.08749
10/24/2024,84.062587
10/25/2024,84.089607
10/28/2024,84.080237
10/29/2024,84.063486
10/30/2024,84.08969
10/31/2024,84.077375
11/1/2024,84.0565
11/4/2024,84.114087
11/5/2024,84.111682
11/6/2024,84.320711
11/7/2024,84.316643
11/8/2024,84.37616
11/11/2024,84.399117
11/12/2024,84.382406
11/13/2024,84.383761
11/14/2024,84.462641
11/15/2024,84.424549
11/18/2024,84.416698
11/19/2024,84.414351
11/20/2024,84.36139
11/21/2024,84.472544
11/22/2024,84.449673
11/25/2024,84.28728
11/26/2024,84.299468
11/27/2024,84.411737
11/28/2024,84.471163
11/29/2024,84.571577
12/2/2024,84.706386
12/3/2024,84.681317
12/4/2024,84.761247
12/5/2024,84.681499
12/6/2024,84.692373
12/9/2024,84.868471
12/10/2024,84.879358
12/11/2024,84.847721
12/12/2024,84.876561
12/13/2024,84.798441
12/16/2024,84.895218
12/17/2024,84.919501
12/18/2024,84.947599
12/19/2024,85.118807
12/20/2024,85.038499
12/23/2024,85.118349
12/24/2024,85.16354
12/27/2024,85.491136
12/30/2024,85.473478
12/31/2024,85.603523
1/2/2025,85.754287
1/3/2025,85.769007
1/6/2025,85.61337
1/7/2025,85.742327
1/8/2025,85.895392
1/9/2025,85.85541
1/10/2025,86.011743
1/13/2025,86.699843
1/14/2025,86.571498
1/15/2025,86.421845
1/16/2025,86.587812
1/17/2025,86.616819
1/20/2025,86.538872
1/21/2025,86.594574
1/22/2025,86.382266
1/23/2025,86.436467
1/24/2025,86.258594
1/27/2025,86.305793
1/28/2025,86.551675
1/29/2025,86.566468
1/30/2025,86.606748
1/31/2025,86.591456
2/3/2025,87.0657
2/4/2025,87.093372
2/5/2025,87.372385
2/6/2025,87.606178
2/7/2025,87.514214
2/10/2025,87.474806
2/11/2025,86.737699
2/12/2025,86.88621
2/13/2025,86.984697
2/14/2025,86.667303
2/17/2025,86.88246
2/18/2025,86.962764
2/19/2025,86.871765
2/20/2025,86.59006
2/21/2025,86.631438
2/24/2025,86.724919
2/25/2025,87.186625
2/26/2025,87.107371
2/27/2025,87.153765
2/28/2025,87.379695
3/3/2025,87.293837
3/4/2025,87.136781
3/5/2025,87.046288
3/6/2025,87.076695
3/7/2025,86.988579
3/10/2025,87.315629
3/11/2025,87.193457
3/12/2025,87.201451
3/13/2025,87.045245
3/14/2025,86.936817
3/17/2025,86.793543
3/18/2025,86.558436
3/19/2025,86.317794
3/20/2025,86.357426
3/21/2025,86.025677
3/24/2025,85.568644
3/25/2025,85.702356
3/26/2025,85.652021
3/27/2025,85.732035
3/28/2025,85.529314
3/31/2025,85.432732
4/1/2025,85.635892
4/2/2025,85.496621
4/3/2025,85.277552
4/4/2025,85.399295
4/7/2025,85.765478
4/8/2025,86.221461
4/9/2025,86.675419
4/10/2025,86.161343
4/11/2025,86.096422
4/14/2025,85.993496
4/15/2025,85.884581
4/16/2025,85.653457
4/17/2025,85.403609
4/22/2025,85.208261
4/23/2025,85.399737
4/24/2025,85.336937
4/25/2025,85.42793
4/28/2025,85.025973
4/29/2025,85.133826
4/30/2025,84.530027
5/2/2025,84.300538
5/5/2025,84.294719
5/6/2025,84.378366
5/7/2025,84.764525
5/8/2025,85.502346
5/9/2025,85.385265
5/12/2025,84.856834
5/13/2025,85.339273
5/14/2025,85.389513
5/15/2025,85.513634
5/16/2025,85.599428
5/19/2025,85.435535
5/20/2025,85.565341
5/21/2025,85.564438
5/22/2025,85.975329
5/23/2025,85.436687
5/26/2025,85.088305
5/27/2025,85.398468
5/28/2025,85.391446
5/29/2025,85.468753
5/30/2025,85.567334
6/2/2025,85.383571
6/3/2025,85.624012
6/4/2025,85.891602
6/5/2025,85.826841
6/6/2025,85.738323
6/9/2025,85.665206
6/10/2025,85.577828
6/11/2025,85.538354
6/12/2025,85.537174
6/13/2025,86.092773
6/16/2025,86.036375
6/17/2025,86.252593
6/18/2025,86.423358
6/19/2025,86.738543
6/20/2025,86.615284
6/23/2025,86.763424
6/24/2025,86.027139
6/25/2025,86.10019
6/26/2025,85.742625
6/27/2025,85.507519
6/30/2025,85.802474
7/1/2025,85.565199
7/2/2025,85.6661
7/3/2025,85.37727
7/4/2025,85.406646
7/7/2025,85.928121
7/8/2025,85.67119
7/9/2025,85.715507
7/10/2025,85.762661
7/11/2025,85.822135
7/14/2025,86.001711
7/15/2025,85.864123
7/16/2025,85.996811
7/17/2025,86.080404
7/18/2025,86.138197
7/21/2025,86.282678
7/22/2025,86.425421
7/23/2025,86.421201
7/24/2025,86.39248
7/25/2025,86.509724
7/28/2025,86.695984
7/29/2025,86.849042
7/30/2025,87.488505
7/31/2025,87.624498
8/1/2025,87.504384
8/4/2025,87.656291
8/5/2025,87.778884
8/6/2025,87.722768
8/7/2025,87.49592
8/8/2025,87.620622
8/11/2025,87.738341
8/12/2025,87.705756
8/13/2025,87.448126
8/14/2025,87.571429
8/15/2025,87.461499
8/18/2025,87.379851
8/19/2025,87.087656
8/20/2025,87.057334
8/21/2025,87.263511
8/22/2025,87.537043
8/25/2025,87.559631
8/26/2025,87.617536
8/27/2025,87.758992
8/28/2025,87.575797
8/29/2025,88.182793
9/1/2025,88.196756
9/2/2025,88.081315
9/3/2025,88.03055
9/4/2025,88.113248
9/5/2025,88.245704
9/8/2025,88.033339
9/9/2025,88.169704
9/10/2025,88.120355
9/11/2025,88.430466
9/12/2025,88.273426
9/15/2025,88.147629
9/16/2025,88.050733
9/17/2025,87.851229
9/18/2025,88.114317
9/19/2025,88.160361
9/22/2025,88.276038
9/23/2025,88.774527
9/24/2025,88.707469
9/25/2025,88.68856
9/26/2025,88.716158
9/29/2025,88.750576
9/30/2025,88.795503
10/1/2025,88.725691
10/2/2025,88.718564
10/3/2025,88.787285
10/6/2025,88.780613
10/7/2025,88.755786
10/8/2025,88.756773
10/9/2025,88.797261
10/10/2025,88.710494
10/13/2025,88.690466
10/14/2025,88.793214
10/15/2025,88.058424
10/16/2025,87.92729
10/17/2025,87.995035
10/20/2025,87.903475
10/21/2025,87.970449
10/22/2025,88.413912
10/23/2025,87.821013
10/24/2025,87.803996
10/27/2025,88.244845
10/28/2025,88.315391
10/29/2025,88.231351
10/30/2025,88.717576
10/31/2025,88.719924
11/3/2025,88.774101
11/4/2025,88.70899
11/5/2025,88.641664
11/6/2025,88.574092
11/7/2025,88.67572
11/10/2025,88.679457
11/11/2025,88.492441
11/12/2025,88.603576
11/13/2025,88.688786
11/14/2025,88.673163
11/17/2025,88.604761
11/18/2025,88.562554
11/19/2025,88.504274
11/20/2025,88.712871
11/21/2025,89.637847
11/24/2025,89.149342
11/25/2025,89.199463
11/26/2025,89.199706
11/27/2025,89.402296
11/28/2025,89.478212
12/1/2025,89.543448
12/2/2025,89.952213
12/3/2025,90.167552
12/4/2025,89.870564
12/5/2025,89.938171
12/8/2025,90.0429
12/9/2025,89.842743
12/10/2025,89.909575
12/11/2025,90.319703
12/12/2025,90.525531
12/15/2025,90.745342
12/16/2025,90.921365
12/17/2025,90.366405
12/18/2025,90.262394
12/19/2025,89.697746
12/22/2025,89.646658
12/23/2025,89.553623
12/24/2025,89.739119
12/29/2025,89.899711
12/30/2025,89.80182
12/31/2025,89.869362
1/2/2026,90.196229
1/5/2026,90.291495
1/6/2026,90.151619
1/7/2026,89.852362
1/8/2026,89.925482
1/9/2026,90.219464
1/12/2026,90.16336
1/13/2026,90.224644
1/14/2026,90.302807
1/15/2026,90.299983
1/16/2026,90.726521
1/19/2026,90.874817
1/20/2026,90.959243
1/21/2026,91.641111
1/22/2026,91.590637
1/23/2026,91.861693
1/26/2026,91.763687
1/27/2026,91.615391
1/28/2026,91.943377
1/29/2026,91.917614
1/30/2026,91.939341
2/2/2026,91.568412
2/3/2026,90.137277
2/4/2026,90.414382
2/5/2026,90.308527
2/6/2026,90.661777
2/9/2026,90.726485
2/10/2026,90.5396
2/11/2026,90.715546
2/12/2026,90.588681
2/13/2026,90.609509
2/16/2026,90.731759
2/17/2026,90.695501
2/18/2026,90.692275
2/19/2026,91.19629
2/20/2026,90.945441
2/23/2026,90.898676
2/24/2026,90.928505
2/25/2026,90.942804
2/26/2026,90.926866
2/27/2026,91.080474
3/2/2026,91.739614
3/3/2026,92.152766
3/4/2026,92.083269
3/5/2026,91.648563
3/6/2026,91.838509
3/9/2026,92.297707
3/10/2026,91.959454
3/11/2026,92.07236
3/12/2026,92.209665
3/13/2026,92.384542
3/16/2026,92.247604
3/17/2026,92.364496
3/18/2026,92.895652
3/19/2026,93.248324
3/20/2026,93.617482
3/23/2026,93.220938
3/24/2026,93.844625
3/25/2026,93.944531
3/26/2026,94.119508
3/27/2026,94.811583
3/30/2026,94.713166
3/31/2026,93.823969
4/1/2026,93.428695
4/2/2026,93.101952
4/7/2026,93.008134
4/8/2026,92.220485
4/9/2026,92.660505
4/10/2026,92.886602
4/13/2026,93.330195
4/14/2026,93.086153
4/15/2026,93.437606
4/16/2026,93.243507
4/17/2026,92.822328
4/20/2026,93.071854
4/21/2026,93.505141
4/22/2026,93.804227
4/23/2026,94.1098
4/24/2026,94.252476
4/27/2026,94.199081
4/28/2026,94.542808
4/29/2026,94.850077
4/30/2026,94.914972
5/4/2026,95.092735
5/5/2026,95.284956
5/6/2026,94.615287
5/7/2026,94.254885
5/8/2026,94.488989
5/11/2026,95.315342
5/12/2026,95.636821
5/13/2026,95.671618
5/14/2026,95.767817
5/15/2026,95.970072
5/18/2026,96.350017
5/19/2026,96.541738
5/20/2026,96.825
5/21/2026,96.205276
5/22/2026,95.695127
5/25/2026,95.2392
5/26/2026,95.685061
5/27/2026,95.699063
5/28/2026,95.696393
5/29/2026,95.001288
6/1/2026,94.993131
6/2/2026,95.273843
6/3/2026,95.709919
6/4/2026,95.785653
6/5/2026,94.949742
6/8/2026,95.708406
6/9/2026,95.350817
6/10/2026,95.266054
6/11/2026,95.76493
6/12/2026,95.114982
6/15/2026,94.714827
6/16/2026,94.560549
6/17/2026,94.534121
6/18/2026,94.333392
6/19/2026,94.32938
6/22/2026,94.686627
6/23/2026,94.740169
6/24/2026,94.674162
6/25/2026,94.395609
6/26/2026,94.404438
6/29/2026,94.544976
6/30/2026,94.660786
7/1/2026,95.248616
7/2/2026,95.397403
7/3/2026,95.214885
7/6/2026,95.403855
7/7/2026,94.972448
7/8/2026,95.559891
7/9/2026,95.388282
7/10/2026,95.333771
7/13/2026,95.621061
7/14/2026,96.204735
7/15/2026,96.259863
7/16/2026,96.354321
7/17/2026,96.28509
7/20/2026,96.445388
7/21/2026,96.235768
7/22/2026,96.569951
7/23/2026,96.581373
7/24/2026,96.567636
7/27/2026,95.919308
7/28/2026,95.857306
7/29/2026,95.648067
7/30/2026,95.684908
7/31/2026,95.38485
8/3/2026,95.338101
8/4/2026,95.378637
8/5/2026,95.122468
8/6/2026,95.224831
8/7/2026,95.212397
8/10/2026,95.303159
8/11/2026,95.439775
8/12/2026,95.339108
8/13/2026,95.44087
8/14/2026,95.428201
8/17/2026,95.607263
8/18/2026,95.687025
8/19/2026,95.757432
8/20/2026,95.7097
8/21/2026,95.70006
8/24/2026,95.754029
8/25/2026,95.417596
8/26/2026,95.42163
8/27/2026,95.541005
8/28/2026,95.386498
8/31/2026,95.171611
9/1/2026,94.951251
9/2/2026,94.974952
9/3/2026,94.489884
9/4/2026,94.490191
9/7/2026,94.494063
9/8/2026,94.826502
9/9/2026,95.110281
9/10/2026,95.441202
9/11/2026,95.555124
9/14/2026,95.55493
9/15/2026,95.960222
