Day,Value-JPY
1/2/2015,120.576268
1/5/2015,120.016786
1/6/2015,118.927312
1/7/2015,119.32212
1/8/2015,119.816451
1/9/2015,119.199187
1/12/2015,119.078279
1/13/2015,118.451876
1/14/2015,116.755839
1/15/2015,116.569867
1/16/2015,116.551605
1/19/2015,117.423524
1/20/2015,118.637188
1/21/2015,117.372552
1/22/2015,117.662248
1/23/2015,117.985355
1/26/2015,118.311989
1/27/2015,117.707412
1/28/2015,117.859661
1/29/2015,117.923111
1/30/2015,117.717824
2/2/2015,117.648099
2/3/2015,117.33474
2/4/2015,117.499563
2/5/2015,117.423313
2/6/2015,117.305844
2/9/2015,118.59867
2/10/2015,119.208639
2/11/2015,119.763125
2/12/2015,119.809322
2/13/2015,119.022933
2/16/2015,118.565919
2/17/2015,118.799825
2/18/2015,119.319381
2/19/2015,119.012909
2/20/2015,118.525403
2/23/2015,119.047619
2/24/2015,119.491525
2/25/2015,118.914155
2/26/2015,118.883096
2/27/2015,119.261566
3/2/2015,119.77376
3/3/2015,119.752865
3/4/2015,119.696152
3/5/2015,120.245731
3/6/2015,119.930676
3/9/2015,120.911602
3/10/2015,121.335444
3/11/2015,121.317829
3/12/2015,120.880053
3/13/2015,121.462353
3/16/2015,121.208677
3/17/2015,121.203573
3/18/2015,121.17636
3/19/2015,120.932846
3/20/2015,120.879733
3/23/2015,119.868035
3/24/2015,119.534247
3/25/2015,119.371871
3/26/2015,119.083204
3/27/2015,119.187546
3/30/2015,119.88935
3/31/2015,119.853146
4/1/2015,120.213854
4/2/2015,119.658356
4/7/2015,120.153038
4/8/2015,119.766157
4/9/2015,119.936885
4/10/2015,120.454115
4/13/2015,120.545868
4/14/2015,119.907232
4/15/2015,119.595425
4/16/2015,119.167211
4/17/2015,118.78121
4/20/2015,119.071155
4/21/2015,119.392523
4/22/2015,119.566229
4/23/2015,120.08912
4/24/2015,119.512195
4/27/2015,119.414156
4/28/2015,119.05372
4/29/2015,119.251045
4/30/2015,118.823005
5/4/2015,120.220588
5/5/2015,120.464154
5/6/2015,119.84862
5/7/2015,119.16851
5/8/2015,120.221014
5/11/2015,119.94256
5/12/2015,119.983984
5/13/2015,119.695214
5/14/2015,119.204834
5/15/2015,119.862288
5/18/2015,119.703222
5/19/2015,120.178891
5/20/2015,120.912035
5/21/2015,121.072487
5/22/2015,120.933357
5/25/2015,121.50665
5/26/2015,122.707304
5/27/2015,123.695112
5/28/2015,124.229075
5/29/2015,123.928897
6/1/2015,124.07712
6/2/2015,124.689455
6/3/2015,124.357823
6/4/2015,124.123001
6/5/2015,124.772687
6/8/2015,125.282207
6/9/2015,124.064361
6/10/2015,122.963029
6/11/2015,123.709046
6/12/2015,123.68984
6/15/2015,123.49795
6/16/2015,123.423986
6/17/2015,123.929426
6/18/2015,122.711329
6/19/2015,123.187893
6/22/2015,123.226091
6/23/2015,123.812924
6/24/2015,123.900829
6/25/2015,123.612351
6/26/2015,123.710052
6/29/2015,122.886913
6/30/2015,122.450621
7/1/2015,123.09009
7/2/2015,123.639978
7/3/2015,122.909156
7/6/2015,122.738009
7/7/2015,122.477358
7/8/2015,121.444122
7/9/2015,121.494482
7/10/2015,122.378185
7/13/2015,123.35958
7/14/2015,123.307044
7/15/2015,123.489872
7/16/2015,124.137296
7/17/2015,123.98751
7/20/2015,124.244379
7/21/2015,124.385755
7/22/2015,123.812145
7/23/2015,123.78398
7/24/2015,124.051559
7/27/2015,123.195876
7/28/2015,123.773243
7/29/2015,123.7534
7/30/2015,124.372433
7/31/2015,124.31841
8/3/2015,124.253493
8/4/2015,124.004374
8/5/2015,124.258017
8/6/2015,124.88746
8/7/2015,124.696097
8/10/2015,124.698905
8/11/2015,124.821348
8/12/2015,124.114747
8/13/2015,124.430642
8/14/2015,124.160773
8/17/2015,124.522523
8/18/2015,124.267631
8/19/2015,124.363735
8/20/2015,123.848699
8/21/2015,122.684159
8/24/2015,119.857354
8/25/2015,119.798366
8/26/2015,119.680758
8/27/2015,120.187877
8/28/2015,120.837771
8/31/2015,121.328578
9/1/2015,120.03382
9/2/2015,120.133274
9/3/2015,120.206608
9/4/2015,119.249416
9/7/2015,119.406065
9/8/2015,119.888909
9/9/2015,120.881587
9/10/2015,121.037103
9/11/2015,120.713525
9/14/2015,120.336134
9/15/2015,119.646643
9/16/2015,120.63591
9/17/2015,120.898161
9/18/2015,119.371223
9/21/2015,120.444444
9/22/2015,119.90139
9/23/2015,120.206278
9/24/2015,119.633485
9/25/2015,120.993633
9/28/2015,120.080573
9/29/2015,119.939307
9/30/2015,120.226725
10/1/2015,119.752533
10/2/2015,120.286738
10/5/2015,120.211819
10/6/2015,120.340342
10/7/2015,120.095864
10/8/2015,119.886263
10/9/2015,120.269319
10/12/2015,120.117823
10/13/2015,119.711623
10/14/2015,119.614373
10/15/2015,118.218376
10/16/2015,119.058099
10/19/2015,119.377041
10/20/2015,119.722149
10/21/2015,120.045799
10/22/2015,119.764872
10/23/2015,120.714543
10/26/2015,121.02443
10/27/2015,120.296537
10/28/2015,120.324763
10/29/2015,121.043001
10/30/2015,120.613597
11/2/2015,120.576505
11/3/2015,120.854592
11/4/2015,121.124829
11/5/2015,121.887347
11/6/2015,121.879602
11/9/2015,123.496659
11/10/2015,123.219121
11/11/2015,123.086973
11/12/2015,122.990863
11/13/2015,122.668153
11/16/2015,123.109205
11/17/2015,123.233365
11/18/2015,123.429589
11/19/2015,123.140264
11/20/2015,122.829341
11/23/2015,123.14928
11/24/2015,122.542484
11/25/2015,122.747024
11/26/2015,122.559367
11/27/2015,122.637051
11/30/2015,123.09292
12/1/2015,123.179245
12/2/2015,123.162458
12/3/2015,123.306157
12/4/2015,122.986608
12/7/2015,123.415672
12/8/2015,122.887356
12/9/2015,122.511653
12/10/2015,121.511469
12/11/2015,121.479452
12/14/2015,120.677411
12/15/2015,120.991811
12/16/2015,121.814689
12/17/2015,122.516373
12/18/2015,121.447028
12/21/2015,121.370745
12/22/2015,120.909423
12/23/2015,120.850128
12/24/2015,120.425687
12/28/2015,120.461595
12/29/2015,120.416362
12/30/2015,120.501556
12/31/2015,120.391292
1/4/2016,119.086071
1/5/2016,119.00242
1/6/2016,118.404394
1/7/2016,117.537725
1/8/2016,118.322438
1/11/2016,117.863703
1/12/2016,117.930971
1/13/2016,118.102811
1/14/2016,117.745341
1/15/2016,117.097306
1/18/2016,117.315461
1/19/2016,117.887376
1/20/2016,116.6957
1/21/2016,116.983384
1/22/2016,118.217987
1/25/2016,118.418863
1/26/2016,118.316877
1/27/2016,118.3964
1/28/2016,118.884711
1/29/2016,121.108059
2/1/2016,121.269754
2/2/2016,120.743658
2/3/2016,119.436568
2/4/2016,117.338926
2/5/2016,116.684521
2/8/2016,116.304837
2/9/2016,114.871841
2/10/2016,114.968464
2/11/2016,112.188244
2/12/2016,112.700665
2/15/2016,114.132379
2/16/2016,113.756045
2/17/2016,114.134339
2/18/2016,113.830747
2/19/2016,113.013699
2/22/2016,113.23236
2/23/2016,111.906926
2/24/2016,111.884164
2/25/2016,112.460325
2/26/2016,113.047429
2/29/2016,113.096988
3/1/2016,113.07947
3/2/2016,114.28703
3/3/2016,113.962022
3/4/2016,113.737466
3/7/2016,113.621839
3/8/2016,112.985129
3/9/2016,112.667456
3/10/2016,114.092291
3/11/2016,113.769161
3/14/2016,113.643313
3/15/2016,112.845441
3/16/2016,113.593637
3/17/2016,111.643533
3/18/2016,111.525844
3/21/2016,111.738089
3/22/2016,111.603639
3/23/2016,112.801003
3/24/2016,112.435001
3/29/2016,113.56977
3/30/2016,112.477923
3/31/2016,112.340799
4/1/2016,112.027642
4/4/2016,111.572935
4/5/2016,110.680039
4/6/2016,110.382851
4/7/2016,108.368532
4/8/2016,108.56288
4/11/2016,108.235294
4/12/2016,108.318708
4/13/2016,109.284829
4/14/2016,109.393886
4/15/2016,108.92414
4/18/2016,108.190341
4/19/2016,109.406683
4/20/2016,109.148431
4/21/2016,109.643329
4/22/2016,110.858563
4/25/2016,110.928622
4/26/2016,111.145566
4/27/2016,111.289038
4/28/2016,108.152844
4/29/2016,107.287556
5/2/2016,106.560515
5/3/2016,105.912352
5/4/2016,106.579748
5/5/2016,107.098523
5/6/2016,106.965958
5/9/2016,108.284335
5/10/2016,109.116484
5/11/2016,108.76501
5/12/2016,109.316007
5/13/2016,108.882622
5/16/2016,108.857294
5/17/2016,109.498145
5/18/2016,109.38913
5/19/2016,110.002679
5/20/2016,110.357429
5/23/2016,109.407044
5/24/2016,109.74212
5/25/2016,110.165082
5/26/2016,110.073424
5/27/2016,109.652579
5/30/2016,111.185923
5/31/2016,111.018469
6/1/2016,109.244675
6/2/2016,109.009653
6/3/2016,108.902636
6/6/2016,107.128381
6/7/2016,107.648925
6/8/2016,107.022324
6/9/2016,106.426871
6/10/2016,106.85598
6/13/2016,106.061413
6/14/2016,105.995546
6/15/2016,106.224399
6/16/2016,104.394129
6/17/2016,104.26515
6/20/2016,104.632898
6/21/2016,104.640269
6/22/2016,104.590978
6/23/2016,105.698481
6/24/2016,102.322429
6/27/2016,101.654846
6/28/2016,102.411271
6/29/2016,102.660054
6/30/2016,102.729238
7/1/2016,102.640323
7/4/2016,102.612677
7/5/2016,101.830253
7/6/2016,100.713705
7/7/2016,100.99278
7/8/2016,100.424571
7/11/2016,102.479862
7/12/2016,103.939776
7/13/2016,104.606214
7/14/2016,105.655642
7/15/2016,105.706326
7/18/2016,105.690763
7/19/2016,106.207522
7/20/2016,106.537728
7/21/2016,106.264185
7/22/2016,106.101326
7/25/2016,106.210162
7/26/2016,104.273893
7/27/2016,105.750159
7/28/2016,104.724977
7/29/2016,103.329434
8/1/2016,102.364744
8/2/2016,101.599214
8/3/2016,101.089286
8/4/2016,101.167385
8/5/2016,101.048763
8/8/2016,102.453324
8/9/2016,102.247698
8/10/2016,101.117668
8/11/2016,101.362862
8/12/2016,101.962717
8/15/2016,101.046512
8/16/2016,99.814077
8/17/2016,100.682866
8/18/2016,100.344493
8/19/2016,100.23839
8/22/2016,100.592606
8/23/2016,100.079372
8/24/2016,100.239617
8/25/2016,100.487157
8/26/2016,100.380868
8/29/2016,102.273948
8/30/2016,102.319126
8/31/2016,103.314768
9/1/2016,103.705365
9/2/2016,103.484321
9/5/2016,103.298673
9/6/2016,103.405323
9/7/2016,101.655246
9/8/2016,101.628895
9/9/2016,102.813277
9/12/2016,101.888473
9/13/2016,102.231706
9/14/2016,102.843644
9/15/2016,102.168118
9/16/2016,101.86175
9/19/2016,101.791312
9/20/2016,101.868741
9/21/2016,100.887892
9/22/2016,100.720769
9/23/2016,100.784733
9/26/2016,100.435091
9/27/2016,100.285205
9/28/2016,100.605791
9/29/2016,101.488281
9/30/2016,101.326046
10/3/2016,101.370595
10/4/2016,102.589374
10/5/2016,103.157613
10/6/2016,103.710326
10/7/2016,103.626571
10/10/2016,103.396057
10/11/2016,103.709721
10/12/2016,103.901996
10/13/2016,103.723501
10/14/2016,104.308308
10/17/2016,104.111333
10/18/2016,104.038934
10/19/2016,103.37007
10/20/2016,103.606557
10/21/2016,103.766305
10/24/2016,104.021669
10/25/2016,104.534584
10/26/2016,104.320366
10/27/2016,104.685641
10/28/2016,105.383629
10/31/2016,105.033802
11/1/2016,104.825397
11/2/2016,103.307796
11/3/2016,103.262834
11/4/2016,102.983864
11/7/2016,104.321099
11/8/2016,104.783475
11/9/2016,103.919434
11/10/2016,106.837999
11/11/2016,106.346295
11/14/2016,107.887167
11/15/2016,108.267534
11/16/2016,109.558961
11/17/2016,109.284315
11/18/2016,110.029165
11/21/2016,110.610479
11/22/2016,110.897617
11/23/2016,111.337483
11/24/2016,113.225256
11/25/2016,113.038142
11/28/2016,112.627503
11/29/2016,112.972769
11/30/2016,113.286319
12/1/2016,114.22791
12/2/2016,113.888367
12/5/2016,114.296393
12/6/2016,113.91839
12/7/2016,114.091333
12/8/2016,113.928638
12/9/2016,115.048774
12/12/2016,115.788977
12/13/2016,115.240339
12/14/2016,114.984968
12/15/2016,118.08235
12/16/2016,118.191398
12/19/2016,117.242372
12/20/2016,118.130066
12/21/2016,117.368775
12/22/2016,117.636921
12/23/2016,117.365499
12/27/2016,117.386309
12/28/2016,117.671378
12/29/2016,116.751172
12/30/2016,117.066692
1/2/2017,117.458194
1/3/2017,118.199326
1/4/2017,117.50503
1/5/2017,116.541282
1/6/2017,115.997733
1/9/2017,116.641308
1/10/2017,116.248699
1/11/2017,116.290584
1/12/2017,113.952617
1/13/2017,114.351374
1/16/2017,114.13064
1/17/2017,113.347061
1/18/2017,113.512753
1/19/2017,114.576303
1/20/2017,115.189992
1/23/2017,113.59776
1/24/2017,113.369929
1/25/2017,113.366844
1/26/2017,114.392523
1/27/2017,115.167119
1/30/2017,114.543744
1/31/2017,113.379823
2/1/2017,113.299351
2/2/2017,112.324204
2/3/2017,113.108649
2/6/2017,112.285288
2/7/2017,112.355972
2/8/2017,111.945617
2/9/2017,112.270857
2/10/2017,113.510208
2/13/2017,113.745413
2/14/2017,113.367222
2/15/2017,114.4955
2/16/2017,113.546752
2/17/2017,112.751174
2/20/2017,113.140543
2/21/2017,113.666129
2/22/2017,112.993437
2/23/2017,112.834579
2/24/2017,112.206617
2/27/2017,112.27921
2/28/2017,112.13551
3/1/2017,113.775752
3/2/2017,114.361803
3/3/2017,114.368197
3/6/2017,113.812311
3/7/2017,114.041225
3/8/2017,114.295188
3/9/2017,114.633684
3/10/2017,115.425231
3/13/2017,114.742568
3/14/2017,114.881008
3/15/2017,114.639428
3/16/2017,113.322767
3/17/2017,113.150787
3/20/2017,112.713914
3/21/2017,112.553231
3/22/2017,111.103914
3/23/2017,110.661969
3/24/2017,111.142989
3/27/2017,110.138672
3/28/2017,110.36007
3/29/2017,110.876442
3/30/2017,111.194933
3/31/2017,111.823029
4/3/2017,111.28412
4/4/2017,110.365224
4/5/2017,110.966473
4/6/2017,110.847553
4/7/2017,110.667921
4/10/2017,111.287578
4/11/2017,110.550113
4/12/2017,109.589816
4/13/2017,109.134525
4/18/2017,108.837296
4/19/2017,109.006993
4/20/2017,109.036761
4/21/2017,109.104506
4/24/2017,110.315265
4/25/2017,110.494904
4/26/2017,111.401818
4/27/2017,111.451153
4/28/2017,111.399817
5/2/2017,112.276683
5/3/2017,112.162286
5/4/2017,112.848906
5/5/2017,112.480613
5/8/2017,112.543427
5/9/2017,113.923586
5/10/2017,113.80261
5/11/2017,113.895028
5/12/2017,113.847003
5/15/2017,113.425082
5/16/2017,113.635953
5/17/2017,112.278492
5/18/2017,110.566987
5/19/2017,111.235352
5/22/2017,111.34039
5/23/2017,111.119037
5/24/2017,111.810953
5/25/2017,111.762083
5/26/2017,111.093248
5/29/2017,111.34251
5/30/2017,110.954981
5/31/2017,110.863559
6/1/2017,110.999198
6/2/2017,111.455826
6/5/2017,110.498711
6/6/2017,109.362231
6/7/2017,109.458857
6/8/2017,110.223528
6/9/2017,110.450966
6/12/2017,109.883255
6/13/2017,110.038335
6/14/2017,110.309738
6/15/2017,110.111051
6/16/2017,111.336975
6/19/2017,110.956335
6/20/2017,111.375045
6/21/2017,111.429084
6/22/2017,111.263318
6/23/2017,111.304037
6/26/2017,111.674265
6/27/2017,111.863806
6/28/2017,112.114286
6/29/2017,112.669763
6/30/2017,111.943568
7/3/2017,112.991468
7/4/2017,113.2476
7/5/2017,113.549298
7/6/2017,113.315766
7/7/2017,113.739923
7/10/2017,114.147712
7/11/2017,114.300745
7/12/2017,113.564503
7/13/2017,113.138303
7/14/2017,113.096802
7/17/2017,112.423661
7/18/2017,112.038079
7/19/2017,111.878956
7/20/2017,112.250762
7/21/2017,111.424154
7/24/2017,110.825893
7/25/2017,111.407559
7/26/2017,111.868774
7/27/2017,111.441765
7/28/2017,111.151846
7/31/2017,110.599471
8/1/2017,110.506265
8/2/2017,110.727872
8/3/2017,110.379427
8/4/2017,110.102797
8/7/2017,110.858693
8/8/2017,110.301337
8/9/2017,109.743415
8/10/2017,109.751108
8/11/2017,109.145771
8/14/2017,109.587183
8/15/2017,110.413828
8/16/2017,110.836892
8/17/2017,110.122254
8/18/2017,109.045997
8/21/2017,108.978828
8/22/2017,109.361991
8/23/2017,109.085516
8/24/2017,109.317296
8/25/2017,109.747629
8/28/2017,109.29979
8/29/2017,108.615538
8/30/2017,110.146022
8/31/2017,110.621564
9/1/2017,110.142617
9/4/2017,109.701806
9/5/2017,109.327166
9/6/2017,108.8928
9/7/2017,108.879793
9/8/2017,107.379768
9/11/2017,108.677169
9/12/2017,109.720942
9/13/2017,110.017531
9/14/2017,110.685738
9/15/2017,111.109254
9/18/2017,111.391028
9/19/2017,111.460074
9/20/2017,111.293412
9/21/2017,112.440151
9/22/2017,112.039127
9/25/2017,112.235611
9/26/2017,111.979299
9/27/2017,112.937569
9/28/2017,112.54882
9/29/2017,112.502118
10/2/2017,112.823569
10/3/2017,112.966902
10/4/2017,112.386528
10/5/2017,112.459547
10/6/2017,112.949517
10/9/2017,112.685169
10/10/2017,112.359074
10/11/2017,112.189349
10/12/2017,112.280702
10/13/2017,112.184589
10/16/2017,111.827501
10/17/2017,112.203419
10/18/2017,112.877692
10/19/2017,112.540139
10/20/2017,113.174818
10/23/2017,113.79046
10/24/2017,113.893376
10/25/2017,114.051761
10/26/2017,113.800732
10/27/2017,114.192159
10/30/2017,113.529108
10/31/2017,113.42155
11/1/2017,114.192215
11/2/2017,114.126234
11/3/2017,113.940122
11/6/2017,114.141501
11/7/2017,114.193046
11/8/2017,113.494392
11/9/2017,113.284609
11/10/2017,113.334477
11/13/2017,113.306452
11/14/2017,113.48659
11/15/2017,112.711149
11/16/2017,113.091496
11/17/2017,112.607037
11/20/2017,112.1297
11/21/2017,112.536269
11/22/2017,112.018044
11/23/2017,111.233964
11/24/2017,111.341248
11/27/2017,111.019076
11/28/2017,111.238223
11/29/2017,111.811956
11/30/2017,112.313275
12/1/2017,112.494741
12/4/2017,112.861357
12/5/2017,112.577024
12/6/2017,112.143522
12/7/2017,112.743933
12/8/2017,113.490036
12/11/2017,113.309596
12/12/2017,113.496515
12/13/2017,113.317996
12/14/2017,112.612917
12/15/2017,112.188718
12/18/2017,112.471386
12/19/2017,112.687135
12/20/2017,113.26298
12/21/2017,113.491863
12/22/2017,113.363705
12/27/2017,113.240858
12/28/2017,112.904307
12/29/2017,112.574002
1/2/2018,112.184003
1/3/2018,112.259835
1/4/2018,112.656444
1/5/2018,113.28352
1/8/2018,113.037668
1/9/2018,112.562856
1/10/2018,111.424283
1/11/2018,111.666805
1/12/2018,111.131252
1/15/2018,110.621487
1/16/2018,110.711365
1/17/2018,110.800623
1/18/2018,111.213731
1/19/2018,110.599755
1/22/2018,110.842389
1/23/2018,110.498816
1/24/2018,109.399288
1/25/2018,108.906263
1/26/2018,109.319717
1/29/2018,108.853704
1/30/2018,108.670799
1/31/2018,108.854459
2/1/2018,109.655671
2/2/2018,109.846302
2/5/2018,109.863344
2/6/2018,109.473599
2/7/2018,109.288377
2/8/2018,109.622919
2/9/2018,108.848692
2/12/2018,108.643888
2/13/2018,107.694803
2/14/2018,107.223842
2/15/2018,106.547667
2/16/2018,106.177792
2/19/2018,106.559226
2/20/2018,107.171799
2/21/2018,107.545484
2/22/2018,107.095145
2/23/2018,106.740385
2/26/2018,106.818182
2/27/2018,107.121372
2/28/2018,107.024726
3/1/2018,106.79484
3/2/2018,105.401235
3/5/2018,105.647193
3/6/2018,106.228346
3/7/2018,105.830716
3/8/2018,106.134772
3/9/2018,106.834269
3/12/2018,106.519265
3/13/2018,106.891259
3/14/2018,106.53246
3/15/2018,106.0692
3/16/2018,105.853183
3/19/2018,106.141847
3/20/2018,106.484197
3/21/2018,106.21846
3/22/2018,105.350763
3/23/2018,105.086668
3/26/2018,105.124486
3/27/2018,105.882353
3/28/2018,106.146153
3/29/2018,106.444282
4/3/2018,106.239844
4/4/2018,106.247964
4/5/2018,107.063622
4/6/2018,107.340199
4/9/2018,107.005852
4/10/2018,107.013996
4/11/2018,106.799096
4/12/2018,107.149233
4/13/2018,107.688561
4/16/2018,107.332255
4/17/2018,107.105284
4/18/2018,107.216661
4/19/2018,107.317073
4/20/2018,107.571696
4/23/2018,108.17127
4/24/2018,108.834848
4/25/2018,109.175215
4/26/2018,109.196252
4/27/2018,109.32063
4/30/2018,109.379916
5/2/2018,109.802615
5/3/2018,109.26451
5/4/2018,108.923051
5/7/2018,109.35137
5/8/2018,109.056445
5/9/2018,109.638858
5/10/2018,109.631251
5/11/2018,109.301156
5/14/2018,109.501168
5/15/2018,110.047968
5/16/2018,110.174813
5/17/2018,110.681914
5/18/2018,110.932858
5/21/2018,111.267965
5/22/2018,110.819061
5/23/2018,109.847967
5/24/2018,109.532742
5/25/2018,109.396146
5/28/2018,109.352456
5/29/2018,108.911576
5/30/2018,108.975241
5/31/2018,108.838362
6/1/2018,109.469535
6/4/2018,109.431712
6/5/2018,109.704497
6/6/2018,110.131747
6/7/2018,110.054072
6/8/2018,109.443594
6/11/2018,109.940628
6/12/2018,110.307092
6/13/2018,110.532132
6/14/2018,110.102302
6/15/2018,110.650224
6/18/2018,110.453802
6/19/2018,109.918502
6/20/2018,110.027639
6/21/2018,110.582423
6/22/2018,110.147665
6/25/2018,109.581197
6/26/2018,109.621316
6/27/2018,110.261708
6/28/2018,110.187344
6/29/2018,110.68794
7/2/2018,110.713979
7/3/2018,110.664381
7/4/2018,110.496478
7/5/2018,110.624306
7/6/2018,110.585125
7/9/2018,110.45042
7/10/2018,111.243917
7/11/2018,111.231359
7/12/2018,112.4807
7/13/2018,112.548312
7/16/2018,112.329352
7/17/2018,112.590758
7/18/2018,112.755146
7/19/2018,113.030721
7/20/2018,112.202228
7/23/2018,111.113008
7/24/2018,111.105416
7/25/2018,111.035073
7/26/2018,110.882554
7/27/2018,111.182796
7/30/2018,111.083533
7/31/2018,111.486026
8/1/2018,111.841655
8/2/2018,111.414307
8/3/2018,111.580946
8/6/2018,111.478818
8/7/2018,111.084296
8/8/2018,111.070843
8/9/2018,111.13603
8/10/2018,110.920042
8/13/2018,110.593703
8/14/2018,110.836402
8/15/2018,111.006095
8/16/2018,110.835532
8/17/2018,110.394171
8/20/2018,110.551664
8/21/2018,110.424274
8/22/2018,110.261708
8/23/2018,110.812678
8/24/2018,111.296168
8/27/2018,111.028969
8/28/2018,111.041845
8/29/2018,111.26072
8/30/2018,111.460828
8/31/2018,110.763025
9/3/2018,111.146524
9/4/2018,111.226431
9/5/2018,111.526507
9/6/2018,111.35465
9/7/2018,110.839432
9/10/2018,111.088065
9/11/2018,111.301192
9/12/2018,111.463099
9/13/2018,111.600688
9/14/2018,111.857302
9/17/2018,112.06409
9/18/2018,112.174062
9/19/2018,112.231079
9/20/2018,112.142068
9/21/2018,112.628625
9/24/2018,112.596619
9/25/2018,112.745181
9/26/2018,112.984579
9/27/2018,112.881182
9/28/2018,113.363856
10/1/2018,113.949681
10/2/2018,113.887204
10/3/2018,113.846554
10/4/2018,114.162754
10/5/2018,113.879715
10/8/2018,113.355985
10/9/2018,113.205072
10/10/2018,113.243478
10/11/2018,112.311015
10/12/2018,112.312079
10/15/2018,111.846991
10/16/2018,112.125658
10/17/2018,112.254987
10/18/2018,112.507605
10/19/2018,112.510898
10/22/2018,112.780581
10/23/2018,112.179822
10/24/2018,112.714022
10/25/2018,112.359846
10/26/2018,112.058175
10/29/2018,112.397856
10/30/2018,112.803377
10/31/2018,113.226719
11/1/2018,112.806109
11/2/2018,112.893054
11/5/2018,113.289358
11/6/2018,113.151908
11/7/2018,113.188822
11/8/2018,113.707983
11/9/2018,113.925613
11/12/2018,113.803817
11/13/2018,113.950804
11/14/2018,113.88102
11/15/2018,113.365767
11/16/2018,113.141195
11/19/2018,112.794259
11/20/2018,112.371946
11/21/2018,113.10369
11/22/2018,112.952732
11/23/2018,112.817125
11/26/2018,113.262343
11/27/2018,113.576977
11/28/2018,113.851471
11/29/2018,113.2783
11/30/2018,113.557531
12/3/2018,113.572185
12/4/2018,112.78815
12/5/2018,113.008631
12/6/2018,112.800634
12/7/2018,112.883651
12/10/2018,112.726477
12/11/2018,113.147025
12/12/2018,113.405606
12/13/2018,113.499252
12/14/2018,113.540097
12/17/2018,113.2528
12/18/2018,112.384636
12/19/2018,112.327926
12/20/2018,111.728233
12/21/2018,111.249343
12/24/2018,110.860799
12/27/2018,110.872814
12/28/2018,110.354461
12/31/2018,109.912664
1/2/2019,109.04624
1/3/2019,107.692986
1/4/2019,108.041743
1/7/2019,108.256881
1/8/2019,108.793706
1/9/2019,108.860759
1/10/2019,108.105765
1/11/2019,108.306598
1/14/2019,108.075347
1/15/2019,108.560924
1/16/2019,108.797963
1/17/2019,108.766234
1/18/2019,109.436941
1/21/2019,109.663792
1/22/2019,109.432799
1/23/2019,109.703528
1/24/2019,109.716956
1/25/2019,109.924202
1/28/2019,109.423717
1/29/2019,109.464192
1/30/2019,109.440896
1/31/2019,108.643802
2/1/2019,108.891988
2/4/2019,109.890782
2/5/2019,109.944848
2/6/2019,109.750746
2/7/2019,109.660643
2/8/2019,109.791997
2/11/2019,110.204262
2/12/2019,110.393059
2/13/2019,110.738611
2/14/2019,111.040114
2/15/2019,110.523979
2/18/2019,110.549082
2/19/2019,110.757925
2/20/2019,110.747664
2/21/2019,110.709882
2/22/2019,110.869757
2/25/2019,110.744166
2/26/2019,110.844116
2/27/2019,110.57439
2/28/2019,110.756833
3/1/2019,111.877361
3/4/2019,111.943195
3/5/2019,111.925148
3/6/2019,111.808934
3/7/2019,111.764706
3/8/2019,111.138834
3/11/2019,111.090359
3/12/2019,111.104213
3/13/2019,111.37751
3/14/2019,111.633466
3/15/2019,111.567032
3/18/2019,111.49881
3/19/2019,111.454481
3/20/2019,111.528977
3/21/2019,110.582243
3/22/2019,110.245974
3/25/2019,110.066225
3/26/2019,110.459658
3/27/2019,110.487523
3/28/2019,110.679265
3/29/2019,110.769915
4/1/2019,110.964756
4/2/2019,111.366071
4/3/2019,111.447123
4/4/2019,111.427043
4/5/2019,111.670969
4/8/2019,111.470745
4/9/2019,111.297331
4/10/2019,111.162337
4/11/2019,111.239347
4/12/2019,111.968907
4/15/2019,111.959692
4/16/2019,111.977001
4/17/2019,111.945846
4/18/2019,111.875556
4/23/2019,111.889729
4/24/2019,111.820858
4/25/2019,111.885283
4/26/2019,111.784784
4/29/2019,111.784753
4/30/2019,111.365662
5/2/2019,111.496611
5/3/2019,111.519498
5/6/2019,110.840254
5/7/2019,110.621368
5/8/2019,110.078557
5/9/2019,109.809702
5/10/2019,109.750668
5/13/2019,109.435305
5/14/2019,109.567076
5/15/2019,109.308772
5/16/2019,109.622423
5/17/2019,109.505908
5/20/2019,109.850452
5/21/2019,110.447093
5/22/2019,110.348223
5/23/2019,110.02783
5/24/2019,109.600429
5/27/2019,109.448116
5/28/2019,109.408506
5/29/2019,109.277519
5/30/2019,109.664092
5/31/2019,108.752578
6/3/2019,108.332588
6/4/2019,108.164354
6/5/2019,108.341476
6/6/2019,108.130659
6/7/2019,108.462698
6/10/2019,108.645253
6/11/2019,108.736749
6/12/2019,108.381171
6/13/2019,108.459562
6/14/2019,108.211274
6/17/2019,108.652306
6/18/2019,108.23277
6/19/2019,108.405461
6/20/2019,107.641284
6/21/2019,107.493814
6/24/2019,107.293312
6/25/2019,107.103969
6/26/2019,107.727513
6/27/2019,107.862797
6/28/2019,107.732865
7/1/2019,108.317913
7/2/2019,108.273604
7/3/2019,107.686177
7/4/2019,107.769313
7/5/2019,108.143872
7/8/2019,108.604547
7/9/2019,108.817492
7/10/2019,108.912656
7/11/2019,108.05494
7/12/2019,108.264463
7/15/2019,107.924394
7/16/2019,107.930143
7/17/2019,108.265716
7/18/2019,107.783524
7/19/2019,107.723143
7/22/2019,107.917967
7/23/2019,108.135684
7/24/2019,108.087971
7/25/2019,108.097166
7/26/2019,108.690968
7/29/2019,108.651857
7/30/2019,108.481262
7/31/2019,108.546319
8/1/2019,108.888285
8/2/2019,106.762111
8/5/2019,106.072259
8/6/2019,106.462859
8/7/2019,105.766827
8/8/2019,105.994818
8/9/2019,105.831398
8/12/2019,105.13668
8/13/2019,105.159508
8/14/2019,105.899178
8/15/2019,106.161435
8/16/2019,106.329
8/19/2019,106.583806
8/20/2019,106.347057
8/21/2019,106.48415
8/22/2019,106.586664
8/23/2019,106.452779
8/26/2019,105.856423
8/27/2019,105.754683
8/28/2019,105.729496
8/29/2019,106.286127
8/30/2019,106.270388
9/2/2019,106.363968
9/3/2019,106.107708
9/4/2019,106.217099
9/5/2019,106.682944
9/6/2019,107.019135
9/9/2019,106.960935
9/10/2019,107.355072
9/11/2019,107.706989
9/12/2019,107.762474
9/13/2019,107.993872
9/16/2019,107.841537
9/17/2019,108.135317
9/18/2019,108.151633
9/19/2019,107.942532
9/20/2019,107.987307
9/23/2019,107.482931
9/24/2019,107.652458
9/25/2019,107.448552
9/26/2019,107.633937
9/27/2019,108.102423
9/30/2019,107.989714
10/1/2019,108.276748
10/2/2019,107.524027
10/3/2019,106.994795
10/4/2019,106.776573
10/7/2019,106.83162
10/8/2019,106.890588
10/9/2019,107.376377
10/10/2019,107.452403
10/11/2019,108.439736
10/14/2019,108.240413
10/15/2019,108.321977
10/16/2019,108.752834
10/17/2019,108.710519
10/18/2019,108.551687
10/21/2019,108.556341
10/22/2019,108.598383
10/23/2019,108.450957
10/24/2019,108.608914
10/25/2019,108.571171
10/28/2019,108.85722
10/29/2019,108.949977
10/30/2019,108.941113
10/31/2019,108.239197
11/1/2019,108.11563
11/4/2019,108.379638
11/5/2019,108.857683
11/6/2019,108.999098
11/7/2019,109.145075
11/8/2019,109.407287
11/11/2019,108.948465
11/12/2019,109.160236
11/13/2019,108.840632
11/14/2019,108.656906
11/15/2019,108.709444
11/18/2019,108.986529
11/19/2019,108.747856
11/20/2019,108.472737
11/21/2019,108.610585
11/22/2019,108.545849
11/25/2019,108.902616
11/26/2019,108.974592
11/27/2019,109.165228
11/28/2019,109.495684
11/29/2019,109.661264
12/2/2019,109.543681
12/3/2019,108.743564
12/4/2019,108.699576
12/5/2019,108.788534
12/6/2019,108.563187
12/9/2019,108.487585
12/10/2019,108.576329
12/11/2019,108.749436
12/12/2019,108.601957
12/13/2019,109.566852
12/16/2019,109.429392
12/17/2019,109.577137
12/18/2019,109.590643
12/19/2019,109.498966
12/20/2019,109.317834
12/23/2019,109.417607
12/24/2019,109.377256
12/27/2019,109.593831
12/30/2019,109.20547
12/31/2019,108.545487
1/2/2020,108.77334
1/3/2020,108.136718
1/6/2020,108.111488
1/7/2020,108.440745
1/8/2020,108.735942
1/9/2020,109.39694
1/10/2020,109.638446
1/13/2020,109.877764
1/14/2020,110.049483
1/15/2020,109.881529
1/16/2020,109.947175
1/17/2020,110.109831
1/20/2020,110.184935
1/21/2020,110.040486
1/22/2020,109.965729
1/23/2020,109.548282
1/24/2020,109.614862
1/27/2020,108.943311
1/28/2020,109.059518
1/29/2020,109.135533
1/30/2020,108.831263
1/31/2020,108.894318
2/3/2020,108.530634
2/4/2020,109.087618
2/5/2020,109.716048
2/6/2020,109.851859
2/7/2020,109.864163
2/10/2020,109.743402
2/11/2020,109.83396
2/12/2020,109.97801
2/13/2020,109.699089
2/14/2020,109.859804
2/17/2020,109.875404
2/18/2020,109.744822
2/19/2020,110.509259
2/20/2020,112.011121
2/21/2020,111.989631
2/24/2020,111.406914
2/25/2020,110.627306
2/26/2020,110.464368
2/27/2020,109.868661
2/28/2020,108.736449
3/2/2020,107.732422
3/3/2020,107.7359
3/4/2020,107.48764
3/5/2020,106.936623
3/6/2020,105.045872
3/9/2020,102.234637
3/10/2020,104.170325
3/11/2020,104.578335
3/12/2020,103.950178
3/13/2020,107.267651
3/16/2020,105.548086
3/17/2020,106.993262
3/18/2020,107.719042
3/19/2020,109.832423
3/20/2020,110.553843
3/23/2020,110.460911
3/24/2020,110.661256
3/25/2020,111.452849
3/26/2020,109.443584
3/27/2020,108.736449
3/30/2020,108.156607
3/31/2020,108.525009
4/1/2020,107.489027
4/2/2020,107.335412
4/3/2020,108.576727
4/6/2020,108.924103
4/7/2020,108.911346
4/8/2020,108.876828
4/9/2020,108.889298
4/14/2020,107.324637
4/15/2020,107.419976
4/16/2020,107.567965
4/17/2020,107.605893
4/20/2020,107.836096
4/21/2020,107.400572
4/22/2020,107.674611
4/23/2020,107.454512
4/24/2020,107.611111
4/27/2020,107.095466
4/28/2020,106.702216
4/29/2020,106.548607
4/30/2020,106.53733
5/4/2020,106.78121
5/5/2020,106.714009
5/6/2020,106.088646
5/7/2020,106.565891
5/8/2020,106.372775
5/11/2020,107.317073
5/12/2020,107.34942
5/13/2020,106.924138
5/14/2020,107.005189
5/15/2020,106.992036
5/18/2020,107.376292
5/19/2020,107.762557
5/20/2020,107.638255
5/21/2020,107.654545
5/22/2020,107.538518
5/25/2020,107.671861
5/26/2020,107.444191
5/27/2020,107.888272
5/28/2020,107.734205
5/29/2020,107.121049
6/1/2020,107.7276
6/2/2020,108.134956
6/3/2020,108.576023
6/4/2020,108.871111
6/5/2020,109.240953
6/8/2020,109.357554
6/9/2020,108.145918
6/10/2020,107.393407
6/11/2020,107.084949
6/12/2020,107.271762
6/15/2020,107.375811
6/16/2020,107.34878
6/17/2020,107.416311
6/18/2020,106.932811
6/19/2020,106.842105
6/22/2020,106.920539
6/23/2020,106.953525
6/24/2020,106.648936
6/25/2020,107.366071
6/26/2020,106.956212
6/29/2020,107.293513
6/30/2020,107.751384
7/1/2020,107.419643
7/2/2020,107.425128
7/3/2020,107.519601
7/6/2020,107.532009
7/7/2020,107.714792
7/8/2020,107.558037
7/9/2020,107.273849
7/10/2020,106.846399
7/13/2020,107.158619
7/14/2020,107.402198
7/15/2020,106.824537
7/16/2020,107.096548
7/17/2020,107.219111
7/20/2020,107.119147
7/21/2020,107.227126
7/22/2020,107.047849
7/23/2020,107.165701
7/24/2020,106.271537
7/27/2020,105.340136
7/28/2020,105.265853
7/29/2020,105.142857
7/30/2020,105.237163
7/31/2020,104.920662
8/3/2020,106.182842
8/4/2020,106.060348
8/5/2020,105.761768
8/6/2020,105.513806
8/7/2020,105.703647
8/10/2020,106.044376
8/11/2020,106.059577
8/12/2020,106.974768
8/13/2020,106.972027
8/14/2020,106.670617
8/17/2020,106.293765
8/18/2020,105.442634
8/19/2020,105.371658
8/20/2020,105.873418
8/21/2020,105.811879
8/24/2020,105.731409
8/25/2020,106.373794
8/26/2020,106.31945
8/27/2020,106.166356
8/28/2020,105.237096
8/31/2020,105.921273
9/1/2020,105.881371
9/2/2020,106.230503
9/3/2020,106.535173
9/4/2020,106.223611
9/7/2020,106.216171
9/8/2020,106.236742
9/9/2020,106.217617
9/10/2020,106.135539
9/11/2020,106.141387
9/14/2020,105.944763
9/15/2020,105.440632
9/16/2020,105.080462
9/17/2020,104.585912
9/18/2020,104.360686
9/21/2020,104.097735
9/22/2020,104.582624
9/23/2020,105.123161
9/24/2020,105.392872
9/25/2020,105.501117
9/28/2020,105.415596
9/29/2020,105.631516
9/30/2020,105.705501
10/1/2020,105.496937
10/2/2020,105.200341
10/5/2020,105.582937
10/6/2020,105.621026
10/7/2020,105.972812
10/8/2020,105.98385
10/9/2020,105.934718
10/12/2020,105.441139
10/13/2020,105.523034
10/14/2020,105.276596
10/15/2020,105.274406
10/16/2020,105.263606
10/19/2020,105.311837
10/20/2020,105.664691
10/21/2020,104.851502
10/22/2020,104.661196
10/23/2020,104.731781
10/26/2020,105.034267
10/27/2020,104.580798
10/28/2020,104.340411
10/29/2020,104.314764
10/30/2020,104.599077
11/2/2020,104.64298
11/3/2020,104.734233
11/4/2020,104.351165
11/5/2020,103.635597
11/6/2020,103.336142
11/9/2020,104.914584
11/10/2020,105.318428
11/11/2020,105.447901
11/12/2020,105.376982
11/13/2020,104.849767
11/16/2020,104.945055
11/17/2020,104.174381
11/18/2020,103.875969
11/19/2020,104.022989
11/20/2020,103.835455
11/23/2020,103.747584
11/24/2020,104.559629
11/25/2020,104.449117
11/26/2020,104.235294
11/27/2020,104.202315
11/30/2020,104.165275
12/1/2020,104.378342
12/2/2020,104.5334
12/3/2020,104.098428
12/4/2020,103.988815
12/7/2020,104.139182
12/8/2020,104.160475
12/9/2020,104.096127
12/10/2020,104.440776
12/11/2020,104.131277
12/14/2020,103.691827
12/15/2020,103.855025
12/16/2020,103.34728
12/17/2020,103.045893
12/18/2020,103.344482
12/21/2020,103.540623
12/22/2020,103.374459
12/23/2020,103.559099
12/24/2020,103.649635
12/28/2020,103.560029
12/29/2020,103.784974
12/30/2020,103.06164
12/31/2020,103.080434
1/4/2021,102.976578
1/5/2021,102.88485
1/6/2021,102.95834
1/7/2021,103.559791
1/8/2021,103.885714
1/11/2021,104.217709
1/12/2021,104.218403
1/13/2021,103.928982
1/14/2021,104.099307
1/15/2021,103.720201
1/18/2021,103.763263
1/19/2021,103.989449
1/20/2021,103.809603
1/21/2021,103.405165
1/22/2021,103.791742
1/25/2021,103.736011
1/26/2021,103.705839
1/27/2021,103.904573
1/28/2021,104.375155
1/29/2021,104.68853
2/1/2021,104.907315
2/2/2021,104.998339
2/3/2021,105.059499
2/4/2021,105.235078
2/5/2021,105.749812
2/8/2021,105.588358
2/9/2021,104.576999
2/10/2021,104.757978
2/11/2021,104.651354
2/12/2021,105.013214
2/15/2021,105.301344
2/16/2021,105.542288
2/17/2021,106.086235
2/18/2021,105.668653
2/19/2021,105.288739
2/22/2021,105.497404
2/23/2021,105.394054
2/24/2021,105.952577
2/25/2021,106.118609
2/26/2021,106.28661
3/1/2021,106.720319
3/2/2021,106.900565
3/3/2021,106.914011
3/4/2021,107.387402
3/5/2021,108.3096
3/8/2021,108.629698
3/9/2021,108.878426
3/10/2021,108.577195
3/11/2021,108.463531
3/12/2021,109.058912
3/15/2021,109.20302
3/16/2021,108.904914
3/17/2021,109.196271
3/18/2021,109.200806
3/19/2021,108.939534
3/22/2021,108.812678
3/23/2021,108.550029
3/24/2021,108.752643
3/25/2021,109.091679
3/26/2021,109.777627
3/29/2021,109.631704
3/30/2021,110.280215
3/31/2021,110.797441
4/1/2021,110.701515
4/6/2021,110.28615
4/7/2021,109.861999
4/8/2021,109.247873
4/9/2021,109.707268
4/12/2021,109.375
4/13/2021,109.473773
4/14/2021,108.935139
4/15/2021,108.721805
4/16/2021,108.768563
4/19/2021,108.093062
4/20/2021,108.405941
4/21/2021,108.103606
4/22/2021,108.168687
4/23/2021,107.724184
4/26/2021,108.018204
4/27/2021,108.272667
4/28/2021,108.922949
4/29/2021,108.994971
4/30/2021,108.938917
5/3/2021,109.515111
5/4/2021,109.192247
5/5/2021,109.287797
5/6/2021,109.195688
5/7/2021,109.262791
5/10/2021,108.727093
5/11/2021,108.562038
5/12/2021,108.780327
5/13/2021,109.568744
5/14/2021,109.28813
5/17/2021,109.198715
5/18/2021,108.893798
5/19/2021,109.15493
5/20/2021,108.948619
5/21/2021,108.803741
5/24/2021,108.884704
5/25/2021,108.847032
5/26/2021,108.888707
5/27/2021,109.378587
5/28/2021,110.072476
5/31/2021,109.654946
6/1/2021,109.652352
6/2/2021,109.73248
6/3/2021,109.797325
6/4/2021,110.085005
6/7/2021,109.340569
6/8/2021,109.407322
6/9/2021,109.372694
6/10/2021,109.536718
6/11/2021,109.591753
6/14/2021,109.767173
6/15/2021,110.075983
6/16/2021,109.856483
6/17/2021,110.655944
6/18/2021,110.203396
6/21/2021,110.091666
6/22/2021,110.559946
6/23/2021,110.819178
6/24/2021,110.757373
6/25/2021,110.686192
6/28/2021,110.940386
6/29/2021,110.649394
6/30/2021,110.594076
7/1/2021,111.427129
7/2/2021,111.42688
7/5/2021,110.888252
7/6/2021,110.652137
7/7/2021,110.607725
7/8/2021,109.739821
7/9/2021,110.018553
7/12/2021,110.150186
7/13/2021,110.224586
7/14/2021,110.311548
7/15/2021,110.026251
7/16/2021,110.176241
7/19/2021,109.603944
7/20/2021,109.579618
7/21/2021,110.117227
7/22/2021,110.259023
7/23/2021,110.571938
7/26/2021,110.333418
7/27/2021,110.059272
7/28/2021,110.078767
7/29/2021,109.837446
7/30/2021,109.65436
8/2/2021,109.515396
8/3/2021,109.129154
8/4/2021,109.021162
8/5/2021,109.527426
8/6/2021,109.799272
8/9/2021,110.109685
8/10/2021,110.458966
8/11/2021,110.667349
8/12/2021,110.409745
8/13/2021,110.191245
8/16/2021,109.369691
8/17/2021,109.263194
8/18/2021,109.758594
8/19/2021,109.618673
8/20/2021,109.647845
8/23/2021,110.104113
8/24/2021,109.659284
8/25/2021,109.9182
8/26/2021,110.138523
8/27/2021,110.186209
8/30/2021,109.872045
8/31/2021,109.810715
9/1/2021,110.307185
9/2/2021,110.003377
9/3/2021,109.956199
9/6/2021,109.861767
9/7/2021,110.042159
9/8/2021,110.180096
9/9/2021,109.900321
9/10/2021,109.81336
9/13/2021,110.033956
9/14/2021,110.106653
9/15/2021,109.193166
9/16/2021,109.385361
9/17/2021,110.025467
9/20/2021,109.452651
9/21/2021,109.337195
9/22/2021,109.557507
9/23/2021,110.012804
9/24/2021,110.495776
9/27/2021,110.907847
9/28/2021,111.466004
9/29/2021,111.455294
9/30/2021,111.987218
10/1/2021,111.181034
10/4/2021,111.043314
10/5/2021,111.179107
10/6/2021,111.349853
10/7/2021,111.382114
10/8/2021,111.781485
10/11/2021,112.925523
10/12/2021,113.422761
10/13/2021,113.561668
10/14/2021,113.471815
10/15/2021,114.333736
10/18/2021,114.150293
10/19/2021,114.217074
10/20/2021,114.239009
10/21/2021,114.161726
10/22/2021,113.869304
10/25/2021,113.66026
10/26/2021,114.021346
10/27/2021,113.626582
10/28/2021,113.603036
10/29/2021,113.885788
11/1/2021,114.173432
11/2/2021,113.789537
11/3/2021,113.922957
11/4/2021,113.899213
11/5/2021,113.707787
11/8/2021,113.386303
11/9/2021,113.069016
11/10/2021,113.254888
11/11/2021,113.95288
11/12/2021,113.993711
11/15/2021,113.876267
11/16/2021,114.259324
11/17/2021,114.687169
11/18/2021,114.217717
11/19/2021,113.76098
11/22/2021,114.107111
11/23/2021,114.894751
11/24/2021,115.170444
11/25/2021,115.30785
11/26/2021,114.090869
11/29/2021,113.701667
11/30/2021,112.822318
12/1/2021,113.372812
12/2/2021,112.831819
12/3/2021,113.338057
12/6/2021,113.209887
12/7/2021,113.566098
12/8/2021,113.788831
12/9/2021,113.349836
12/10/2021,113.723055
12/13/2021,113.66377
12/14/2021,113.582103
12/15/2021,113.87853
12/16/2021,114.123147
12/17/2021,113.221536
12/20/2021,113.527899
12/21/2021,113.714033
12/22/2021,114.219981
12/23/2021,114.403183
12/24/2021,114.385438
12/27/2021,114.736563
12/28/2021,114.870709
12/29/2021,114.987172
12/30/2021,115.087348
12/31/2021,115.115663
1/3/2022,114.980185
1/4/2022,116.295771
1/5/2022,115.76111
1/6/2022,115.819708
1/7/2022,115.861214
1/10/2022,115.25888
1/11/2022,115.516937
1/12/2022,115.382586
1/13/2022,114.263282
1/14/2022,113.715384
1/17/2022,114.566342
1/18/2022,114.709246
1/19/2022,114.464522
1/20/2022,114.244135
1/21/2022,113.799789
1/24/2022,113.782732
1/25/2022,114.030884
1/26/2022,114.267979
1/27/2022,115.358423
1/28/2022,115.532412
1/31/2022,115.444604
2/1/2022,114.671403
2/2/2022,114.254173
2/3/2022,114.859117
2/4/2022,114.898814
2/7/2022,114.955884
2/8/2022,115.42777
2/9/2022,115.470048
2/10/2022,115.761867
2/11/2022,115.827275
2/14/2022,115.411806
2/15/2022,115.62803
2/16/2022,115.687654
2/17/2022,115.074758
2/18/2022,115.016734
2/21/2022,114.835068
2/22/2022,115.09434
2/23/2022,115.109309
2/24/2022,114.915345
2/25/2022,115.584879
2/28/2022,115.465667
3/1/2022,114.809174
3/2/2022,115.32505
3/3/2022,115.7277
3/4/2022,115.445146
3/7/2022,115.236347
3/8/2022,115.708777
3/9/2022,115.810061
3/10/2022,115.968964
3/11/2022,116.88808
3/14/2022,117.974453
3/15/2022,117.978346
3/16/2022,118.291796
3/17/2022,118.78563
3/18/2022,119.367733
3/21/2022,119.197318
3/22/2022,120.609579
3/23/2022,120.755576
3/24/2022,121.798142
3/25/2022,121.859662
3/28/2022,123.955864
3/29/2022,123.283717
3/30/2022,121.759842
3/31/2022,121.763805
4/1/2022,122.466522
4/4/2022,122.744207
4/5/2022,122.85532
4/6/2022,123.867069
4/7/2022,123.964822
4/8/2022,124.178252
4/11/2022,125.697248
4/12/2022,125.485683
4/13/2022,125.863662
4/14/2022,125.317154
4/19/2022,128.112561
4/20/2022,127.913204
4/21/2022,128.23551
4/22/2022,128.344273
4/25/2022,128.168621
4/26/2022,127.552932
4/27/2022,128.101672
4/28/2022,130.786838
4/29/2022,129.990512
5/2/2022,129.827062
5/3/2022,129.840849
5/4/2022,129.940177
5/5/2022,129.806964
5/6/2022,130.463576
5/9/2022,130.7889
5/10/2022,130.168656
5/11/2022,129.887236
5/12/2022,128.602998
5/13/2022,128.945595
5/16/2022,129.543274
5/17/2022,129.323594
5/18/2022,129.012639
5/19/2022,127.752969
5/20/2022,127.956888
5/23/2022,127.638615
5/24/2022,127.322761
5/25/2022,127.008258
5/26/2022,127.091708
5/27/2022,126.88864
5/30/2022,127.508361
5/31/2022,128.218053
6/1/2022,129.462285
6/2/2022,129.741863
6/3/2022,130.093197
6/6/2022,130.673131
6/7/2022,132.864378
6/8/2022,134.016203
6/9/2022,133.975612
6/10/2022,133.947816
6/13/2022,134.395026
6/14/2022,134.538844
6/15/2022,134.685073
6/16/2022,132.923077
6/17/2022,134.665268
6/20/2022,134.962442
6/21/2022,136.255924
6/22/2022,136.023192
6/23/2022,135.433146
6/24/2022,135.110224
6/27/2022,135.499432
6/28/2022,136.038254
6/29/2022,136.47428
6/30/2022,136.266487
7/1/2022,135.29976
7/4/2022,135.351506
7/5/2022,135.830904
7/6/2022,135.314926
7/7/2022,135.667976
7/8/2022,135.835875
7/11/2022,137.423252
7/12/2022,136.73571
7/13/2022,137.10142
7/14/2022,138.970515
7/15/2022,138.671836
7/18/2022,138.347646
7/19/2022,137.637872
7/20/2022,138.170409
7/21/2022,138.699873
7/22/2022,136.908734
7/25/2022,136.615866
7/26/2022,136.655472
7/27/2022,136.810481
7/28/2022,135.605612
7/29/2022,133.771328
8/1/2022,132.297469
8/2/2022,130.966354
8/3/2022,133.588385
8/4/2022,133.395541
8/5/2022,133.118343
8/8/2022,134.934798
8/9/2022,135.098691
8/10/2022,134.763948
8/11/2022,132.104856
8/12/2022,133.660671
8/15/2022,133.016184
8/16/2022,134.350015
8/17/2022,135.143644
8/18/2022,134.771075
8/19/2022,136.930575
8/22/2022,137.066293
8/23/2022,137.342601
8/24/2022,136.641836
8/25/2022,136.479438
8/26/2022,136.924153
8/29/2022,138.684158
8/30/2022,138.239984
8/31/2022,138.72
9/1/2022,139.284286
9/2/2022,140.458321
9/5/2022,140.594758
9/6/2022,141.93191
9/7/2022,144.865959
9/8/2022,143.520831
9/9/2022,142.601254
9/12/2022,142.284589
9/13/2022,142.014742
9/14/2022,143.223223
9/15/2022,143.544836
9/16/2022,143.188668
9/19/2022,143.563564
9/20/2022,143.540957
9/21/2022,144.013729
9/22/2022,140.813436
9/23/2022,142.946483
9/26/2022,144.173751
9/27/2022,144.421402
9/28/2022,144.683743
9/29/2022,144.71461
9/30/2022,144.655314
10/3/2022,144.909873
10/4/2022,144.879183
10/5/2022,144.407463
10/6/2022,144.705882
10/7/2022,144.860672
10/10/2022,145.570795
10/11/2022,145.572354
10/12/2022,146.651556
10/13/2022,146.770716
10/14/2022,147.813111
10/17/2022,148.885923
10/18/2022,149.11032
10/19/2022,149.662508
10/20/2022,149.821629
10/21/2022,151.685509
10/24/2022,148.979799
10/25/2022,148.909847
10/26/2022,146.981942
10/27/2022,146.826741
10/28/2022,147.512813
10/31/2022,148.678636
11/1/2022,147.129788
11/2/2022,147.103351
11/3/2022,148.241567
11/4/2022,147.072528
11/7/2022,146.282398
11/8/2022,146.308523
11/9/2022,146.249626
11/10/2022,146.142254
11/11/2022,139.590609
11/14/2022,140.38182
11/15/2022,139.215686
11/16/2022,139.540914
11/17/2022,140.323675
11/18/2022,139.996141
11/21/2022,141.840718
11/22/2022,141.327623
11/23/2022,141.162228
11/24/2022,138.192644
11/25/2022,139.392771
11/28/2022,138.488005
11/29/2022,138.298283
11/30/2022,139.051658
12/1/2022,136.292328
12/2/2022,134.105143
12/5/2022,135.137433
12/6/2022,136.297071
12/7/2022,137.183018
12/8/2022,136.657477
12/9/2022,135.713609
12/12/2022,137.152055
12/13/2022,137.363679
12/14/2022,134.923467
12/15/2022,136.587892
12/16/2022,137.046803
12/19/2022,136.488017
12/20/2022,132.635154
12/21/2022,131.901091
12/22/2022,132.060566
12/23/2022,132.611561
12/27/2022,133.358434
12/28/2022,133.656015
12/29/2022,133.571227
12/30/2022,131.876992
1/2/2023,130.693625
1/3/2023,130.801328
1/4/2023,130.899141
1/5/2023,132.959155
1/6/2023,134.571429
1/9/2023,132.152206
1/10/2023,132.351021
1/11/2023,132.697497
1/12/2023,130.532863
1/13/2023,128.555576
1/16/2023,128.486866
1/17/2023,128.654431
1/18/2023,128.969462
1/19/2023,128.543689
1/20/2023,130.112692
1/23/2023,130.3008
1/24/2023,130.29103
1/25/2023,129.775694
1/26/2023,129.765948
1/27/2023,129.866544
1/30/2023,130.046776
1/31/2023,130.407089
2/1/2023,129.76868
2/2/2023,128.431016
2/3/2023,128.417299
2/6/2023,132.154788
2/7/2023,132.056075
2/8/2023,131.169073
2/9/2023,130.721381
2/10/2023,130.851263
2/13/2023,132.556616
2/14/2023,132.11265
2/15/2023,133.691589
2/16/2023,133.934579
2/17/2023,134.757647
2/20/2023,134.054712
2/21/2023,134.808702
2/22/2023,134.573469
2/23/2023,135.003768
2/24/2023,135.808893
2/27/2023,136.327459
2/28/2023,136.76429
3/1/2023,135.548484
3/2/2023,136.793965
3/3/2023,136.175224
3/6/2023,135.863235
3/7/2023,136.155649
3/8/2023,137.221432
3/9/2023,136.270608
3/10/2023,136.689968
3/13/2023,132.598543
3/14/2023,134.199497
3/15/2023,132.249502
3/16/2023,132.307692
3/17/2023,132.326085
3/20/2023,131.352057
3/21/2023,132.358946
3/22/2023,132.7121
3/23/2023,131.326409
3/24/2023,130.15356
3/27/2023,131.47684
3/28/2023,130.698275
3/29/2023,132.368397
3/30/2023,132.665809
3/31/2023,133.177011
4/3/2023,132.943882
4/4/2023,132.960279
4/5/2023,131.389397
4/6/2023,131.461292
4/11/2023,133.223292
4/12/2023,133.757554
4/13/2023,133.281888
4/14/2023,132.585692
4/17/2023,133.84027
4/18/2023,133.877142
4/19/2023,134.674838
4/20/2023,134.740497
4/21/2023,133.831299
4/24/2023,134.675514
4/25/2023,134.195246
4/26/2023,133.771175
4/27/2023,133.272958
4/28/2023,136.00765
5/2/2023,137.437301
5/3/2023,135.524767
5/4/2023,134.477154
5/5/2023,134.192845
5/8/2023,135.13636
5/9/2023,135.021444
5/10/2023,135.324201
5/11/2023,134.071363
5/12/2023,134.979802
5/15/2023,136.217359
5/16/2023,135.915817
5/17/2023,136.956321
5/18/2023,137.871081
5/19/2023,138.369726
5/22/2023,138.273887
5/23/2023,138.417293
5/24/2023,138.433009
5/25/2023,139.385189
5/26/2023,139.74514
5/29/2023,140.261316
5/30/2023,139.622115
5/31/2023,139.595619
6/1/2023,139.5251
6/2/2023,138.864629
6/5/2023,140.280636
6/6/2023,139.558177
6/7/2023,139.423346
6/8/2023,139.685201
6/9/2023,139.369202
6/12/2023,139.368323
6/13/2023,139.553414
6/14/2023,139.892682
6/15/2023,141.288474
6/16/2023,141.02681
6/19/2023,141.860465
6/20/2023,141.324431
6/21/2023,141.801703
6/22/2023,142.057351
6/23/2023,143.182653
6/26/2023,143.258839
6/27/2023,143.493745
6/28/2023,144.285975
6/29/2023,144.212836
6/30/2023,144.63464
7/3/2023,144.7931
7/4/2023,144.414869
7/5/2023,144.553727
7/6/2023,143.655381
7/7/2023,143.286187
7/10/2023,142.141292
7/11/2023,140.38584
7/12/2023,139.575395
7/13/2023,138.472545
7/14/2023,138.588361
7/17/2023,138.361532
7/18/2023,138.071968
7/19/2023,139.689895
7/20/2023,139.635617
7/21/2023,141.715365
7/24/2023,141.01478
7/25/2023,141.326577
7/26/2023,140.42861
7/27/2023,140.179775
7/28/2023,139.28247
7/31/2023,142.184523
8/1/2023,142.980857
8/2/2023,142.812927
8/3/2023,142.919868
8/4/2023,142.618308
8/7/2023,142.21595
8/8/2023,143.046418
8/9/2023,143.462801
8/10/2023,143.778927
8/11/2023,144.465649
8/14/2023,145.178408
8/15/2023,145.561047
8/16/2023,145.721876
8/17/2023,145.761468
8/18/2023,145.495537
8/21/2023,145.90209
8/22/2023,145.770185
8/23/2023,145.56224
8/24/2023,145.719557
8/25/2023,145.956699
8/28/2023,146.511843
8/29/2023,147.116542
8/30/2023,146.19695
8/31/2023,145.8318
9/1/2023,145.213943
9/4/2023,146.384594
9/5/2023,147.423353
9/6/2023,147.212657
9/7/2023,147.245565
9/8/2023,147.458894
9/11/2023,146.549795
9/12/2023,146.942966
9/13/2023,147.470418
9/14/2023,147.371855
9/15/2023,147.776318
9/18/2023,147.650755
9/19/2023,147.671054
9/20/2023,147.897589
9/21/2023,147.945463
9/22/2023,148.27651
9/25/2023,148.669237
9/26/2023,148.863744
9/27/2023,149.202733
9/28/2023,149.283613
9/29/2023,149.235416
10/2/2023,149.734093
10/3/2023,149.97612
10/4/2023,149.071163
10/5/2023,148.878966
10/6/2023,149.076967
10/9/2023,149.140632
10/10/2023,149.036099
10/11/2023,148.877782
10/12/2023,149.119503
10/13/2023,149.600912
10/16/2023,149.497058
10/17/2023,149.522188
10/18/2023,149.645054
10/19/2023,149.848456
10/20/2023,149.938627
10/23/2023,149.957535
10/24/2023,149.793078
10/25/2023,149.914902
10/26/2023,150.360531
10/27/2023,149.966796
10/30/2023,149.740688
10/31/2023,150.955834
11/1/2023,151.210022
11/2/2023,149.97655
11/3/2023,149.383293
11/6/2023,149.771902
11/7/2023,150.449186
11/8/2023,150.848093
11/9/2023,151.127116
11/10/2023,151.427502
11/13/2023,151.790066
11/14/2023,151.687803
11/15/2023,150.340449
11/16/2023,151.212093
11/17/2023,149.273363
11/20/2023,148.352855
11/21/2023,147.52168
11/22/2023,148.703144
11/23/2023,149.522936
11/24/2023,149.596922
11/27/2023,148.717012
11/28/2023,148.634579
11/29/2023,147.583068
11/30/2023,147.461348
12/1/2023,148.174713
12/4/2023,146.73353
12/5/2023,147.111029
12/6/2023,147.244387
12/7/2023,145.000464
12/8/2023,144.3166
12/11/2023,146.453472
12/12/2023,145.168456
12/13/2023,145.66608
12/14/2023,141.771224
12/15/2023,141.741275
12/18/2023,142.837516
12/19/2023,144.316731
12/20/2023,143.567251
12/21/2023,142.756988
12/22/2023,142.12102
12/27/2023,142.620877
12/28/2023,140.876372
12/29/2023,141.475113
1/2/2024,142.095655
1/3/2024,143.01676
1/4/2024,144.170547
1/5/2024,145.197326
1/8/2024,144.518546
1/9/2024,144.085923
1/10/2024,145.285949
1/11/2024,145.362701
1/12/2024,145.467008
1/15/2024,145.883965
1/16/2024,146.700974
1/17/2024,147.696975
1/18/2024,147.944828
1/19/2024,148.038946
1/22/2024,147.796143
1/23/2024,147.976453
1/24/2024,147.143512
1/25/2024,147.626916
1/26/2024,147.750897
1/29/2024,147.953433
1/30/2024,147.492163
1/31/2024,147.817662
2/1/2024,146.994637
2/2/2024,146.632362
2/5/2024,148.632049
2/6/2024,148.524621
2/7/2024,148.208983
2/8/2024,149.237777
2/9/2024,149.461567
2/12/2024,148.992853
2/13/2024,149.328268
2/14/2024,150.546066
2/15/2024,150.107046
2/16/2024,150.334324
2/19/2024,149.953601
2/20/2024,150.138863
2/21/2024,149.986123
2/22/2024,150.424198
2/23/2024,150.369208
2/26/2024,150.552893
2/27/2024,150.18423
2/28/2024,150.69393
2/29/2024,150.129318
3/1/2024,150.578008
3/4/2024,150.488659
3/5/2024,150.25348
3/6/2024,149.595365
3/7/2024,147.856815
3/8/2024,147.26491
3/11/2024,146.833242
3/12/2024,147.847197
3/13/2024,147.938568
3/14/2024,148.009153
3/15/2024,148.760558
3/18/2024,149.201249
3/19/2024,150.515939
3/20/2024,151.733678
3/21/2024,151.242321
3/22/2024,151.288922
3/25/2024,151.158283
3/26/2024,151.450944
3/27/2024,151.183432
3/28/2024,151.188604
4/2/2024,151.651316
4/3/2024,151.775944
4/4/2024,151.760044
4/5/2024,151.3698
4/8/2024,151.926453
4/9/2024,151.808227
4/10/2024,151.832413
4/11/2024,153.024513
4/12/2024,153.173113
4/15/2024,153.950826
4/16/2024,154.686472
4/17/2024,154.671931
4/18/2024,154.340294
4/19/2024,154.585563
4/22/2024,154.731001
4/23/2024,154.796702
4/24/2024,154.941044
4/25/2024,155.559701
4/26/2024,156.832182
4/29/2024,156.277985
4/30/2024,156.997574
5/2/2024,154.823331
5/3/2024,153.220402
5/6/2024,153.767632
5/7/2024,154.607096
5/8/2024,155.589686
5/9/2024,155.907566
5/10/2024,155.738009
5/13/2024,155.859194
5/14/2024,156.437569
5/15/2024,155.492984
5/16/2024,154.914412
5/17/2024,155.809664
5/20/2024,155.832796
5/21/2024,156.351252
5/22/2024,156.54663
5/23/2024,156.532154
5/24/2024,157.084871
5/27/2024,156.847736
5/28/2024,156.717515
5/29/2024,157.262596
5/30/2024,156.726768
5/31/2024,157.132326
6/3/2024,156.880649
6/4/2024,154.891855
6/5/2024,156.107432
6/6/2024,156.226415
6/7/2024,155.551477
6/10/2024,156.879881
6/11/2024,156.999068
6/12/2024,157.315374
6/13/2024,157.251484
6/14/2024,157.027887
6/17/2024,157.869679
6/18/2024,158.10546
6/19/2024,157.949577
6/20/2024,158.428958
6/21/2024,158.888473
6/24/2024,159.524697
6/25/2024,159.454919
6/26/2024,160.370474
6/27/2024,160.489903
6/28/2024,160.616534
7/1/2024,161.144718
7/2/2024,161.53416
7/3/2024,161.907418
7/4/2024,160.962963
7/5/2024,160.809313
7/8/2024,160.932164
7/9/2024,161.087479
7/10/2024,161.468822
7/11/2024,161.575311
7/12/2024,158.741965
7/15/2024,158.008618
7/16/2024,158.365438
7/17/2024,156.584964
7/18/2024,156.468435
7/19/2024,157.58494
7/22/2024,156.869949
7/23/2024,156.206262
7/24/2024,154.157448
7/25/2024,152.631094
7/26/2024,154.548803
7/29/2024,153.86891
7/30/2024,154.850333
7/31/2024,150.314001
8/1/2024,150.764668
8/2/2024,148.93401
8/5/2024,142.23965
8/6/2024,145.020614
8/7/2024,147.060978
8/8/2024,146.148216
8/9/2024,146.862691
8/12/2024,147.597254
8/13/2024,147.443052
8/14/2024,147.000635
8/15/2024,147.252747
8/16/2024,148.008004
8/19/2024,146.019382
8/20/2024,146.319018
8/21/2024,145.969773
8/22/2024,146.061967
8/23/2024,146.003057
8/26/2024,144.172713
8/27/2024,144.454399
8/28/2024,144.436449
8/29/2024,144.62482
8/30/2024,145.386489
9/2/2024,146.96682
9/3/2024,146.135025
9/4/2024,145.031674
9/5/2024,143.462197
9/6/2024,143.141493
9/9/2024,143.557004
9/10/2024,143.060466
9/11/2024,141.809291
9/12/2024,142.538126
9/13/2024,140.934934
9/16/2024,139.906525
9/17/2024,140.685878
9/18/2024,141.981302
9/19/2024,142.999283
9/20/2024,144.259359
9/23/2024,143.520101
9/24/2024,143.84263
9/25/2024,144.264785
9/26/2024,144.132676
9/27/2024,143.063273
9/30/2024,142.74741
10/1/2024,143.757893
10/2/2024,144.756571
10/3/2024,146.734306
10/4/2024,146.604407
10/7/2024,148.08778
10/8/2024,147.960299
10/9/2024,148.735968
10/10/2024,148.966337
10/11/2024,148.966904
10/14/2024,149.693083
10/15/2024,149.362561
10/16/2024,149.18785
10/17/2024,149.549052
10/18/2024,150.041486
10/21/2024,149.995393
10/22/2024,150.836337
10/23/2024,152.93025
10/24/2024,151.948894
10/25/2024,151.916859
10/28/2024,152.689961
10/29/2024,153.75905
10/30/2024,153.407305
10/31/2024,152.821173
11/1/2024,152.080845
11/4/2024,151.751651
11/5/2024,152.271267
11/6/2024,154.324451
11/7/2024,153.648586
11/8/2024,152.413665
11/11/2024,153.807154
11/12/2024,154.196101
11/13/2024,154.962838
11/14/2024,155.928985
11/15/2024,155.305679
11/18/2024,155.174375
11/19/2024,153.819247
11/20/2024,155.671274
11/21/2024,154.408132
11/22/2024,154.475605
11/25/2024,154.016198
11/26/2024,153.136286
11/27/2024,151.600038
11/28/2024,151.669512
11/29/2024,150.198826
12/2/2024,150.128486
12/3/2024,149.638508
12/4/2024,151.15326
12/5/2024,150.398482
12/6/2024,150.505623
12/9/2024,150.832702
12/10/2024,151.743137
12/11/2024,152.612544
12/12/2024,152.130397
12/13/2024,153.498764
12/16/2024,154.057916
12/17/2024,153.977327
12/18/2024,153.887195
12/19/2024,156.873497
12/20/2024,156.775746
12/23/2024,157.182719
12/24/2024,157.046657
12/27/2024,157.786296
12/30/2024,157.573727
12/31/2024,156.954471
1/2/2025,157.000291
1/3/2025,157.073502
1/6/2025,156.579705
1/7/2025,157.663812
1/8/2025,158.409489
1/9/2025,157.748666
1/10/2025,158.055124
1/13/2025,157.109237
1/14/2025,157.764763
1/15/2025,157.038835
1/16/2025,156.211059
1/17/2025,155.593319
1/20/2025,156.417216
1/21/2025,155.701458
1/22/2025,155.817294
1/23/2025,156.26682
1/24/2025,156.512605
1/27/2025,154.045584
1/28/2025,155.320986
1/29/2025,155.348211
1/30/2025,154.109392
1/31/2025,154.902338
2/3/2025,154.633054
2/4/2025,155.316884
2/5/2025,152.801765
2/6/2025,152.46139
2/7/2025,152.038161
2/10/2025,152.054264
2/11/2025,152.344053
2/12/2025,153.539055
2/13/2025,153.792108
2/14/2025,152.786791
2/17/2025,151.503867
2/18/2025,151.766057
2/19/2025,151.82097
2/20/2025,149.956909
2/21/2025,150.46345
2/24/2025,149.828015
2/25/2025,149.747547
2/26/2025,149.423095
2/27/2025,149.59435
2/28/2025,150.763615
3/3/2025,151.294792
3/4/2025,148.242872
3/5/2025,149.700767
3/6/2025,147.499074
3/7/2025,147.692733
3/10/2025,146.970954
3/11/2025,148.020528
3/12/2025,149.026272
3/13/2025,148.328717
3/14/2025,148.663789
3/17/2025,148.821425
3/18/2025,149.752702
3/19/2025,149.830229
3/20/2025,148.481492
3/21/2025,148.693082
3/24/2025,149.805987
3/25/2025,149.949192
3/26/2025,150.352243
3/27/2025,150.718591
3/28/2025,150.634435
3/31/2025,149.422099
4/1/2025,149.175009
4/2/2025,149.236323
4/3/2025,146.138596
4/4/2025,145.211178
4/7/2025,146.421081
4/8/2025,146.712329
4/9/2025,144.508828
4/10/2025,145.533297
4/11/2025,142.843293
4/14/2025,143.245144
4/15/2025,142.926528
4/16/2025,142.747688
4/17/2025,142.588028
4/22/2025,140.336354
4/23/2025,141.638195
4/24/2025,142.54571
4/25/2025,143.347715
4/28/2025,143.335094
4/29/2025,142.688824
4/30/2025,143.040535
5/2/2025,144.52085
5/5/2025,143.868465
5/6/2025,142.728477
5/7/2025,143.389085
5/8/2025,144.684429
5/9/2025,145.183079
5/12/2025,148.082118
5/13/2025,148.137149
5/14/2025,146.254682
5/15/2025,145.999106
5/16/2025,145.658388
5/19/2025,144.96537
5/20/2025,144.640157
5/21/2025,143.768218
5/22/2025,143.416748
5/23/2025,142.580303
5/26/2025,142.896055
5/27/2025,144.170483
5/28/2025,144.411063
5/29/2025,144.907366
5/30/2025,143.716377
6/2/2025,142.727034
6/3/2025,143.158265
6/4/2025,144.193605
6/5/2025,143.272345
6/6/2025,144.264306
6/9/2025,144.50482
6/10/2025,144.570829
6/11/2025,145.34243
6/12/2025,143.729515
6/13/2025,144.14524
6/16/2025,144.193883
6/17/2025,144.666321
6/18/2025,144.829684
6/19/2025,145.669977
6/20/2025,145.610074
6/23/2025,147.550558
6/24/2025,144.972861
6/25/2025,145.775134
6/26/2025,144.437794
6/27/2025,144.600137
6/30/2025,144.343003
7/1/2025,142.845047
7/2/2025,144.151425
7/3/2025,143.931421
7/4/2025,144.403841
7/7/2025,145.55764
7/8/2025,146.526711
7/9/2025,146.717388
7/10/2025,146.323341
7/11/2025,147.059831
7/14/2025,147.365269
7/15/2025,147.94685
7/16/2025,148.732977
7/17/2025,148.786596
7/18/2025,148.446352
7/21/2025,147.441502
7/22/2025,147.166424
7/23/2025,146.281767
7/24/2025,146.495407
7/25/2025,147.654384
7/28/2025,148.146559
7/29/2025,148.773086
7/30/2025,148.312657
7/31/2025,149.851476
8/1/2025,150.482287
8/4/2025,147.384349
8/5/2025,147.600901
8/6/2025,147.552568
8/7/2025,147.384695
8/8/2025,147.819368
8/11/2025,147.87472
8/12/2025,148.457694
8/13/2025,147.271796
8/14/2025,146.5355
8/15/2025,146.99692
8/18/2025,147.579885
8/19/2025,147.808594
8/20/2025,147.429405
8/21/2025,147.856345
8/22/2025,148.690558
8/25/2025,147.354022
8/26/2025,147.366163
8/27/2025,148.046235
8/28/2025,146.865365
8/29/2025,147.297993
9/1/2025,147.221511
9/2/2025,148.634724
9/3/2025,148.605509
9/4/2025,148.330042
9/5/2025,147.978114
9/8/2025,147.842769
9/9/2025,146.764305
9/10/2025,147.492953
9/11/2025,147.950364
9/12/2025,147.917733
9/15/2025,147.356791
9/16/2025,146.989074
9/17/2025,146.388443
9/18/2025,147.436114
9/19/2025,148.082822
9/22/2025,147.839742
9/23/2025,147.799542
9/24/2025,148.443348
9/25/2025,148.820172
9/26/2025,149.751542
9/29/2025,148.75032
9/30/2025,147.994208
10/1/2025,147.108495
10/2/2025,146.784074
10/3/2025,147.349582
10/6/2025,150.042816
10/7/2025,150.908623
10/8/2025,152.68771
10/9/2025,152.786151
10/10/2025,152.541494
10/13/2025,152.113407
10/14/2025,152.099022
10/15/2025,151.548787
10/16/2025,151.283372
10/17/2025,150.415204
10/20/2025,150.759331
10/21/2025,152.020333
10/22/2025,151.825321
10/23/2025,152.626585
10/24/2025,152.90217
10/27/2025,152.860825
10/28/2025,152.287188
10/29/2025,152.174287
10/30/2025,154.4329
10/31/2025,154.18037
11/3/2025,154.220948
11/4/2025,153.502741
11/5/2025,153.733032
11/6/2025,153.602705
11/7/2025,153.092293
11/10/2025,154.100769
11/11/2025,154.177106
11/12/2025,154.794402
11/13/2025,154.548584
11/14/2025,153.863324
11/17/2025,154.895195
11/18/2025,155.25453
11/19/2025,156.133989
11/20/2025,157.608129
11/21/2025,156.736111
11/24/2025,156.981982
11/25/2025,156.194269
11/26/2025,156.422216
11/27/2025,156.31797
11/28/2025,156.12139
12/1/2025,154.799931
12/2/2025,156.07026
12/3/2025,155.365101
12/4/2025,154.765987
12/5/2025,155.225419
12/8/2025,155.546976
12/9/2025,156.363324
12/10/2025,156.713082
12/11/2025,155.583063
12/12/2025,155.988407
12/15/2025,155.126351
12/16/2025,154.611073
12/17/2025,155.587784
12/18/2025,155.772677
12/19/2025,157.231899
12/22/2025,157.318008
12/23/2025,156.024096
12/24/2025,155.959956
12/29/2025,156.357301
12/30/2025,156.060219
12/31/2025,156.67234
1/2/2026,156.932002
1/5/2026,156.83299
1/6/2026,156.43632
1/7/2026,156.547415
1/8/2026,156.719486
1/9/2026,157.636145
1/12/2026,157.731782
1/13/2026,158.846748
1/14/2026,158.630161
1/15/2026,158.559876
1/16/2026,158.104502
1/19/2026,157.93139
1/20/2026,157.895634
1/21/2026,157.790272
1/22/2026,158.790364
1/23/2026,158.158746
1/26/2026,154.207503
1/27/2026,153.340599
1/28/2026,152.6307
1/29/2026,153.308824
1/30/2026,154.031378
2/2/2026,155.059122
2/3/2026,155.851199
2/4/2026,156.641286
2/5/2026,156.899474
2/6/2026,157.08835
2/9/2026,156.192159
2/10/2026,155.128636
2/11/2026,153.605042
2/12/2026,153.713997
2/13/2026,153.28781
2/16/2026,153.34458
2/17/2026,153.103332
2/18/2026,153.642887
2/19/2026,154.896622
2/20/2026,155.205235
2/23/2026,154.820095
2/24/2026,155.83765
2/25/2026,156.73795
2/26/2026,156.060606
2/27/2026,155.976281
3/2/2026,157.454266
3/3/2026,157.659831
3/4/2026,157.112198
3/5/2026,157.540024
3/6/2026,157.918865
3/9/2026,158.502813
3/10/2026,157.778541
3/11/2026,158.561437
3/12/2026,158.855114
3/13/2026,159.33252
3/16/2026,159.139223
3/17/2026,158.954124
3/18/2026,159.556522
3/19/2026,158.812777
3/20/2026,158.771095
3/23/2026,158.554674
3/24/2026,158.92672
3/25/2026,158.963078
3/26/2026,159.623884
3/27/2026,159.902752
3/30/2026,159.456635
3/31/2026,159.497304
4/1/2026,158.31969
4/2/2026,159.600868
4/7/2026,159.84252
4/8/2026,158.149667
4/9/2026,158.921694
4/10/2026,159.192212
4/13/2026,159.833961
4/14/2026,158.848469
4/15/2026,159.091681
4/16/2026,158.9798
4/17/2026,159.125201
4/20/2026,158.911565
4/21/2026,159.037988
4/22/2026,159.217591
4/23/2026,159.483496
4/24/2026,159.417691
4/27/2026,159.21355
4/28/2026,159.743151
4/29/2026,159.789851
4/30/2026,156.562981
5/4/2026,157.119658
5/5/2026,157.812767
5/6/2026,156.214929
5/7/2026,156.389125
5/8/2026,156.763881
5/11/2026,157.135572
5/12/2026,157.590731
5/13/2026,157.772087
5/14/2026,157.947359
5/15/2026,158.548332
5/18/2026,158.765453
5/19/2026,159.113597
5/20/2026,159.034483
5/21/2026,159.14303
5/22/2026,159.146184
5/25/2026,158.928111
5/26/2026,159.205776
5/27/2026,159.422532
5/28/2026,159.45597
5/29/2026,159.266575
6/1/2026,159.488236
6/2/2026,159.747618
6/3/2026,159.858791
6/4/2026,159.802405
6/5/2026,159.862543
6/8/2026,159.965338
6/9/2026,160.157263
6/10/2026,160.49051
6/11/2026,160.535668
6/12/2026,160.197112
6/15/2026,160.187818
6/16/2026,160.376057
6/17/2026,160.314037
6/18/2026,160.928366
6/19/2026,161.227871
6/22/2026,161.775489
6/23/2026,161.53441
6/24/2026,161.684303
6/25/2026,161.849762
6/26/2026,161.652487
6/29/2026,161.862178
6/30/2026,162.43637
7/1/2026,162.707546
7/2/2026,161.58435
7/3/2026,161.146052
7/6/2026,162.339028
7/7/2026,161.891017
7/8/2026,162.486847
7/9/2026,162.413642
7/10/2026,161.872266
7/13/2026,162.141106
7/14/2026,162.218325
7/15/2026,162.388217
7/16/2026,162.195866
7/17/2026,162.352427
7/20/2026,162.384036
7/21/2026,162.743037
7/22/2026,163.069776
7/23/2026,163.474368
7/24/2026,163.821746
7/27/2026,163.640355
7/28/2026,163.913082
7/29/2026,163.681898
7/30/2026,162.940049
7/31/2026,160.235089
8/3/2026,156.679671
8/4/2026,157.412071
8/5/2026,157.590445
8/6/2026,157.832265
8/7/2026,158.335501
8/10/2026,158.641281
8/11/2026,159.202773
8/12/2026,159.090515
8/13/2026,159.328941
8/14/2026,159.012709
8/17/2026,159.225395
8/18/2026,159.701106
8/19/2026,159.086601
8/20/2026,158.762092
8/21/2026,158.697325
8/24/2026,159.122085
8/25/2026,159.235123
8/26/2026,159.071043
8/27/2026,159.390296
8/28/2026,159.68393
8/31/2026,159.727492
9/1/2026,160.163934
9/2/2026,159.595785
9/3/2026,156.013775
9/4/2026,156.246773
9/7/2026,154.749613
9/8/2026,154.296539
9/9/2026,153.269825
9/10/2026,154.175275
9/11/2026,154.037267
9/14/2026,154.54939
9/15/2026,155.004766
