Day,Value-ZAR
1/2/2015,11.661131
1/5/2015,11.72799
1/6/2015,11.73166
1/7/2015,11.713972
1/8/2015,11.634262
1/9/2015,11.568188
1/12/2015,11.526262
1/13/2015,11.499491
1/14/2015,11.502081
1/15/2015,11.450034
1/16/2015,11.566275
1/19/2015,11.651271
1/20/2015,11.626306
1/21/2015,11.545415
1/22/2015,11.479342
1/23/2015,11.469012
1/26/2015,11.479278
1/27/2015,11.593844
1/28/2015,11.566643
1/29/2015,11.624481
1/30/2015,11.59027
2/2/2015,11.576835
2/3/2015,11.45552
2/4/2015,11.421457
2/5/2015,11.378615
2/6/2015,11.311785
2/9/2015,11.577738
2/10/2015,11.635213
2/11/2015,11.826498
2/12/2015,11.80791
2/13/2015,11.723926
2/16/2015,11.632013
2/17/2015,11.595007
2/18/2015,11.688445
2/19/2015,11.644507
2/20/2015,11.655249
2/23/2015,11.711011
2/24/2015,11.607521
2/25/2015,11.479817
2/26/2015,11.432447
2/27/2015,11.62669
3/2/2015,11.707669
3/3/2015,11.792264
3/4/2015,11.782722
3/5/2015,11.759238
3/6/2015,11.779075
3/9/2015,12.08849
3/10/2015,12.280592
3/11/2015,12.294857
3/12/2015,12.214454
3/13/2015,12.465759
3/16/2015,12.400966
3/17/2015,12.393982
3/18/2015,12.372356
3/19/2015,12.252037
3/20/2015,12.12203
3/23/2015,11.971499
3/24/2015,11.837443
3/25/2015,11.795539
3/26/2015,11.864486
3/27/2015,12.021371
3/30/2015,12.120424
3/31/2015,12.205967
4/1/2015,12.088424
4/2/2015,11.999077
4/7/2015,11.832304
4/8/2015,11.782545
4/9/2015,11.788194
4/10/2015,12.059035
4/13/2015,12.154852
4/14/2015,12.126089
4/15/2015,12.153039
4/16/2015,12.051256
4/17/2015,11.946736
4/20/2015,12.100065
4/21/2015,12.109907
4/22/2015,12.134134
4/23/2015,12.254085
4/24/2015,12.182465
4/27/2015,12.109222
4/28/2015,11.907019
4/29/2015,11.878022
4/30/2015,11.806777
5/4/2015,12.050753
5/5/2015,12.048035
5/6/2015,12.034016
5/7/2015,11.996196
5/8/2015,12.054808
5/11/2015,11.98923
5/12/2015,12.129816
5/13/2015,11.981998
5/14/2015,11.833523
5/15/2015,11.867761
5/18/2015,11.858021
5/19/2015,11.855098
5/20/2015,11.897913
5/21/2015,11.776969
5/22/2015,11.782784
5/25/2015,11.936054
5/26/2015,12.012447
5/27/2015,12.116358
5/28/2015,12.114629
5/29/2015,12.161258
6/1/2015,12.254751
6/2/2015,12.259226
6/3/2015,12.258757
6/4/2015,12.337634
6/5/2015,12.402032
6/8/2015,12.584035
6/9/2015,12.434528
6/10/2015,12.368029
6/11/2015,12.428864
6/12/2015,12.413458
6/15/2015,12.423961
6/16/2015,12.448239
6/17/2015,12.432485
6/18/2015,12.176166
6/19/2015,12.26728
6/22/2015,12.156016
6/23/2015,12.184398
6/24/2015,12.125033
6/25/2015,12.102891
6/26/2015,12.177468
6/29/2015,12.254918
6/30/2015,12.191974
7/1/2015,12.191712
7/2/2015,12.353696
7/3/2015,12.289023
7/6/2015,12.421057
7/7/2015,12.479005
7/8/2015,12.515784
7/9/2015,12.456034
7/10/2015,12.411802
7/13/2015,12.48846
7/14/2015,12.400961
7/15/2015,12.352257
7/16/2015,12.417226
7/17/2015,12.323538
7/20/2015,12.410984
7/21/2015,12.394957
7/22/2015,12.375894
7/23/2015,12.428584
7/24/2015,12.632965
7/27/2015,12.686471
7/28/2015,12.561542
7/29/2015,12.540073
7/30/2015,12.684801
7/31/2015,12.693535
8/3/2015,12.718199
8/4/2015,12.656065
8/5/2015,12.770651
8/6/2015,12.761139
8/7/2015,12.699753
8/10/2015,12.725821
8/11/2015,12.720941
8/12/2015,12.745226
8/13/2015,12.800882
8/14/2015,12.794468
8/17/2015,12.913514
8/18/2015,12.915642
8/19/2015,12.900824
8/20/2015,12.945989
8/21/2015,12.941317
8/24/2015,13.2672
8/25/2015,13.055015
8/26/2015,13.067532
8/27/2015,13.11698
8/28/2015,13.236244
8/31/2015,13.334463
9/1/2015,13.385813
9/2/2015,13.458907
9/3/2015,13.615015
9/4/2015,13.62399
9/7/2015,13.915485
9/8/2015,13.815624
9/9/2015,13.670527
9/10/2015,13.856594
9/11/2015,13.568246
9/14/2015,13.582043
9/15/2015,13.477739
9/16/2015,13.359458
9/17/2015,13.385697
9/18/2015,13.220247
9/21/2015,13.339644
9/22/2015,13.674765
9/23/2015,13.658027
9/24/2015,13.998043
9/25/2015,13.737243
9/28/2015,14.031155
9/29/2015,13.906819
9/30/2015,13.834152
10/1/2015,13.852327
10/2/2015,13.897939
10/5/2015,13.589979
10/6/2015,13.685584
10/7/2015,13.375644
10/8/2015,13.466856
10/9/2015,13.261222
10/12/2015,13.272575
10/13/2015,13.457007
10/14/2015,13.417528
10/15/2015,13.109275
10/16/2015,13.146039
10/19/2015,13.192359
10/20/2015,13.199596
10/21/2015,13.426458
10/22/2015,13.524883
10/23/2015,13.443432
10/26/2015,13.570974
10/27/2015,13.74288
10/28/2015,13.579702
10/29/2015,13.837786
10/30/2015,13.81701
11/2/2015,13.764594
11/3/2015,13.897777
11/4/2015,13.816187
11/5/2015,13.886153
11/6/2015,13.94827
11/9/2015,14.25297
11/10/2015,14.351228
11/11/2015,14.184957
11/12/2015,14.257785
11/13/2015,14.349591
11/16/2015,14.38963
11/17/2015,14.237582
11/18/2015,14.207482
11/19/2015,14.204735
11/20/2015,13.927957
11/23/2015,14.020882
11/24/2015,14.065158
11/25/2015,14.090119
11/26/2015,14.225028
11/27/2015,14.318526
11/30/2015,14.452595
12/1/2015,14.468019
12/2/2015,14.336035
12/3/2015,14.313185
12/4/2015,14.426252
12/7/2015,14.487279
12/8/2015,14.668322
12/9/2015,14.577004
12/10/2015,15.273965
12/11/2015,15.88621
12/14/2015,15.300464
12/15/2015,14.942038
12/16/2015,15.065215
12/17/2015,14.998616
12/18/2015,15.042267
12/21/2015,15.097976
12/22/2015,15.134039
12/23/2015,15.262917
12/24/2015,15.186992
12/28/2015,15.249316
12/29/2015,15.302958
12/30/2015,15.453688
12/31/2015,15.571783
1/4/2016,15.558635
1/5/2016,15.600503
1/6/2016,15.82871
1/7/2016,16.101123
1/8/2016,16.008655
1/11/2016,16.575496
1/12/2016,16.587025
1/13/2016,16.489737
1/14/2016,16.567979
1/15/2016,16.699102
1/18/2016,16.790488
1/19/2016,16.66498
1/20/2016,16.768681
1/21/2016,16.657762
1/22/2016,16.482513
1/25/2016,16.512252
1/26/2016,16.506505
1/27/2016,16.33018
1/28/2016,16.306063
1/29/2016,16.018956
2/1/2016,16.080393
2/2/2016,16.099276
2/3/2016,16.184945
2/4/2016,15.854899
2/5/2016,15.852883
2/8/2016,16.204396
2/9/2016,16.194375
2/10/2016,15.846051
2/11/2016,15.852384
2/12/2016,15.893038
2/15/2016,15.752594
2/16/2016,15.732491
2/17/2016,15.653736
2/18/2016,15.396698
2/19/2016,15.445205
2/22/2016,15.280791
2/23/2016,15.124614
2/24/2016,15.540934
2/25/2016,15.566972
2/26/2016,15.675813
2/29/2016,16.032605
3/1/2016,15.822664
3/2/2016,15.668478
3/3/2016,15.709109
3/4/2016,15.613036
3/7/2016,15.370949
3/8/2016,15.368607
3/9/2016,15.378474
3/10/2016,15.072304
3/11/2016,15.241028
3/14/2016,15.400935
3/15/2016,15.853542
3/16/2016,16.212491
3/17/2016,15.395456
3/18/2016,15.251707
3/21/2016,15.300151
3/22/2016,15.336247
3/23/2016,15.350013
3/24/2016,15.497041
3/29/2016,15.468644
3/30/2016,14.935447
3/31/2016,14.744488
4/1/2016,14.761896
4/4/2016,14.657293
4/5/2016,14.972024
4/6/2016,15.243913
4/7/2016,15.238472
4/8/2016,15.06838
4/11/2016,14.74583
4/12/2016,14.689014
4/13/2016,14.723137
4/14/2016,14.569677
4/15/2016,14.571429
4/18/2016,14.599416
4/19/2016,14.284933
4/20/2016,14.203621
4/21/2016,14.178688
4/22/2016,14.369706
4/25/2016,14.483398
4/26/2016,14.484983
4/27/2016,14.466071
4/28/2016,14.379996
4/29/2016,14.168815
5/2/2016,14.184895
5/3/2016,14.462443
5/4/2016,14.782442
5/5/2016,14.927092
5/6/2016,14.96097
5/9/2016,15.105485
5/10/2016,15.227692
5/11/2016,15.140415
5/12/2016,14.990956
5/13/2016,15.168488
5/16/2016,15.569587
5/17/2016,15.600018
5/18/2016,15.884032
5/19/2016,15.848263
5/20/2016,15.747304
5/23/2016,15.619527
5/24/2016,15.62509
5/25/2016,15.678181
5/26/2016,15.595004
5/27/2016,15.625358
5/30/2016,15.770985
5/31/2016,15.76681
6/1/2016,15.695722
6/2/2016,15.592957
6/3/2016,15.579882
6/6/2016,14.985021
6/7/2016,14.865615
6/8/2016,14.731236
6/9/2016,14.825002
6/10/2016,15.090587
6/13/2016,15.175719
6/14/2016,15.355724
6/15/2016,15.228495
6/16/2016,15.414355
6/17/2016,15.213968
6/20/2016,14.820067
6/21/2016,14.675977
6/22/2016,14.692015
6/23/2016,14.45702
6/24/2016,15.120007
6/27/2016,15.325605
6/28/2016,15.247088
6/29/2016,14.969883
6/30/2016,14.813637
7/1/2016,14.574495
7/4/2016,14.492368
7/5/2016,14.75148
7/6/2016,14.889782
7/7/2016,14.660018
7/8/2016,14.696206
7/11/2016,14.442302
7/12/2016,14.303732
7/13/2016,14.333002
7/14/2016,14.211975
7/15/2016,14.348311
7/18/2016,14.266263
7/19/2016,14.32696
7/20/2016,14.282757
7/21/2016,14.292601
7/22/2016,14.247322
7/25/2016,14.273812
7/26/2016,14.428662
7/27/2016,14.291784
7/28/2016,14.244184
7/29/2016,14.154684
8/1/2016,13.894751
8/2/2016,13.97016
8/3/2016,13.980446
8/4/2016,13.739045
8/5/2016,13.673001
8/8/2016,13.64517
8/9/2016,13.54685
8/10/2016,13.276288
8/11/2016,13.366807
8/12/2016,13.506005
8/15/2016,13.358318
8/16/2016,13.23807
8/17/2016,13.454062
8/18/2016,13.358096
8/19/2016,13.510419
8/22/2016,13.587918
8/23/2016,13.474998
8/24/2016,14.14448
8/25/2016,14.130027
8/26/2016,14.049779
8/29/2016,14.529991
8/30/2016,14.374731
8/31/2016,14.528476
9/1/2016,14.670016
9/2/2016,14.523988
9/5/2016,14.352456
9/6/2016,14.204947
9/7/2016,14.027498
9/8/2016,13.903771
9/9/2016,14.324104
9/12/2016,14.480937
9/13/2016,14.298124
9/14/2016,14.331966
9/15/2016,14.21699
9/16/2016,14.135044
9/19/2016,14.029288
9/20/2016,13.87196
9/21/2016,13.712018
9/22/2016,13.487008
9/23/2016,13.58748
9/26/2016,13.672971
9/27/2016,13.55
9/28/2016,13.585033
9/29/2016,13.790215
9/30/2016,13.908969
10/3/2016,13.584995
10/4/2016,13.603978
10/5/2016,13.74418
10/6/2016,13.819759
10/7/2016,13.880521
10/10/2016,13.848566
10/11/2016,14.26302
10/12/2016,14.394011
10/13/2016,14.29634
10/14/2016,14.206781
10/17/2016,14.238039
10/18/2016,14.046484
10/19/2016,13.903816
10/20/2016,13.910656
10/21/2016,14.031876
10/24/2016,13.879993
10/25/2016,13.833977
10/26/2016,13.750023
10/27/2016,13.857509
10/28/2016,13.881157
10/31/2016,13.564955
11/1/2016,13.495692
11/2/2016,13.377467
11/3/2016,13.462129
11/4/2016,13.532949
11/7/2016,13.455523
11/8/2016,13.34644
11/9/2016,13.454999
11/10/2016,13.864525
11/11/2016,14.221662
11/14/2016,14.388234
11/15/2016,14.183
11/16/2016,14.333489
11/17/2016,14.270038
11/18/2016,14.374824
11/21/2016,14.220017
11/22/2016,14.05689
11/23/2016,14.139974
11/24/2016,14.228764
11/25/2016,14.135008
11/28/2016,13.884964
11/29/2016,13.989977
11/30/2016,14.00047
12/1/2016,14.074998
12/2/2016,14.081282
12/5/2016,13.840871
12/6/2016,13.613005
12/7/2016,13.563001
12/8/2016,13.674224
12/9/2016,13.774979
12/12/2016,13.726029
12/13/2016,13.687088
12/14/2016,13.670425
12/15/2016,14.040023
12/16/2016,13.974135
12/19/2016,14.075034
12/20/2016,14.068506
12/21/2016,13.949333
12/22/2016,14.056971
12/23/2016,14.010435
12/27/2016,13.958066
12/28/2016,13.89626
12/29/2016,13.672821
12/30/2016,13.715018
1/2/2017,13.728619
1/3/2017,13.754454
1/4/2017,13.64463
1/5/2017,13.640987
1/6/2017,13.615922
1/9/2017,13.705496
1/10/2017,13.700483
1/11/2017,13.781015
1/12/2017,13.43534
1/13/2017,13.514867
1/16/2017,13.612611
1/17/2017,13.475197
1/18/2017,13.562641
1/19/2017,13.5973
1/20/2017,13.623965
1/23/2017,13.55651
1/24/2017,13.364626
1/25/2017,13.27255
1/26/2017,13.374019
1/27/2017,13.525981
1/30/2017,13.594544
1/31/2017,13.430033
2/1/2017,13.423262
2/2/2017,13.392117
2/3/2017,13.42631
2/6/2017,13.29593
2/7/2017,13.437283
2/8/2017,13.423535
2/9/2017,13.410026
2/10/2017,13.347069
2/13/2017,13.341707
2/14/2017,13.097995
2/15/2017,13.046045
2/16/2017,12.940011
2/17/2017,13.085164
2/20/2017,13.110023
2/21/2017,13.159913
2/22/2017,13.105013
2/23/2017,12.879977
2/24/2017,12.915072
2/27/2017,12.955039
2/28/2017,13.014061
3/1/2017,13.082028
3/2/2017,13.106239
3/3/2017,13.082821
3/6/2017,12.995091
3/7/2017,12.957451
3/8/2017,13.064418
3/9/2017,13.266894
3/10/2017,13.264284
3/13/2017,13.138985
3/14/2017,13.160004
3/15/2017,13.053003
3/16/2017,12.704643
3/17/2017,12.759989
3/20/2017,12.675967
3/21/2017,12.573783
3/22/2017,12.594985
3/23/2017,12.510013
3/24/2017,12.477186
3/27/2017,12.637524
3/28/2017,12.940234
3/29/2017,13.138723
3/30/2017,12.86812
3/31/2017,13.319989
4/3/2017,13.554638
4/4/2017,13.761994
4/5/2017,13.703596
4/6/2017,13.803581
4/7/2017,13.813735
4/10/2017,13.889015
4/11/2017,13.836756
4/12/2017,13.69024
4/13/2017,13.528222
4/18/2017,13.3871
4/19/2017,13.29697
4/20/2017,13.148627
4/21/2017,13.141428
4/24/2017,12.96451
4/25/2017,13.044808
4/26/2017,13.23584
4/27/2017,13.359158
4/28/2017,13.256999
5/2/2017,13.274027
5/3/2017,13.34646
5/4/2017,13.543608
5/5/2017,13.584344
5/8/2017,13.575974
5/9/2017,13.665044
5/10/2017,13.489983
5/11/2017,13.366206
5/12/2017,13.454947
5/15/2017,13.19887
5/16/2017,13.137445
5/17/2017,13.091032
5/18/2017,13.528709
5/19/2017,13.263619
5/22/2017,13.181357
5/23/2017,13.203745
5/24/2017,12.95247
5/25/2017,12.895042
5/26/2017,12.871383
5/29/2017,12.947533
5/30/2017,13.146961
5/31/2017,13.133767
6/1/2017,13.050004
6/2/2017,12.870375
6/5/2017,12.740421
6/6/2017,12.84873
6/7/2017,12.865026
6/8/2017,12.866328
6/9/2017,12.884932
6/12/2017,12.811425
6/13/2017,12.774984
6/14/2017,12.737392
6/15/2017,12.871485
6/16/2017,12.880004
6/19/2017,12.978748
6/20/2017,13.102008
6/21/2017,13.03086
6/22/2017,13.000627
6/23/2017,12.935738
6/26/2017,12.880039
6/27/2017,12.907608
6/28/2017,13.018022
6/29/2017,12.990537
6/30/2017,13.073957
7/3/2017,13.187264
7/4/2017,13.228398
7/5/2017,13.352193
7/6/2017,13.480018
7/7/2017,13.37592
7/10/2017,13.359972
7/11/2017,13.55502
7/12/2017,13.394969
7/13/2017,13.222475
7/14/2017,13.168025
7/17/2017,12.943553
7/18/2017,12.935006
7/19/2017,12.910431
7/20/2017,12.975185
7/21/2017,12.934118
7/24/2017,12.956387
7/25/2017,13.011886
7/26/2017,13.053762
7/27/2017,12.963913
7/28/2017,13.028476
7/31/2017,13.107871
8/1/2017,13.284964
8/2/2017,13.281004
8/3/2017,13.290725
8/4/2017,13.335608
8/7/2017,13.364499
8/8/2017,13.165143
8/9/2017,13.481459
8/10/2017,13.360041
8/11/2017,13.492648
8/14/2017,13.271255
8/15/2017,13.325869
8/16/2017,13.234415
8/17/2017,13.202103
8/18/2017,13.224617
8/21/2017,13.205
8/22/2017,13.202532
8/23/2017,13.265022
8/24/2017,13.208199
8/25/2017,13.168022
8/28/2017,13.045031
8/29/2017,12.975017
8/30/2017,13.054968
8/31/2017,13.07129
9/1/2017,12.934983
9/4/2017,12.943889
9/5/2017,12.943314
9/6/2017,12.904618
9/7/2017,12.81121
9/8/2017,12.862687
9/11/2017,12.931316
9/12/2017,12.972429
9/13/2017,13.1142
9/14/2017,13.17703
9/15/2017,13.17504
9/18/2017,13.215015
9/19/2017,13.318243
9/20/2017,13.247106
9/21/2017,13.346409
9/22/2017,13.239612
9/25/2017,13.275386
9/26/2017,13.347671
9/27/2017,13.547568
9/28/2017,13.515792
9/29/2017,13.504997
10/2/2017,13.635984
10/3/2017,13.715902
10/4/2017,13.560024
10/5/2017,13.628002
10/6/2017,13.726403
10/9/2017,13.791078
10/10/2017,13.688565
10/11/2017,13.569315
10/12/2017,13.502952
10/13/2017,13.382472
10/16/2017,13.316021
10/17/2017,13.434561
10/18/2017,13.532982
10/19/2017,13.544195
10/20/2017,13.684126
10/23/2017,13.689182
10/24/2017,13.722983
10/25/2017,13.828596
10/26/2017,14.242321
10/27/2017,14.205515
10/30/2017,14.068291
10/31/2017,14.121155
11/1/2017,14.115915
11/2/2017,13.987033
11/3/2017,14.126791
11/6/2017,14.201726
11/7/2017,14.172029
11/8/2017,14.186109
11/9/2017,14.213758
11/10/2017,14.380041
11/13/2017,14.557996
11/14/2017,14.383312
11/15/2017,14.376014
11/16/2017,14.276612
11/17/2017,14.013141
11/20/2017,14.055004
11/21/2017,14.079962
11/22/2017,13.881181
11/23/2017,13.876266
11/24/2017,13.993685
11/27/2017,13.728497
11/28/2017,13.740074
11/29/2017,13.676926
11/30/2017,13.60984
12/1/2017,13.706942
12/4/2017,13.630004
12/5/2017,13.512028
12/6/2017,13.526868
12/7/2017,13.651536
12/8/2017,13.659598
12/11/2017,13.616311
12/12/2017,13.611763
12/13/2017,13.622018
12/14/2017,13.468974
12/15/2017,13.366847
12/18/2017,12.858075
12/19/2017,12.734331
12/20/2017,12.673027
12/21/2017,12.720971
12/22/2017,12.704463
12/27/2017,12.451282
12/28/2017,12.344981
12/29/2017,12.345035
1/2/2018,12.349772
1/3/2018,12.380022
1/4/2018,12.306258
1/5/2018,12.360814
1/8/2018,12.43832
1/9/2018,12.348307
1/10/2018,12.442795
1/11/2018,12.461014
1/12/2018,12.398533
1/15/2018,12.302191
1/16/2018,12.262469
1/17/2018,12.335
1/18/2018,12.262771
1/19/2018,12.203427
1/22/2018,12.100008
1/23/2018,12.127602
1/24/2018,11.965916
1/25/2018,11.897638
1/26/2018,11.891525
1/29/2018,11.976331
1/30/2018,11.913614
1/31/2018,11.86642
2/1/2018,11.898627
2/2/2018,11.974063
2/5/2018,12.028537
2/6/2018,12.062535
2/7/2018,11.966283
2/8/2018,12.080232
2/9/2018,12.120997
2/12/2018,11.964527
2/13/2018,11.982486
2/14/2018,11.818756
2/15/2018,11.655087
2/16/2018,11.660061
2/19/2018,11.653022
2/20/2018,11.743598
2/21/2018,11.644981
2/22/2018,11.716764
2/23/2018,11.565087
2/26/2018,11.593019
2/27/2018,11.655963
2/28/2018,11.763304
3/1/2018,11.929998
3/2/2018,11.945094
3/5/2018,11.877468
3/6/2018,11.719362
3/7/2018,11.904244
3/8/2018,11.888737
3/9/2018,11.89952
3/12/2018,11.848724
3/13/2018,11.777912
3/14/2018,11.762794
3/15/2018,11.856576
3/16/2018,11.942037
3/19/2018,12.09814
3/20/2018,11.957315
3/21/2018,11.987058
3/22/2018,11.832088
3/23/2018,11.761218
3/26/2018,11.678108
3/27/2018,11.683743
3/28/2018,11.697774
3/29/2018,11.866732
4/3/2018,11.822961
4/4/2018,11.919844
4/5/2018,11.926509
4/6/2018,12.077571
4/9/2018,12.123049
4/10/2018,12.056306
4/11/2018,12.086402
4/12/2018,11.996916
4/13/2018,12.053016
4/16/2018,12.083023
4/17/2018,12.016833
4/18/2018,11.961172
4/19/2018,11.937732
4/20/2018,12.024372
4/23/2018,12.22422
4/24/2018,12.336281
4/25/2018,12.508412
4/26/2018,12.387985
4/27/2018,12.397432
4/30/2018,12.428264
5/2/2018,12.603981
5/3/2018,12.625
5/4/2018,12.627204
5/7/2018,12.580239
5/8/2018,12.56369
5/9/2018,12.572691
5/10/2018,12.379273
5/11/2018,12.277107
5/14/2018,12.256089
5/15/2018,12.487503
5/16/2018,12.5241
5/17/2018,12.537823
5/18/2018,12.683983
5/21/2018,12.871163
5/22/2018,12.549432
5/23/2018,12.646225
5/24/2018,12.452507
5/25/2018,12.500043
5/28/2018,12.450962
5/29/2018,12.672175
5/30/2018,12.564993
5/31/2018,12.567826
6/1/2018,12.710001
6/4/2018,12.529011
6/5/2018,12.696274
6/6/2018,12.785465
6/7/2018,12.787513
6/8/2018,13.086694
6/11/2018,13.145971
6/12/2018,13.164489
6/13/2018,13.252975
6/14/2018,13.10503
6/15/2018,13.423508
6/18/2018,13.456902
6/19/2018,13.863621
6/20/2018,13.678269
6/21/2018,13.65748
6/22/2018,13.492874
6/25/2018,13.528376
6/26/2018,13.556546
6/27/2018,13.68354
6/28/2018,13.86696
6/29/2018,13.765998
7/2/2018,13.807887
7/3/2018,13.69207
7/4/2018,13.71139
7/5/2018,13.554958
7/6/2018,13.595019
7/9/2018,13.310289
7/10/2018,13.432169
7/11/2018,13.481892
7/12/2018,13.423229
7/13/2018,13.328781
7/16/2018,13.181997
7/17/2018,13.272059
7/18/2018,13.354578
7/19/2018,13.462461
7/20/2018,13.458955
7/23/2018,13.503329
7/24/2018,13.330002
7/25/2018,13.210094
7/26/2018,13.19213
7/27/2018,13.244473
7/30/2018,13.181017
7/31/2018,13.09441
8/1/2018,13.264791
8/2/2018,13.447362
8/3/2018,13.364601
8/6/2018,13.425193
8/7/2018,13.288571
8/8/2018,13.427129
8/9/2018,13.495213
8/10/2018,13.902933
8/13/2018,14.366483
8/14/2018,14.189374
8/15/2018,14.637311
8/16/2018,14.585312
8/17/2018,14.921078
8/20/2018,14.585026
8/21/2018,14.444966
8/22/2018,14.273674
8/23/2018,14.224458
8/24/2018,14.25
8/27/2018,14.309636
8/28/2018,14.166866
8/29/2018,14.423328
8/30/2018,14.548409
8/31/2018,14.739336
9/3/2018,14.880954
9/4/2018,15.239318
9/5/2018,15.533241
9/6/2018,15.32001
9/7/2018,15.112355
9/10/2018,15.169994
9/11/2018,15.092189
9/12/2018,15.051187
9/13/2018,14.762909
9/14/2018,14.829156
9/17/2018,14.970011
9/18/2018,14.925109
9/19/2018,14.657067
9/20/2018,14.469963
9/21/2018,14.364997
9/24/2018,14.235199
9/25/2018,14.374968
9/26/2018,14.298969
9/27/2018,14.107115
9/28/2018,14.205857
10/1/2018,14.158711
10/2/2018,14.38205
10/3/2018,14.377468
10/4/2018,14.676839
10/5/2018,14.75352
10/8/2018,14.864088
10/9/2018,15.02606
10/10/2018,14.629826
10/11/2018,14.596803
10/12/2018,14.428892
10/15/2018,14.43131
10/16/2018,14.24562
10/17/2018,14.264614
10/18/2018,14.263711
10/19/2018,14.341674
10/22/2018,14.290064
10/23/2018,14.35433
10/24/2018,14.352006
10/25/2018,14.480992
10/26/2018,14.719436
10/29/2018,14.476847
10/30/2018,14.622846
10/31/2018,14.838487
11/1/2018,14.572193
11/2/2018,14.340019
11/5/2018,14.356201
11/6/2018,14.206423
11/7/2018,13.947593
11/8/2018,13.969713
11/9/2018,14.267936
11/12/2018,14.367599
11/13/2018,14.43069
11/14/2018,14.343573
11/15/2018,14.262539
11/16/2018,14.206328
11/19/2018,14.012602
11/20/2018,14.064355
11/21/2018,13.938119
11/22/2018,13.77199
11/23/2018,13.874824
11/26/2018,13.845111
11/27/2018,13.799435
11/28/2018,13.939383
11/29/2018,13.627997
11/30/2018,13.756317
12/3/2018,13.685492
12/4/2018,13.611359
12/5/2018,13.771887
12/6/2018,14.077791
12/7/2018,14.130068
12/10/2018,14.307484
12/11/2018,14.316109
12/12/2018,14.231888
12/13/2018,14.178788
12/14/2018,14.371821
12/17/2018,14.356053
12/18/2018,14.336468
12/19/2018,14.25708
12/20/2018,14.199633
12/21/2018,14.434291
12/24/2018,14.62798
12/27/2018,14.521227
12/28/2018,14.362319
12/31/2018,14.375022
1/2/2019,14.484075
1/3/2019,14.465016
1/4/2019,14.134438
1/7/2019,13.861424
1/8/2019,14.01792
1/9/2019,13.979572
1/10/2019,13.847508
1/11/2019,13.839764
1/14/2019,13.884887
1/15/2019,13.819765
1/16/2019,13.704978
1/17/2019,13.771499
1/18/2019,13.785915
1/21/2019,13.866485
1/22/2019,13.890699
1/23/2019,13.871734
1/24/2019,13.787144
1/25/2019,13.652389
1/28/2019,13.650552
1/29/2019,13.619331
1/30/2019,13.60434
1/31/2019,13.267758
2/1/2019,13.325865
2/4/2019,13.40498
2/5/2019,13.374157
2/6/2019,13.460769
2/7/2019,13.633583
2/8/2019,13.609818
2/11/2019,13.736316
2/12/2019,13.767794
2/13/2019,13.875807
2/14/2019,14.170039
2/15/2019,14.121758
2/18/2019,14.101607
2/19/2019,14.166814
2/20/2019,14.138071
2/21/2019,13.963273
2/22/2019,14.005033
2/25/2019,13.877851
2/26/2019,13.864977
2/27/2019,13.862463
2/28/2019,13.969779
3/1/2019,14.181323
3/4/2019,14.242128
3/5/2019,14.168329
3/6/2019,14.2046
3/7/2019,14.330051
3/8/2019,14.527001
3/11/2019,14.364995
3/12/2019,14.295876
3/13/2019,14.331328
3/14/2019,14.503763
3/15/2019,14.483728
3/18/2019,14.377831
3/19/2019,14.415038
3/20/2019,14.425137
3/21/2019,14.194784
3/22/2019,14.375243
3/25/2019,14.392671
3/26/2019,14.367018
3/27/2019,14.586005
3/28/2019,14.703334
3/29/2019,14.476368
4/1/2019,14.166518
4/2/2019,14.13
4/3/2019,14.152806
4/4/2019,14.150816
4/5/2019,14.072643
4/8/2019,14.099413
4/9/2019,14.029884
4/10/2019,13.95434
4/11/2019,14.004972
4/12/2019,13.92377
4/15/2019,13.983205
4/16/2019,14.046617
4/17/2019,13.969737
4/18/2019,14.087289
4/23/2019,14.200622
4/24/2019,14.357035
4/25/2019,14.530972
4/26/2019,14.414893
4/29/2019,14.345022
4/30/2019,14.28276
5/2/2019,14.464681
5/3/2019,14.52909
5/6/2019,14.5146
5/7/2019,14.413858
5/8/2019,14.344849
5/9/2019,14.333244
5/10/2019,14.226358
5/13/2019,14.305736
5/14/2019,14.230002
5/15/2019,14.273451
5/16/2019,14.152905
5/17/2019,14.381221
5/20/2019,14.363034
5/21/2019,14.417077
5/22/2019,14.367917
5/23/2019,14.447886
5/24/2019,14.441226
5/27/2019,14.456867
5/28/2019,14.608113
5/29/2019,14.814987
5/30/2019,14.641818
5/31/2019,14.692315
6/3/2019,14.565042
6/4/2019,14.655905
6/5/2019,14.736608
6/6/2019,14.869785
6/7/2019,15.051983
6/10/2019,14.865322
6/11/2019,14.765018
6/12/2019,14.760134
6/13/2019,14.870759
6/14/2019,14.782867
6/17/2019,14.817785
6/18/2019,14.640386
6/19/2019,14.517088
6/20/2019,14.266295
6/21/2019,14.331743
6/24/2019,14.331666
6/25/2019,14.302863
6/26/2019,14.328639
6/27/2019,14.15066
6/28/2019,14.166784
7/1/2019,14.117191
7/2/2019,14.122113
7/3/2019,14.113787
7/4/2019,13.98556
7/5/2019,14.108792
7/8/2019,14.160767
7/9/2019,14.164391
7/10/2019,14.159982
7/11/2019,13.867966
7/12/2019,13.958233
7/15/2019,13.862366
7/16/2019,13.874098
7/17/2019,13.964423
7/18/2019,13.991797
7/19/2019,13.929182
7/22/2019,13.892287
7/23/2019,13.872013
7/24/2019,13.914183
7/25/2019,13.916239
7/26/2019,14.154785
7/29/2019,14.224121
7/30/2019,14.147481
7/31/2019,14.225989
8/1/2019,14.492978
8/2/2019,14.701153
8/5/2019,14.916294
8/6/2019,14.806025
8/7/2019,14.956793
8/8/2019,15.144823
8/9/2019,15.18664
8/12/2019,15.380025
8/13/2019,15.352789
8/14/2019,15.308366
8/15/2019,15.286099
8/16/2019,15.175244
8/19/2019,15.358372
8/20/2019,15.359065
8/21/2019,15.181286
8/22/2019,15.174321
8/23/2019,15.222684
8/26/2019,15.261425
8/27/2019,15.295839
8/28/2019,15.36759
8/29/2019,15.259212
8/30/2019,15.25
9/2/2019,15.210339
9/3/2019,15.134406
9/4/2019,14.860138
9/5/2019,14.80964
9/6/2019,14.764487
9/9/2019,14.676969
9/10/2019,14.673279
9/11/2019,14.667273
9/12/2019,14.588707
9/13/2019,14.508201
9/16/2019,14.640377
9/17/2019,14.763287
9/18/2019,14.618294
9/19/2019,14.669829
9/20/2019,14.867724
9/23/2019,14.880746
9/24/2019,14.868581
9/25/2019,15.032326
9/26/2019,14.968276
9/27/2019,15.073708
9/30/2019,15.205804
10/1/2019,15.296385
10/2/2019,15.251899
10/3/2019,15.165464
10/4/2019,15.160397
10/7/2019,15.13072
10/8/2019,15.267795
10/9/2019,15.139605
10/10/2019,15.131278
10/11/2019,14.849045
10/14/2019,14.802194
10/15/2019,14.86236
10/16/2019,14.977687
10/17/2019,14.873122
10/18/2019,14.767229
10/21/2019,14.752618
10/22/2019,14.675382
10/23/2019,14.673829
10/24/2019,14.625539
10/25/2019,14.620239
10/28/2019,14.539731
10/29/2019,14.622893
10/30/2019,14.911669
10/31/2019,15.162274
11/1/2019,15.107281
11/4/2019,14.814124
11/5/2019,14.751643
11/6/2019,14.801894
11/7/2019,14.73621
11/8/2019,14.783487
11/11/2019,14.867313
11/12/2019,14.828325
11/13/2019,14.941032
11/14/2019,14.840866
11/15/2019,14.726663
11/18/2019,14.77832
11/19/2019,14.734224
11/20/2019,14.799801
11/21/2019,14.664593
11/22/2019,14.714957
11/25/2019,14.740371
11/26/2019,14.826134
11/27/2019,14.704787
11/28/2019,14.74766
11/29/2019,14.678292
12/2/2019,14.675678
12/3/2019,14.655677
12/4/2019,14.549589
12/5/2019,14.672255
12/6/2019,14.6234
12/9/2019,14.607675
12/10/2019,14.816376
12/11/2019,14.764063
12/12/2019,14.658166
12/13/2019,14.443619
12/16/2019,14.472008
12/17/2019,14.417309
12/18/2019,14.367971
12/19/2019,14.318611
12/20/2019,14.232315
12/23/2019,14.2307
12/24/2019,14.193502
12/27/2019,14.045459
12/30/2019,14.067209
12/31/2019,14.044241
1/2/2020,14.070937
1/3/2020,14.283843
1/6/2020,14.245578
1/7/2020,14.296813
1/8/2020,14.22996
1/9/2020,14.206931
1/10/2020,14.253088
1/13/2020,14.376056
1/14/2020,14.419613
1/15/2020,14.379645
1/16/2020,14.435402
1/17/2020,14.456428
1/20/2020,14.528191
1/21/2020,14.475843
1/22/2020,14.407468
1/23/2020,14.3813
1/24/2020,14.371092
1/27/2020,14.551565
1/28/2020,14.65234
1/29/2020,14.60949
1/30/2020,14.749569
1/31/2020,14.920376
2/3/2020,14.893006
2/4/2020,14.777516
2/5/2020,14.718861
2/6/2020,14.816686
2/7/2020,14.969824
2/10/2020,15.047576
2/11/2020,14.891386
2/12/2020,14.776067
2/13/2020,14.844299
2/14/2020,14.862479
2/17/2020,14.960314
2/18/2020,15.051036
2/19/2020,14.946759
2/20/2020,15.103429
2/21/2020,15.087955
2/24/2020,15.122204
2/25/2020,15.189022
2/26/2020,15.131494
2/27/2020,15.361182
2/28/2020,15.574474
3/2/2020,15.66283
3/3/2020,15.583791
3/4/2020,15.261483
3/5/2020,15.441673
3/6/2020,15.74753
3/9/2020,15.965258
3/10/2020,15.943459
3/11/2020,16.063867
3/12/2020,16.409875
3/13/2020,16.141481
3/16/2020,16.635475
3/17/2020,16.598798
3/18/2020,16.97677
3/19/2020,17.294695
3/20/2020,17.290277
3/23/2020,17.633312
3/24/2020,17.592364
3/25/2020,17.408146
3/26/2020,17.437756
3/27/2020,17.620024
3/30/2020,17.879826
3/31/2020,17.898412
4/1/2020,17.97906
4/2/2020,18.500825
4/3/2020,18.789244
4/6/2020,18.861459
4/7/2020,18.359026
4/8/2020,18.179008
4/9/2020,18.071501
4/14/2020,18.266442
4/15/2020,18.723012
4/16/2020,18.586793
4/17/2020,18.750092
4/20/2020,18.737201
4/21/2020,18.995386
4/22/2020,18.810435
4/23/2020,19.070925
4/24/2020,18.983241
4/27/2020,18.808422
4/28/2020,18.655236
4/29/2020,18.431655
4/30/2020,18.073924
5/4/2020,18.636812
5/5/2020,18.354514
5/6/2020,18.562321
5/7/2020,18.612446
5/8/2020,18.442313
5/11/2020,18.440503
5/12/2020,18.178486
5/13/2020,18.316322
5/14/2020,18.683933
5/15/2020,18.592425
5/18/2020,18.36346
5/19/2020,18.232785
5/20/2020,18.023636
5/21/2020,17.870636
5/22/2020,17.651871
5/25/2020,17.672502
5/26/2020,17.371298
5/27/2020,17.421254
5/28/2020,17.427469
5/29/2020,17.442439
6/1/2020,17.451691
6/2/2020,17.250313
6/3/2020,17.048776
6/4/2020,16.894133
6/5/2020,16.842277
6/8/2020,16.818697
6/9/2020,16.728794
6/10/2020,16.560527
6/11/2020,16.863941
6/12/2020,17.055379
6/15/2020,17.170532
6/16/2020,17.024938
6/17/2020,17.119747
6/18/2020,17.406345
6/19/2020,17.345227
6/22/2020,17.397396
6/23/2020,17.204365
6/24/2020,17.310638
6/25/2020,17.400268
6/26/2020,17.283421
6/29/2020,17.215704
6/30/2020,17.362475
7/1/2020,17.226339
7/2/2020,16.919369
7/3/2020,17.084907
7/6/2020,17.020839
7/7/2020,17.086625
7/8/2020,16.979266
7/9/2020,16.81282
7/10/2020,16.928787
7/13/2020,16.746933
7/14/2020,16.767648
7/15/2020,16.520535
7/16/2020,16.662082
7/17/2020,16.669233
7/20/2020,16.719864
7/21/2020,16.499694
7/22/2020,16.368976
7/23/2020,16.613623
7/24/2020,16.742764
7/27/2020,16.443878
7/28/2020,16.584023
7/29/2020,16.483497
7/30/2020,16.781913
7/31/2020,16.961512
8/3/2020,17.292939
8/4/2020,17.41428
8/5/2020,17.228024
8/6/2020,17.533986
8/7/2020,17.524414
8/10/2020,17.72099
8/11/2020,17.505135
8/12/2020,17.423923
8/13/2020,17.443167
8/14/2020,17.448658
8/17/2020,17.444023
8/18/2020,17.398791
8/19/2020,17.194586
8/20/2020,17.226667
8/21/2020,17.24675
8/24/2020,16.933316
8/25/2020,16.766887
8/26/2020,16.794978
8/27/2020,16.963832
8/28/2020,16.687285
8/31/2020,16.715997
9/1/2020,16.63961
9/2/2020,16.790658
9/3/2020,16.766105
9/4/2020,16.574734
9/7/2020,16.71634
9/8/2020,16.973526
9/9/2020,16.73694
9/10/2020,16.760739
9/11/2020,16.74768
9/14/2020,16.661839
9/15/2020,16.453835
9/16/2020,16.322015
9/17/2020,16.332373
9/18/2020,16.185245
9/21/2020,16.748621
9/22/2020,16.676235
9/23/2020,17.072101
9/24/2020,17.06097
9/25/2020,17.105037
9/28/2020,17.04413
9/29/2020,16.978722
9/30/2020,16.83396
10/1/2020,16.62466
10/2/2020,16.53896
10/5/2020,16.438392
10/6/2020,16.492582
10/7/2020,16.634919
10/8/2020,16.574161
10/9/2020,16.474354
10/12/2020,16.510721
10/13/2020,16.496649
10/14/2020,16.501872
10/15/2020,16.697641
10/16/2020,16.511967
10/19/2020,16.445142
10/20/2020,16.532176
10/21/2020,16.400101
10/22/2020,16.306488
10/23/2020,16.186319
10/26/2020,16.251798
10/27/2020,16.110548
10/28/2020,16.38842
10/29/2020,16.43216
10/30/2020,16.272782
11/2/2020,16.217988
11/3/2020,16.03837
11/4/2020,16.047266
11/5/2020,15.764994
11/6/2020,15.748357
11/9/2020,15.257511
11/10/2020,15.540904
11/11/2020,15.665477
11/12/2020,15.68213
11/13/2020,15.579179
11/16/2020,15.413863
11/17/2020,15.406666
11/18/2020,15.403943
11/19/2020,15.479462
11/20/2020,15.358004
11/23/2020,15.331989
11/24/2020,15.356595
11/25/2020,15.263246
11/26/2020,15.218319
11/27/2020,15.321003
11/30/2020,15.379883
12/1/2020,15.316761
12/2/2020,15.380325
12/3/2020,15.264176
12/4/2020,15.188256
12/7/2020,15.191623
12/8/2020,15.037065
12/9/2020,14.927409
12/10/2020,15.002476
12/11/2020,15.126165
12/14/2020,14.992518
12/15/2020,14.943081
12/16/2020,14.863812
12/17/2020,14.683978
12/18/2020,14.576964
12/21/2020,14.856568
12/22/2020,14.58812
12/23/2020,14.622308
12/24/2020,14.619208
12/28/2020,14.568132
12/29/2020,14.654621
12/30/2020,14.661103
12/31/2020,14.686578
1/4/2021,14.574984
1/5/2021,15.010513
1/6/2021,15.004296
1/7/2021,15.307836
1/8/2021,15.282612
1/11/2021,15.463208
1/12/2021,15.399145
1/13/2021,15.315552
1/14/2021,15.188634
1/15/2021,15.229481
1/18/2021,15.328166
1/19/2021,14.934141
1/20/2021,14.965788
1/21/2021,14.80408
1/22/2021,15.118441
1/25/2021,15.218071
1/26/2021,15.158116
1/27/2021,15.220324
1/28/2021,15.247291
1/29/2021,15.083883
2/1/2021,15.025985
2/2/2021,14.950764
2/3/2021,14.929849
2/4/2021,15.02976
2/5/2021,14.971793
2/8/2021,14.94395
2/9/2021,14.784617
2/10/2021,14.702812
2/11/2021,14.615378
2/12/2021,14.648332
2/15/2021,14.428725
2/16/2021,14.538747
2/17/2021,14.780017
2/18/2021,14.531778
2/19/2021,14.613312
2/22/2021,14.895904
2/23/2021,14.70798
2/24/2021,14.467561
2/25/2021,14.813988
2/26/2021,14.934824
3/1/2021,15.058326
3/2/2021,15.077569
3/3/2021,14.946298
3/4/2021,15.034569
3/5/2021,15.297286
3/8/2021,15.471262
3/9/2021,15.396671
3/10/2021,15.282543
3/11/2021,14.878185
3/12/2021,14.958937
3/15/2021,14.875503
3/16/2021,14.847141
3/17/2021,14.880323
3/18/2021,14.791974
3/19/2021,14.721302
3/22/2021,14.728912
3/23/2021,14.795759
3/24/2021,14.820127
3/25/2021,14.984918
3/26/2021,15.009761
3/29/2021,15.013917
3/30/2021,14.938762
3/31/2021,14.796077
4/1/2021,14.649583
4/6/2021,14.510582
4/7/2021,14.540811
4/8/2021,14.543671
4/9/2021,14.560902
4/12/2021,14.606687
4/13/2021,14.645931
4/14/2021,14.459127
4/15/2021,14.240017
4/16/2021,14.263891
4/19/2021,14.241629
4/20/2021,14.29649
4/21/2021,14.27917
4/22/2021,14.307488
4/23/2021,14.260567
4/26/2021,14.269011
4/27/2021,14.343398
4/28/2021,14.345982
4/29/2021,14.242889
4/30/2021,14.391243
5/3/2021,14.443125
5/4/2021,14.51069
5/5/2021,14.411745
5/6/2021,14.26874
5/7/2021,14.251845
5/10/2021,14.039198
5/11/2021,13.956204
5/12/2021,13.975408
5/13/2021,14.15901
5/14/2021,14.082488
5/17/2021,14.16981
5/18/2021,13.977827
5/19/2021,14.039224
5/20/2021,14.065312
5/21/2021,13.9383
5/24/2021,13.971667
5/25/2021,13.828359
5/26/2021,13.842669
5/27/2021,13.74381
5/28/2021,13.831741
5/31/2021,13.767232
6/1/2021,13.765644
6/2/2021,13.726325
6/3/2021,13.556905
6/4/2021,13.652224
6/7/2021,13.478293
6/8/2021,13.511164
6/9/2021,13.554982
6/10/2021,13.643092
6/11/2021,13.590268
6/14/2021,13.801106
6/15/2021,13.776016
6/16/2021,13.741669
6/17/2021,14.078663
6/18/2021,14.138763
6/21/2021,14.250526
6/22/2021,14.329158
6/23/2021,14.173458
6/24/2021,14.244973
6/25/2021,14.088619
6/28/2021,14.260789
6/29/2021,14.343876
6/30/2021,14.314541
7/1/2021,14.283406
7/2/2021,14.445318
7/5/2021,14.226614
7/6/2021,14.21507
7/7/2021,14.256276
7/8/2021,14.407332
7/9/2021,14.231658
7/12/2021,14.467685
7/13/2021,14.584178
7/14/2021,14.644006
7/15/2021,14.567533
7/16/2021,14.390781
7/19/2021,14.511389
7/20/2021,14.551932
7/21/2021,14.679834
7/22/2021,14.560425
7/23/2021,14.777088
7/26/2021,14.8338
7/27/2021,14.846063
7/28/2021,14.804099
7/29/2021,14.580729
7/30/2021,14.572618
8/2/2021,14.386084
8/3/2021,14.387968
8/4/2021,14.266166
8/5/2021,14.36557
8/6/2021,14.481494
8/9/2021,14.630984
8/10/2021,14.810186
8/11/2021,14.791432
8/12/2021,14.71846
8/13/2021,14.837314
8/16/2021,14.768264
8/17/2021,14.82247
8/18/2021,14.872985
8/19/2021,15.176471
8/20/2021,15.31574
8/23/2021,15.208909
8/24/2021,15.068313
8/25/2021,14.979635
8/26/2021,14.907793
8/27/2021,14.909957
8/30/2021,14.624015
8/31/2021,14.558222
9/1/2021,14.431074
9/2/2021,14.340875
9/3/2021,14.343413
9/6/2021,14.251096
9/7/2021,14.31484
9/8/2021,14.275725
9/9/2021,14.145802
9/10/2021,14.072038
9/13/2021,14.185314
9/14/2021,14.228627
9/15/2021,14.29068
9/16/2021,14.498342
9/17/2021,14.591766
9/20/2021,14.798139
9/21/2021,14.860027
9/22/2021,14.781141
9/23/2021,14.618865
9/24/2021,14.97167
9/27/2021,15.060609
9/28/2021,15.096678
9/29/2021,15.034323
9/30/2021,15.16789
10/1/2021,14.9525
10/4/2021,14.881918
10/5/2021,14.979486
10/6/2021,15.123982
10/7/2021,14.882719
10/8/2021,14.889705
10/11/2021,14.956627
10/12/2021,14.941584
10/13/2021,14.87113
10/14/2021,14.792277
10/15/2021,14.696087
10/18/2021,14.754998
10/19/2021,14.586272
10/20/2021,14.480513
10/21/2021,14.541119
10/22/2021,14.671195
10/25/2021,14.78609
10/26/2021,14.745137
10/27/2021,14.972368
10/28/2021,15.143017
10/29/2021,15.238042
11/1/2021,15.326568
11/2/2021,15.440662
11/3/2021,15.42693
11/4/2021,15.20408
11/5/2021,15.195677
11/8/2021,15.002677
11/9/2021,15.026691
11/10/2021,15.166465
11/11/2021,15.250873
11/12/2021,15.279437
11/15/2021,15.164715
11/16/2021,15.233726
11/17/2021,15.480382
11/18/2021,15.620185
11/19/2021,15.749534
11/22/2021,15.765118
11/23/2021,15.853095
11/24/2021,15.891308
11/25/2021,15.876058
11/26/2021,16.15871
11/29/2021,16.185615
11/30/2021,16.04057
12/1/2021,15.822079
12/2/2021,15.843725
12/3/2021,15.898415
12/6/2021,15.968016
12/7/2021,15.957001
12/8/2021,15.768475
12/9/2021,15.93051
12/10/2021,16.004081
12/13/2021,15.933144
12/14/2021,16.024317
12/15/2021,16.158409
12/16/2021,15.977505
12/17/2021,15.823477
12/20/2021,15.81398
12/21/2021,15.849934
12/22/2021,15.898416
12/23/2021,15.71786
12/24/2021,15.536008
12/27/2021,15.524134
12/28/2021,15.719089
12/29/2021,15.878174
12/30/2021,15.896683
12/31/2021,15.947819
1/3/2022,15.822193
1/4/2022,16.054615
1/5/2022,15.846718
1/6/2022,15.72532
1/7/2022,15.640025
1/10/2022,15.638717
1/11/2022,15.622265
1/12/2022,15.448109
1/13/2022,15.386984
1/14/2022,15.378964
1/17/2022,15.435412
1/18/2022,15.430457
1/19/2022,15.327369
1/20/2022,15.217058
1/21/2022,15.116849
1/24/2022,15.260881
1/25/2022,15.323837
1/26/2022,15.151015
1/27/2022,15.332616
1/28/2022,15.608188
1/31/2022,15.573144
2/1/2022,15.242718
2/2/2022,15.319173
2/3/2022,15.316676
2/4/2022,15.341504
2/7/2022,15.462567
2/8/2022,15.46108
2/9/2022,15.328465
2/10/2022,15.130518
2/11/2022,15.129719
2/14/2022,15.138742
2/15/2022,15.140326
2/16/2022,15.137179
2/17/2022,14.942216
2/18/2022,15.048265
2/21/2022,15.160963
2/22/2022,15.144419
2/23/2022,15.030677
2/24/2022,15.375258
2/25/2022,15.185004
2/28/2022,15.435575
3/1/2022,15.422415
3/2/2022,15.47848
3/3/2022,15.239978
3/4/2022,15.375972
3/7/2022,15.323635
3/8/2022,15.337036
3/9/2022,15.15146
3/10/2022,15.090581
3/11/2022,15.004186
3/14/2022,15.057391
3/15/2022,15.125921
3/16/2022,15.060397
3/17/2022,14.956656
3/18/2022,15.020621
3/21/2022,14.906958
3/22/2022,14.824927
3/23/2022,14.79299
3/24/2022,14.709237
3/25/2022,14.577895
3/28/2022,14.583713
3/29/2022,14.596662
3/30/2022,14.496495
3/31/2022,14.568688
4/1/2022,14.629479
4/4/2022,14.625806
4/5/2022,14.543623
4/6/2022,14.641948
4/7/2022,14.70502
4/8/2022,14.728662
4/11/2022,14.598807
4/12/2022,14.592579
4/13/2022,14.485498
4/14/2022,14.647086
4/19/2022,14.84782
4/20/2022,15.052539
4/21/2022,15.247176
4/22/2022,15.591384
4/25/2022,15.684813
4/26/2022,15.719224
4/27/2022,15.912879
4/28/2022,15.972532
4/29/2022,15.794402
5/2/2022,15.904884
5/3/2022,15.943823
5/4/2022,15.80942
5/5/2022,15.694739
5/6/2022,16.046736
5/9/2022,16.226158
5/10/2022,16.112374
5/11/2022,16.040462
5/12/2022,16.21887
5/13/2022,16.156861
5/16/2022,16.234408
5/17/2022,15.979509
5/18/2022,15.899743
5/19/2022,15.991924
5/20/2022,15.801361
5/23/2022,15.708509
5/24/2022,15.654291
5/25/2022,15.730856
5/26/2022,15.827989
5/27/2022,15.618355
5/30/2022,15.466369
5/31/2022,15.630542
6/1/2022,15.505041
6/2/2022,15.539001
6/3/2022,15.484902
6/6/2022,15.303189
6/7/2022,15.387263
6/8/2022,15.329733
6/9/2022,15.278042
6/10/2022,15.61817
6/13/2022,16.075562
6/14/2022,16.069556
6/15/2022,16.020612
6/16/2022,15.966538
6/17/2022,15.93868
6/20/2022,16.031473
6/21/2022,15.912891
6/22/2022,15.966638
6/23/2022,16.026875
6/24/2022,15.881509
6/27/2022,15.887911
6/28/2022,16.00909
6/29/2022,16.097271
6/30/2022,16.380379
7/1/2022,16.433861
7/4/2022,16.286466
7/5/2022,16.437609
7/6/2022,16.728505
7/7/2022,16.735953
7/8/2022,16.916462
7/11/2022,16.996831
7/12/2022,17.079167
7/13/2022,16.939207
7/14/2022,17.193403
7/15/2022,17.186102
7/18/2022,17.158227
7/19/2022,17.039531
7/20/2022,17.053044
7/21/2022,17.177664
7/22/2022,16.880177
7/25/2022,16.754787
7/26/2022,16.877716
7/27/2022,16.878152
7/28/2022,16.796187
7/29/2022,16.535301
8/1/2022,16.477377
8/2/2022,16.609937
8/3/2022,16.802335
8/4/2022,16.732345
8/5/2022,16.64634
8/8/2022,16.638298
8/9/2022,16.660152
8/10/2022,16.463909
8/11/2022,16.162024
8/12/2022,16.268158
8/15/2022,16.417361
8/16/2022,16.440233
8/17/2022,16.63961
8/18/2022,16.703085
8/19/2022,17.008852
8/22/2022,17.074893
8/23/2022,17.081495
8/24/2022,17.009865
8/25/2022,16.840822
8/26/2022,16.787749
8/29/2022,16.912778
8/30/2022,16.799581
8/31/2022,17.0667
9/1/2022,17.145542
9/2/2022,17.291204
9/5/2022,17.225806
9/6/2022,17.204371
9/7/2022,17.458978
9/8/2022,17.364072
9/9/2022,17.290576
9/12/2022,17.057607
9/13/2022,17.013464
9/14/2022,17.451652
9/15/2022,17.542334
9/16/2022,17.681736
9/19/2022,17.744444
9/20/2022,17.750951
9/21/2022,17.653846
9/22/2022,17.555038
9/23/2022,17.823765
9/26/2022,18.064172
9/27/2022,17.872356
9/28/2022,18.077993
9/29/2022,17.975067
9/30/2022,17.988613
10/3/2022,18.012188
10/4/2022,17.737034
10/5/2022,17.773878
10/6/2022,17.826471
10/7/2022,17.987343
10/10/2022,18.136125
10/11/2022,18.117145
10/12/2022,18.223367
10/13/2022,18.294794
10/14/2022,18.208501
10/17/2022,18.150631
10/18/2022,18.088866
10/19/2022,18.238801
10/20/2022,18.255631
10/21/2022,18.501644
10/24/2022,18.335702
10/25/2022,18.477943
10/26/2022,17.979846
10/27/2022,18.085185
10/28/2022,18.141895
10/31/2022,18.331249
11/1/2022,18.076003
11/2/2022,18.127574
11/3/2022,18.473598
11/4/2022,18.029072
11/7/2022,17.77074
11/8/2022,17.846839
11/9/2022,17.807551
11/10/2022,17.769942
11/11/2022,17.262709
11/14/2022,17.287819
11/15/2022,17.187812
11/16/2022,17.306473
11/17/2022,17.53668
11/18/2022,17.275709
11/21/2022,17.358774
11/22/2022,17.283239
11/23/2022,17.152833
11/24/2022,17.021608
11/25/2022,17.125494
11/28/2022,17.14384
11/29/2022,16.981189
11/30/2022,16.939861
12/1/2022,17.734169
12/2/2022,17.341905
12/5/2022,17.194484
12/6/2022,17.313427
12/7/2022,17.224143
12/8/2022,17.133283
12/9/2022,17.270385
12/12/2022,17.486934
12/13/2022,17.719772
12/14/2022,17.143675
12/15/2022,17.286414
12/16/2022,17.582447
12/19/2022,17.274391
12/20/2022,17.382678
12/21/2022,17.255453
12/22/2022,17.138907
12/23/2022,17.044624
12/27/2022,17.242188
12/28/2022,17.18891
12/29/2022,17.087708
12/30/2022,16.968498
1/2/2023,17.01011
1/3/2023,17.087719
1/4/2023,16.826965
1/5/2023,17.097444
1/6/2023,17.342095
1/9/2023,17.021223
1/10/2023,17.071155
1/11/2023,17.01191
1/12/2023,16.841534
1/13/2023,16.874607
1/16/2023,17.059748
1/17/2023,17.156414
1/18/2023,16.972045
1/19/2023,17.28442
1/20/2023,17.159616
1/23/2023,17.164658
1/24/2023,17.285596
1/25/2023,17.167218
1/26/2023,17.083708
1/27/2023,17.228256
1/30/2023,17.32459
1/31/2023,17.467276
2/1/2023,17.287314
2/2/2023,17.022752
2/3/2023,17.154979
2/6/2023,17.540182
2/7/2023,17.639813
2/8/2023,17.617979
2/9/2023,17.6524
2/10/2023,17.851637
2/13/2023,17.935991
2/14/2023,17.813551
2/15/2023,18.027196
2/16/2023,18.137009
2/17/2023,18.131765
2/20/2023,18.125445
2/21/2023,18.246343
2/22/2023,18.23074
2/23/2023,18.281462
2/24/2023,18.471429
2/27/2023,18.436043
2/28/2023,18.412092
3/1/2023,18.136372
3/2/2023,18.218859
3/3/2023,18.166463
3/6/2023,18.1935
3/7/2023,18.375527
3/8/2023,18.576861
3/9/2023,18.625924
3/10/2023,18.349707
3/13/2023,18.171586
3/14/2023,18.061935
3/15/2023,18.40838
3/16/2023,18.382161
3/17/2023,18.355267
3/20/2023,18.46235
3/21/2023,18.528118
3/22/2023,18.407881
3/23/2023,18.180623
3/24/2023,18.218241
3/27/2023,18.32108
3/28/2023,18.17443
3/29/2023,18.115055
3/30/2023,18.047033
3/31/2023,17.772414
4/3/2023,17.866421
4/4/2023,17.834511
4/5/2023,17.925686
4/6/2023,18.225286
4/11/2023,18.249702
4/12/2023,18.433437
4/13/2023,18.130731
4/14/2023,18.029484
4/17/2023,18.116474
4/18/2023,18.164327
4/19/2023,18.275679
4/20/2023,18.142544
4/21/2023,18.124157
4/24/2023,18.130885
4/25/2023,18.281709
4/26/2023,18.396594
4/27/2023,18.244159
4/28/2023,18.355159
5/2/2023,18.373005
5/3/2023,18.26107
5/4/2023,18.182861
5/5/2023,18.371618
5/8/2023,18.352088
5/9/2023,18.432612
5/10/2023,18.721918
5/11/2023,18.983074
5/12/2023,19.227874
5/15/2023,19.078338
5/16/2023,19.069571
5/17/2023,19.280912
5/18/2023,19.392675
5/19/2023,19.323464
5/22/2023,19.325171
5/23/2023,19.289359
5/24/2023,19.237738
5/25/2023,19.326129
5/26/2023,19.546833
5/29/2023,19.655716
5/30/2023,19.663905
5/31/2023,19.784049
6/1/2023,19.778162
6/2/2023,19.46121
6/5/2023,19.350327
6/6/2023,19.244875
6/7/2023,19.033871
6/8/2023,18.933035
6/9/2023,18.720408
6/12/2023,18.562935
6/13/2023,18.631242
6/14/2023,18.421686
6/15/2023,18.416859
6/16/2023,18.148915
6/19/2023,18.174052
6/20/2023,18.267996
6/21/2023,18.381672
6/22/2023,18.441056
6/23/2023,18.711136
6/26/2023,18.60643
6/27/2023,18.467172
6/28/2023,18.726275
6/29/2023,18.709545
6/30/2023,18.938432
7/3/2023,18.757225
7/4/2023,18.645893
7/5/2023,18.74198
7/6/2023,18.92614
7/7/2023,19.095794
7/10/2023,18.850219
7/11/2023,18.650742
7/12/2023,18.451098
7/13/2023,18.077982
7/14/2023,18.004812
7/17/2023,18.039359
7/18/2023,17.905375
7/19/2023,17.91784
7/20/2023,17.830669
7/21/2023,18.015374
7/24/2023,17.837689
7/25/2023,17.578138
7/26/2023,17.705127
7/27/2023,17.513528
7/28/2023,17.648411
7/31/2023,17.736642
8/1/2023,18.117502
8/2/2023,18.350387
8/3/2023,18.63337
8/4/2023,18.656496
8/7/2023,18.606245
8/8/2023,18.902595
8/9/2023,19.048231
8/10/2023,18.773936
8/11/2023,18.823882
8/14/2023,19.019305
8/15/2023,19.203094
8/16/2023,19.116068
8/17/2023,19.029083
8/18/2023,19.060734
8/21/2023,18.954895
8/22/2023,18.731698
8/23/2023,18.704026
8/24/2023,18.678967
8/25/2023,18.650814
8/28/2023,18.652665
8/29/2023,18.559289
8/30/2023,18.57156
8/31/2023,18.789014
9/1/2023,18.693379
9/4/2023,18.942876
9/5/2023,19.200913
9/6/2023,19.23704
9/7/2023,19.161345
9/8/2023,19.092862
9/11/2023,18.899758
9/12/2023,18.97545
9/13/2023,18.941582
9/14/2023,18.929077
9/15/2023,19.043723
9/18/2023,19.032918
9/19/2023,18.932979
9/20/2023,18.836853
9/21/2023,18.948942
9/22/2023,18.781816
9/25/2023,18.753879
9/26/2023,18.989816
9/27/2023,19.192863
9/28/2023,19.138438
9/29/2023,18.860959
10/2/2023,19.136752
10/3/2023,19.333556
10/4/2023,19.283605
10/5/2023,19.559567
10/6/2023,19.401212
10/9/2023,19.380686
10/10/2023,19.162446
10/11/2023,18.894662
10/12/2023,18.84217
10/13/2023,18.967693
10/16/2023,18.795692
10/17/2023,18.841707
10/18/2023,18.827922
10/19/2023,19.131654
10/20/2023,19.059296
10/23/2023,19.061527
10/24/2023,19.108916
10/25/2023,19.139656
10/26/2023,19.082638
10/27/2023,18.912627
10/30/2023,18.758227
10/31/2023,18.787739
11/1/2023,18.634241
11/2/2023,18.356158
11/3/2023,18.340404
11/6/2023,18.261707
11/7/2023,18.390043
11/8/2023,18.488427
11/9/2023,18.606866
11/10/2023,18.749041
11/13/2023,18.746485
11/14/2023,18.714472
11/15/2023,18.138296
11/16/2023,18.316711
11/17/2023,18.327263
11/20/2023,18.43384
11/21/2023,18.384573
11/22/2023,18.605811
11/23/2023,18.827982
11/24/2023,18.899963
11/27/2023,18.63638
11/28/2023,18.707919
11/29/2023,18.515885
11/30/2023,18.818315
12/1/2023,18.69692
12/4/2023,18.736382
12/5/2023,18.925303
12/6/2023,18.96465
12/7/2023,18.759261
12/8/2023,18.897374
12/11/2023,19.098355
12/12/2023,18.909385
12/13/2023,19.08501
12/14/2023,18.56333
12/15/2023,18.253335
12/18/2023,18.531416
12/19/2023,18.479201
12/20/2023,18.376005
12/21/2023,18.334244
12/22/2023,18.42239
12/27/2023,18.46254
12/28/2023,18.535451
12/29/2023,18.414208
1/2/2024,18.588536
1/3/2024,18.804469
1/4/2024,18.649776
1/5/2024,18.817965
1/8/2024,18.726841
1/9/2024,18.681901
1/10/2024,18.649644
1/11/2024,18.597524
1/12/2024,18.681046
1/15/2024,18.666971
1/16/2024,18.886969
1/17/2024,19.061414
1/18/2024,18.93977
1/19/2024,19.003582
1/22/2024,19.177778
1/23/2024,19.041759
1/24/2024,18.832279
1/25/2024,18.893969
1/26/2024,18.789808
1/29/2024,18.758385
1/30/2024,18.894892
1/31/2024,18.754083
2/1/2024,18.711208
2/2/2024,18.650464
2/5/2024,19.00549
2/6/2024,18.921437
2/7/2024,18.901819
2/8/2024,18.956126
2/9/2024,19.016617
2/12/2024,18.997679
2/13/2024,18.825164
2/14/2024,19.040605
2/15/2024,19.023178
2/16/2024,18.88698
2/19/2024,18.959725
2/20/2024,18.947695
2/21/2024,18.821908
2/22/2024,19.059941
2/23/2024,19.260845
2/26/2024,19.305105
2/27/2024,19.134119
2/28/2024,19.231773
2/29/2024,19.306023
3/1/2024,19.176732
3/4/2024,19.028674
3/5/2024,18.975205
3/6/2024,18.88799
3/7/2024,18.781276
3/8/2024,18.642975
3/11/2024,18.696412
3/12/2024,18.67827
3/13/2024,18.697779
3/14/2024,18.641556
3/15/2024,18.684815
3/18/2024,18.900018
3/19/2024,18.927769
3/20/2024,18.866562
3/21/2024,18.72018
3/22/2024,18.996304
3/25/2024,18.909922
3/26/2024,18.912391
3/27/2024,18.927145
3/28/2024,18.983073
4/2/2024,18.829566
4/3/2024,18.795048
4/4/2024,18.678953
4/5/2024,18.606217
4/8/2024,18.624596
4/9/2024,18.483574
4/10/2024,18.494567
4/11/2024,18.7915
4/12/2024,18.767086
4/15/2024,18.962744
4/16/2024,19.000094
4/17/2024,19.059222
4/18/2024,19.052439
4/19/2024,19.223974
4/22/2024,19.137321
4/23/2024,19.237399
4/24/2024,19.189781
4/25/2024,18.971735
4/26/2024,18.85729
4/29/2024,18.703731
4/30/2024,18.723829
5/2/2024,18.666106
5/3/2024,18.517498
5/6/2024,18.408408
5/7/2024,18.495913
5/8/2024,18.654845
5/9/2024,18.529258
5/10/2024,18.431487
5/13/2024,18.358962
5/14/2024,18.417469
5/15/2024,18.378231
5/16/2024,18.213786
5/17/2024,18.265216
5/20/2024,18.235153
5/21/2024,18.129142
5/22/2024,18.233056
5/23/2024,18.345126
5/24/2024,18.404613
5/27/2024,18.411141
5/28/2024,18.327789
5/29/2024,18.329189
5/30/2024,18.631623
5/31/2024,18.699502
6/3/2024,18.680502
6/4/2024,18.682559
6/5/2024,18.935614
6/6/2024,18.985826
6/7/2024,18.794366
6/10/2024,18.708442
6/11/2024,18.599627
6/12/2024,18.623874
6/13/2024,18.396235
6/14/2024,18.343534
6/17/2024,18.284354
6/18/2024,18.133271
6/19/2024,18.025119
6/20/2024,18.104861
6/21/2024,17.893058
6/24/2024,18.184716
6/25/2024,18.157271
6/26/2024,18.172233
6/27/2024,18.381545
6/28/2024,18.212985
7/1/2024,18.149372
7/2/2024,18.469662
7/3/2024,18.50251
7/4/2024,18.321019
7/5/2024,18.234571
7/8/2024,18.146931
7/9/2024,18.174588
7/10/2024,18.067529
7/11/2024,18.081069
7/12/2024,17.992195
7/15/2024,18.183185
7/16/2024,18.076225
7/17/2024,18.179257
7/18/2024,18.202196
7/19/2024,18.330762
7/22/2024,18.272226
7/23/2024,18.422468
7/24/2024,18.313237
7/25/2024,18.491291
7/26/2024,18.243186
7/29/2024,18.400758
7/30/2024,18.367979
7/31/2024,18.230513
8/1/2024,18.179071
8/2/2024,18.186248
8/5/2024,18.576783
8/6/2024,18.471461
8/7/2024,18.342794
8/8/2024,18.389113
8/9/2024,18.335532
8/12/2024,18.219405
8/13/2024,18.170433
8/14/2024,18.083946
8/15/2024,18.00781
8/16/2024,17.918228
8/19/2024,17.838149
8/20/2024,17.799982
8/21/2024,17.835282
8/22/2024,17.982667
8/23/2024,17.947217
8/26/2024,17.765565
8/27/2024,17.728275
8/28/2024,17.797158
8/29/2024,17.708424
8/30/2024,17.620456
9/2/2024,17.91574
9/3/2024,17.974173
9/4/2024,17.918281
9/5/2024,17.784987
9/6/2024,17.731694
9/9/2024,17.899031
9/10/2024,17.900825
9/11/2024,17.875034
9/12/2024,17.947803
9/13/2024,17.794874
9/16/2024,17.641291
9/17/2024,17.63336
9/18/2024,17.5774
9/19/2024,17.430441
9/20/2024,17.524987
9/23/2024,17.38043
9/24/2024,17.324082
9/25/2024,17.145971
9/26/2024,17.246078
9/27/2024,17.126008
9/30/2024,17.172026
10/1/2024,17.281707
10/2/2024,17.397254
10/3/2024,17.485008
10/4/2024,17.482002
10/7/2024,17.390093
10/8/2024,17.463486
10/9/2024,17.640047
10/10/2024,17.598884
10/11/2024,17.465807
10/14/2024,17.555474
10/15/2024,17.577823
10/16/2024,17.55373
10/17/2024,17.725566
10/18/2024,17.587259
10/21/2024,17.615037
10/22/2024,17.575455
10/23/2024,17.679484
10/24/2024,17.674289
10/25/2024,17.609885
10/28/2024,17.736828
10/29/2024,17.733711
10/30/2024,17.710125
10/31/2024,17.631777
11/1/2024,17.557281
11/4/2024,17.539252
11/5/2024,17.461411
11/6/2024,17.750538
11/7/2024,17.369309
11/8/2024,17.524786
11/11/2024,17.854755
11/12/2024,18.045022
11/13/2024,18.007903
11/14/2024,18.336276
11/15/2024,18.175659
11/18/2024,18.078848
11/19/2024,18.053507
11/20/2024,18.108881
11/21/2024,18.077522
11/22/2024,18.050519
11/25/2024,18.064983
11/26/2024,18.088861
11/27/2024,18.14557
11/28/2024,18.152153
11/29/2024,18.062583
12/2/2024,18.181974
12/3/2024,18.103501
12/4/2024,18.173751
12/5/2024,18.067078
12/6/2024,18.058407
12/9/2024,17.81936
12/10/2024,17.878218
12/11/2024,17.778053
12/12/2024,17.693928
12/13/2024,17.886575
12/16/2024,17.878834
12/17/2024,18.128608
12/18/2024,18.064215
12/19/2024,18.311688
12/20/2024,18.39307
12/23/2024,18.478014
12/24/2024,18.594805
12/27/2024,18.711931
12/30/2024,18.73717
12/31/2024,18.884204
1/2/2025,18.672512
1/3/2025,18.735508
1/6/2025,18.484941
1/7/2025,18.590975
1/8/2025,18.895295
1/9/2025,18.877632
1/10/2025,19.037752
1/13/2025,19.144538
1/14/2025,18.950024
1/15/2025,18.865922
1/16/2025,18.890966
1/17/2025,18.76947
1/20/2025,18.745735
1/21/2025,18.603457
1/22/2025,18.469501
1/23/2025,18.564302
1/24/2025,18.384263
1/27/2025,18.664482
1/28/2025,18.696766
1/29/2025,18.665833
1/30/2025,18.527156
1/31/2025,18.626768
2/3/2025,18.828596
2/4/2025,18.778133
2/5/2025,18.567166
2/6/2025,18.612162
2/7/2025,18.427773
2/10/2025,18.417539
2/11/2025,18.490314
2/12/2025,18.456895
2/13/2025,18.524639
2/14/2025,18.377076
2/17/2025,18.439034
2/18/2025,18.43668
2/19/2025,18.525781
2/20/2025,18.431485
2/21/2025,18.389871
2/24/2025,18.348653
2/25/2025,18.373059
2/26/2025,18.390102
2/27/2025,18.416245
2/28/2025,18.43406
3/3/2025,18.640038
3/4/2025,18.525054
3/5/2025,18.442304
3/6/2025,18.30113
3/7/2025,18.17316
3/10/2025,18.241494
3/11/2025,18.263105
3/12/2025,18.395003
3/13/2025,18.428255
3/14/2025,18.16806
3/17/2025,18.141521
3/18/2025,18.051291
3/19/2025,18.119666
3/20/2025,18.190898
3/21/2025,18.179643
3/24/2025,18.123429
3/25/2025,18.164619
3/26/2025,18.258621
3/27/2025,18.271766
3/28/2025,18.163657
3/31/2025,18.380213
4/1/2025,18.329718
4/2/2025,18.609831
4/3/2025,18.880959
4/4/2025,19.063851
4/7/2025,19.39865
4/8/2025,19.34274
4/9/2025,19.716161
4/10/2025,19.425194
4/11/2025,19.283272
4/14/2025,18.926958
4/15/2025,18.945691
4/16/2025,18.851079
4/17/2025,18.831602
4/22/2025,18.623127
4/23/2025,18.600613
4/24/2025,18.709388
4/25/2025,18.808488
4/28/2025,18.62872
4/29/2025,18.547613
4/30/2025,18.561066
5/2/2025,18.377678
5/5/2025,18.309001
5/6/2025,18.264636
5/7/2025,18.288292
5/8/2025,18.149951
5/9/2025,18.204319
5/12/2025,18.311543
5/13/2025,18.382829
5/14/2025,18.248974
5/15/2025,18.078587
5/16/2025,18.105056
5/19/2025,18.047239
5/20/2025,17.976426
5/21/2025,17.914142
5/22/2025,18.026262
5/23/2025,17.9854
5/26/2025,17.848168
5/27/2025,17.914759
5/28/2025,17.912256
5/29/2025,17.851166
5/30/2025,17.897434
6/2/2025,17.929241
6/3/2025,17.909099
6/4/2025,17.847681
6/5/2025,17.749715
6/6/2025,17.766716
6/9/2025,17.739702
6/10/2025,17.672937
6/11/2025,17.762617
6/12/2025,17.809988
6/13/2025,18.012509
6/16/2025,17.780888
6/17/2025,17.817514
6/18/2025,18.076208
6/19/2025,18.089127
6/20/2025,17.989579
6/23/2025,18.107479
6/24/2025,17.733781
6/25/2025,17.795137
6/26/2025,17.799829
6/27/2025,17.802717
6/30/2025,17.782509
7/1/2025,17.583912
7/2/2025,17.657933
7/3/2025,17.52716
7/4/2025,17.621994
7/7/2025,17.751279
7/8/2025,17.784434
7/9/2025,17.83946
7/10/2025,17.773081
7/11/2025,17.961568
7/14/2025,17.869204
7/15/2025,17.81243
7/16/2025,17.912257
7/17/2025,17.899041
7/18/2025,17.712532
7/21/2025,17.71398
7/22/2025,17.577913
7/23/2025,17.561402
7/24/2025,17.596632
7/25/2025,17.733367
7/28/2025,17.848121
7/29/2025,17.96497
7/30/2025,17.868136
7/31/2025,18.118994
8/1/2025,18.32322
8/4/2025,18.02179
8/5/2025,18.023385
8/6/2025,17.813513
8/7/2025,17.724985
8/8/2025,17.709907
8/11/2025,17.766563
8/12/2025,17.715061
8/13/2025,17.515669
8/14/2025,17.577759
8/15/2025,17.585986
8/18/2025,17.613638
8/19/2025,17.615819
8/20/2025,17.702257
8/21/2025,17.702552
8/22/2025,17.62879
8/25/2025,17.5551
8/26/2025,17.639671
8/27/2025,17.762184
8/28/2025,17.627355
8/29/2025,17.735289
9/1/2025,17.579855
9/2/2025,17.726172
9/3/2025,17.629967
9/4/2025,17.791706
9/5/2025,17.66641
9/8/2025,17.567275
9/9/2025,17.484588
9/10/2025,17.570684
9/11/2025,17.545828
9/12/2025,17.385731
9/15/2025,17.322285
9/16/2025,17.358262
9/17/2025,17.385909
9/18/2025,17.353444
9/19/2025,17.385651
9/22/2025,17.303709
9/23/2025,17.318324
9/24/2025,17.296614
9/25/2025,17.347815
9/26/2025,17.450308
9/29/2025,17.288237
9/30/2025,17.274508
10/1/2025,17.183129
10/2/2025,17.185554
10/3/2025,17.25669
10/6/2025,17.248501
10/7/2025,17.198268
10/8/2025,17.186721
10/9/2025,17.102317
10/10/2025,17.213174
10/13/2025,17.363212
10/14/2025,17.463083
10/15/2025,17.320943
10/16/2025,17.316765
10/17/2025,17.378307
10/20/2025,17.320978
10/21/2025,17.329887
10/22/2025,17.460257
10/23/2025,17.347969
10/24/2025,17.328195
10/27/2025,17.186684
10/28/2025,17.250559
10/29/2025,17.105792
10/30/2025,17.352468
10/31/2025,17.349143
11/3/2025,17.308755
11/4/2025,17.469759
11/5/2025,17.443265
11/6/2025,17.34475
11/7/2025,17.34798
11/10/2025,17.186414
11/11/2025,17.16622
11/12/2025,17.046216
11/13/2025,17.00284
11/14/2025,17.132641
11/17/2025,17.077374
11/18/2025,17.234771
11/19/2025,17.156868
11/20/2025,17.23884
11/21/2025,17.358507
11/24/2025,17.280146
11/25/2025,17.217643
11/26/2025,17.142438
11/27/2025,17.17314
11/28/2025,17.115857
12/1/2025,17.075562
12/2/2025,17.103668
12/3/2025,17.081248
12/4/2025,16.980885
12/5/2025,16.931644
12/8/2025,16.964221
12/9/2025,17.071496
12/10/2025,17.02742
12/11/2025,16.940925
12/12/2025,16.855852
12/15/2025,16.777163
12/16/2025,16.759935
12/17/2025,16.733322
12/18/2025,16.777285
12/19/2025,16.776383
12/22/2025,16.699276
12/23/2025,16.634482
12/24/2025,16.636209
12/29/2025,16.655618
12/30/2025,16.634431
12/31/2025,16.548
1/2/2026,16.514035
1/5/2026,16.483882
1/6/2026,16.396259
1/7/2026,16.454296
1/8/2026,16.514861
1/9/2026,16.574987
1/12/2026,16.388813
1/13/2026,16.454007
1/14/2026,16.395159
1/15/2026,16.372075
1/16/2026,16.388224
1/19/2026,16.417419
1/20/2026,16.441081
1/21/2026,16.310589
1/22/2026,16.218606
1/23/2026,16.145631
1/26/2026,16.073251
1/27/2026,15.987426
1/28/2026,15.882579
1/29/2026,15.673797
1/30/2026,15.933048
2/2/2026,16.028209
2/3/2026,15.949326
2/4/2026,15.937479
2/5/2026,16.179776
2/6/2026,16.1243
2/9/2026,15.975349
2/10/2026,15.957373
2/11/2026,15.881429
2/12/2026,15.895233
2/13/2026,16.033553
2/16/2026,15.950401
2/17/2026,16.093354
2/18/2026,16.023132
2/19/2026,16.218838
2/20/2026,16.097306
2/23/2026,16.011456
2/24/2026,16.008321
2/25/2026,15.860319
2/26/2026,15.876333
2/27/2026,15.940534
3/2/2026,16.16131
3/3/2026,16.393417
3/4/2026,16.318826
3/5/2026,16.50284
3/6/2026,16.718017
3/9/2026,16.676763
3/10/2026,16.288807
3/11/2026,16.401779
3/12/2026,16.541699
3/13/2026,16.79627
3/16/2026,16.767817
3/17/2026,16.658746
3/18/2026,16.884696
3/19/2026,17.068936
3/20/2026,16.885937
3/23/2026,16.810883
3/24/2026,17.101884
3/25/2026,16.913475
3/26/2026,17.057717
3/27/2026,17.190588
3/30/2026,17.184518
3/31/2026,17.070012
4/1/2026,16.781129
4/2/2026,17.0118
4/7/2026,16.889504
4/8/2026,16.310439
4/9/2026,16.432092
4/10/2026,16.428059
4/13/2026,16.590979
4/14/2026,16.352497
4/15/2026,16.414941
4/16/2026,16.384824
4/17/2026,16.384928
4/20/2026,16.349915
4/21/2026,16.369508
4/22/2026,16.468934
4/23/2026,16.467932
4/24/2026,16.561988
4/27/2026,16.478679
4/28/2026,16.634332
4/29/2026,16.598582
4/30/2026,16.790292
5/4/2026,16.724786
5/5/2026,16.690399
5/6/2026,16.405288
5/7/2026,16.257774
5/8/2026,16.419437
5/11/2026,16.446069
5/12/2026,16.526666
5/13/2026,16.450021
5/14/2026,16.406939
5/15/2026,16.661421
5/18/2026,16.623626
5/19/2026,16.647935
5/20/2026,16.593534
5/21/2026,16.553927
5/22/2026,16.476498
5/25/2026,16.329211
5/26/2026,16.357229
5/27/2026,16.359457
5/28/2026,16.35009
5/29/2026,16.224064
6/1/2026,16.253563
6/2/2026,16.203623
6/3/2026,16.270277
6/4/2026,16.239433
6/5/2026,16.270533
6/8/2026,16.463692
6/9/2026,16.453469
6/10/2026,16.601785
6/11/2026,16.50273
6/12/2026,16.302498
6/15/2026,16.213836
6/16/2026,16.189581
6/17/2026,16.221724
6/18/2026,16.430591
6/19/2026,16.473969
6/22/2026,16.411837
6/23/2026,16.483936
6/24/2026,16.61358
6/25/2026,16.561541
6/26/2026,16.460486
6/29/2026,16.415308
6/30/2026,16.372126
7/1/2026,16.433629
7/2/2026,16.377489
7/3/2026,16.212963
7/6/2026,16.234604
7/7/2026,16.23782
7/8/2026,16.382936
7/9/2026,16.371928
7/10/2026,16.321697
7/13/2026,16.36362
7/14/2026,16.461903
7/15/2026,16.382606
7/16/2026,16.371065
7/17/2026,16.507914
7/20/2026,16.48976
7/21/2026,16.444474
7/22/2026,16.475456
7/23/2026,16.439782
7/24/2026,16.850136
7/27/2026,16.741066
7/28/2026,16.785168
7/29/2026,16.749912
7/30/2026,16.582433
7/31/2026,16.575011
8/3/2026,16.469788
8/4/2026,16.440816
8/5/2026,16.346633
8/6/2026,16.309478
8/7/2026,16.22332
8/10/2026,16.177239
8/11/2026,16.179029
8/12/2026,16.134257
8/13/2026,16.118779
8/14/2026,16.164779
8/17/2026,16.176658
8/18/2026,16.219592
8/19/2026,16.244291
8/20/2026,16.174043
8/21/2026,16.004445
8/24/2026,16.002915
8/25/2026,15.987824
8/26/2026,15.916017
8/27/2026,15.985831
8/28/2026,16.001804
8/31/2026,16.116333
9/1/2026,16.155824
9/2/2026,16.094403
9/3/2026,16.037279
9/4/2026,15.967217
9/7/2026,15.99174
9/8/2026,16.024023
9/9/2026,16.039821
9/10/2026,16.146608
9/11/2026,16.15873
9/14/2026,16.249242
9/15/2026,16.273247
