Day,Value-TRY
1/2/2015,2.352569958
1/5/2015,2.338984473
1/6/2015,2.327681719
1/7/2015,2.328374609
1/8/2015,2.309738273
1/9/2015,2.298654025
1/12/2015,2.294984751
1/13/2015,2.281021898
1/14/2015,2.289341826
1/15/2015,2.282200205
1/16/2015,2.320331377
1/19/2015,2.339422663
1/20/2015,2.332671215
1/21/2015,2.341154145
1/22/2015,2.334997418
1/23/2015,2.352205751
1/26/2015,2.359124867
1/27/2015,2.367592429
1/28/2015,2.37649859
1/29/2015,2.409809987
1/30/2015,2.439540027
2/2/2015,2.418744474
2/3/2015,2.406997187
2/4/2015,2.428446619
2/5/2015,2.445048203
2/6/2015,2.435397921
2/9/2015,2.490465632
2/10/2015,2.492254581
2/11/2015,2.49708326
2/12/2015,2.490289548
2/13/2015,2.469466655
2/16/2015,2.447317672
2/17/2015,2.447218572
2/18/2015,2.456911713
2/19/2015,2.449284272
2/20/2015,2.463710391
2/23/2015,2.481589662
2/24/2015,2.478990113
2/25/2015,2.469328398
2/26/2015,2.481664752
2/27/2015,2.517793594
3/2/2015,2.512781687
3/3/2015,2.533667622
3/4/2015,2.545577131
3/5/2015,2.589484145
3/6/2015,2.5791298
3/9/2015,2.609023941
3/10/2015,2.642484634
3/11/2015,2.620627718
3/12/2015,2.592763592
3/13/2015,2.638100643
3/16/2015,2.621009757
3/17/2015,2.612505877
3/18/2015,2.62396148
3/19/2015,2.601479816
3/20/2015,2.587416481
3/23/2015,2.559017595
3/24/2015,2.561004566
3/25/2015,2.557032317
3/26/2015,2.590449285
3/27/2015,2.607037583
3/30/2015,2.606270171
3/31/2015,2.614648202
4/1/2015,2.609390981
4/2/2015,2.598799631
4/7/2015,2.588642021
4/8/2015,2.590683115
4/9/2015,2.590959718
4/10/2015,2.64153264
4/13/2015,2.652103867
4/14/2015,2.677394926
4/15/2015,2.713961622
4/16/2015,2.698067407
4/17/2015,2.685130387
4/20/2015,2.704000746
4/21/2015,2.687383178
4/22/2015,2.712929349
4/23/2015,2.729112514
4/24/2015,2.731430155
4/27/2015,2.717981889
4/28/2015,2.668710534
4/29/2015,2.675604436
4/30/2015,2.65849309
5/4/2015,2.715028694
5/5/2015,2.713771701
5/6/2015,2.707479964
5/7/2015,2.683060593
5/8/2015,2.702432938
5/11/2015,2.69628433
5/12/2015,2.691075718
5/13/2015,2.65074414
5/14/2015,2.606532971
5/15/2015,2.595780367
5/18/2015,2.58012117
5/19/2015,2.584973166
5/20/2015,2.594441446
5/21/2015,2.569927243
5/22/2015,2.592708707
5/25/2015,2.611131354
5/26/2015,2.631429617
5/27/2015,2.655619994
5/28/2015,2.658773862
5/29/2015,2.66071103
6/1/2015,2.676991959
6/2/2015,2.679844048
6/3/2015,2.678641997
6/4/2015,2.684191924
6/5/2015,2.665270102
6/8/2015,2.765185451
6/9/2015,2.734287492
6/10/2015,2.742796347
6/11/2015,2.737624644
6/12/2015,2.71657754
6/15/2015,2.740060617
6/16/2015,2.738029425
6/17/2015,2.736058161
6/18/2015,2.714836899
6/19/2015,2.712186919
6/22/2015,2.680299691
6/23/2015,2.678507676
6/24/2015,2.672077053
6/25/2015,2.663305372
6/26/2015,2.664524192
6/29/2015,2.686158268
6/30/2015,2.677004201
7/1/2015,2.68
7/2/2015,2.70422917
7/3/2015,2.692231435
7/6/2015,2.690952035
7/7/2015,2.682920135
7/8/2015,2.684325109
7/9/2015,2.671069296
7/10/2015,2.663924899
7/13/2015,2.660059734
7/14/2015,2.636750975
7/15/2015,2.644381869
7/16/2015,2.653906322
7/17/2015,2.65056479
7/20/2015,2.689734611
7/21/2015,2.689058618
7/22/2015,2.720601724
7/23/2015,2.72524775
7/24/2015,2.750251394
7/27/2015,2.774371496
7/28/2015,2.749659864
7/29/2015,2.759202176
7/30/2015,2.781560931
7/31/2015,2.779702745
8/3/2015,2.778741667
8/4/2015,2.773170509
8/5/2015,2.779288799
8/6/2015,2.785117134
8/7/2015,2.788776163
8/10/2015,2.791149635
8/11/2015,2.767616463
8/12/2015,2.775885253
8/13/2015,2.789900081
8/14/2015,2.833407931
8/17/2015,2.858108108
8/18/2015,2.88915009
8/19/2015,2.920297075
8/20/2015,2.960296879
8/21/2015,2.928729723
8/24/2015,2.954683831
8/25/2015,2.920737007
8/26/2015,2.92667953
8/27/2015,2.920950018
8/28/2015,2.921636493
8/31/2015,2.918502006
9/1/2015,2.923193307
9/2/2015,2.943225233
9/3/2015,2.969988423
9/4/2015,2.977823667
9/7/2015,3.025031401
9/8/2015,3.013169683
9/9/2015,3.019391328
9/10/2015,3.045775592
9/11/2015,3.044195953
9/14/2015,3.068996019
9/15/2015,3.029858657
9/16/2015,3.001959387
9/17/2015,3.017857143
9/18/2015,2.999649707
9/21/2015,2.987733333
9/22/2015,3.037292694
9/23/2015,3.025112108
9/24/2015,3.057557157
9/25/2015,3.02815891
9/28/2015,3.056132498
9/29/2015,3.037308104
9/30/2015,3.026242971
10/1/2015,3.030216085
10/2/2015,3.026344086
10/5/2015,2.994749021
10/6/2015,2.9914469
10/7/2015,2.928901118
10/8/2015,2.933357029
10/9/2015,2.902041894
10/12/2015,2.91717225
10/13/2015,2.954105855
10/14/2015,2.936021034
10/15/2015,2.882682053
10/16/2015,2.902464789
10/19/2015,2.898526427
10/20/2015,2.891233623
10/21/2015,2.90549586
10/22/2015,2.888977283
10/23/2015,2.87513533
10/26/2015,2.885659795
10/27/2015,2.909773077
10/28/2015,2.891023906
10/29/2015,2.936870997
10/30/2015,2.916220387
11/2/2015,2.805474982
11/3/2015,2.844569971
11/4/2015,2.839689072
11/5/2015,2.868234862
11/6/2015,2.880522828
11/9/2015,2.918522643
11/10/2015,2.914760527
11/11/2015,2.886244867
11/12/2015,2.884393064
11/13/2015,2.876254181
11/16/2015,2.883707918
11/17/2015,2.867197751
11/18/2015,2.864241515
11/19/2015,2.847665388
11/20/2015,2.822324102
11/23/2015,2.847051077
11/24/2015,2.880011267
11/25/2015,2.878518798
11/26/2015,2.908970976
11/27/2015,2.917296786
11/30/2015,2.910388506
12/1/2015,2.889150943
12/2/2015,2.883999246
12/3/2015,2.883328648
12/4/2015,2.912034489
12/7/2015,2.900268295
12/8/2015,2.923034483
12/9/2015,2.919202998
12/10/2015,2.918760852
12/11/2015,2.960365297
12/14/2015,2.989802422
12/15/2015,2.963876251
12/16/2015,2.964968444
12/17/2015,2.921686191
12/18/2015,2.914451827
12/21/2015,2.911039558
12/22/2015,2.947406866
12/23/2015,2.933125687
12/24/2015,2.922261807
12/28/2015,2.912151067
12/29/2015,2.910701242
12/30/2015,2.91387516
12/31/2015,2.917700009
1/4/2016,2.954028262
1/5/2016,2.978689745
1/6/2016,3.008285236
1/7/2016,3.017206478
1/8/2016,2.991529325
1/11/2016,3.0191036
1/12/2016,3.030823182
1/13/2016,3.016457101
1/14/2016,3.031763518
1/15/2016,3.042697453
1/18/2016,3.039111274
1/19/2016,3.039197644
1/20/2016,3.053726964
1/21/2016,3.038465069
1/22/2016,3.01369356
1/25/2016,3.019879797
1/26/2016,3.017347975
1/27/2016,2.9904482
1/28/2016,2.979455196
1/29/2016,2.963827839
2/1/2016,2.964810731
2/2/2016,2.952376591
2/3/2016,2.93954084
2/4/2016,2.900232019
2/5/2016,2.901089091
2/8/2016,2.947572291
2/9/2016,2.950694197
2/10/2016,2.926623434
2/11/2016,2.927381687
2/12/2016,2.929490022
2/15/2016,2.943470483
2/16/2016,2.957460147
2/17/2016,2.959859914
2/18/2016,2.96679899
2/19/2016,2.965302812
2/22/2016,2.948666788
2/23/2016,2.935648064
2/24/2016,2.944722703
2/25/2016,2.924458148
2/26/2016,2.939033255
2/29/2016,2.964088905
3/1/2016,2.951526858
3/2/2016,2.938743552
3/3/2016,2.928171727
3/4/2016,2.919507748
3/7/2016,2.922852187
3/8/2016,2.918026841
3/9/2016,2.907317962
3/10/2016,2.882195818
3/11/2016,2.875383228
3/14/2016,2.882363522
3/15/2016,2.892069493
3/16/2016,2.924981923
3/17/2016,2.861462293
3/18/2016,2.856458906
3/21/2016,2.867979771
3/22/2016,2.877274349
3/23/2016,2.874496464
3/24/2016,2.878787879
3/29/2016,2.868411649
3/30/2016,2.83821971
3/31/2016,2.821080369
4/1/2016,2.824090273
4/4/2016,2.807732865
4/5/2016,2.829682414
4/6/2016,2.853122795
4/7/2016,2.852956705
4/8/2016,2.85267975
4/11/2016,2.830553117
4/12/2016,2.832046332
4/13/2016,2.855284121
4/14/2016,2.861980092
4/15/2016,2.854661468
4/18/2016,2.852556165
4/19/2016,2.833112933
4/20/2016,2.813164601
4/21/2016,2.814795244
4/22/2016,2.831039687
4/25/2016,2.847478693
4/26/2016,2.830778772
4/27/2016,2.822967354
4/28/2016,2.814139813
4/29/2016,2.800491099
5/2/2016,2.791264248
5/3/2016,2.828075028
5/4/2016,2.859017818
5/5/2016,2.899379316
5/6/2016,2.919663954
5/9/2016,2.935146994
5/10/2016,2.940659341
5/11/2016,2.962661057
5/12/2016,2.947493195
5/13/2016,2.964310892
5/16/2016,2.9812787
5/17/2016,2.966513518
5/18/2016,2.984218459
5/19/2016,2.994284183
5/20/2016,2.983866655
5/23/2016,2.986625056
5/24/2016,2.958005014
5/25/2016,2.95029607
5/26/2016,2.931948424
5/27/2016,2.948424069
5/30/2016,2.956459287
5/31/2016,2.952035144
6/1/2016,2.947735815
6/2/2016,2.947175545
6/3/2016,2.949793796
6/6/2016,2.908978765
6/7/2016,2.898924921
6/8/2016,2.882668307
6/9/2016,2.896059244
6/10/2016,2.918789809
6/13/2016,2.923233937
6/14/2016,2.929710468
6/15/2016,2.930097952
6/16/2016,2.935743691
6/17/2016,2.931224454
6/20/2016,2.896311331
6/21/2016,2.898267633
6/22/2016,2.902596827
6/23/2016,2.870489068
6/24/2016,2.933038135
6/27/2016,2.944717221
6/28/2016,2.908064662
6/29/2016,2.899639315
6/30/2016,2.88776797
7/1/2016,2.880736417
7/4/2016,2.89854552
7/5/2016,2.920330163
7/6/2016,2.947691752
7/7/2016,2.93032491
7/8/2016,2.927009937
7/11/2016,2.89863336
7/12/2016,2.887486477
7/13/2016,2.894418353
7/14/2016,2.888141974
7/15/2016,2.88686197
7/18/2016,2.956663349
7/19/2016,2.979429089
7/20/2016,3.038499955
7/21/2016,3.072265093
7/22/2016,3.047031051
7/25/2016,3.030140229
7/26/2016,3.047012822
7/27/2016,3.040851606
7/28/2016,3.019927863
7/29/2016,3.016557185
8/1/2016,2.993908993
8/2/2016,2.994014116
8/3/2016,3.012678571
8/4/2016,3.022988506
8/5/2016,3.000268914
8/8/2016,2.983854965
8/9/2016,2.980231089
8/10/2016,2.95332618
8/11/2016,2.963328252
8/12/2016,2.957340025
8/15/2016,2.952325581
8/16/2016,2.92563081
8/17/2016,2.934196524
8/18/2016,2.933044784
8/19/2016,2.936782624
8/22/2016,2.942331505
8/23/2016,2.932092777
8/24/2016,2.954384097
8/25/2016,2.942338353
8/26/2016,2.937112489
8/29/2016,2.958639212
8/30/2016,2.952811605
8/31/2016,2.95822853
9/1/2016,2.960972546
9/2/2016,2.959438935
9/5/2016,2.946575834
9/6/2016,2.94121337
9/7/2016,2.931298389
9/8/2016,2.937234419
9/9/2016,2.967696131
9/12/2016,2.981738821
9/13/2016,2.979016627
9/14/2016,2.983597789
9/15/2016,2.975297672
9/16/2016,2.973810796
9/19/2016,2.977429467
9/20/2016,2.975232475
9/21/2016,2.97470852
9/22/2016,2.950080085
9/23/2016,2.948011414
9/26/2016,2.980198899
9/27/2016,2.978966132
9/28/2016,2.978886414
9/29/2016,2.999821763
9/30/2016,3.008332587
10/3/2016,3.013616946
10/4/2016,3.035839083
10/5/2016,3.053697262
10/6/2016,3.052391596
10/7/2016,3.050718133
10/10/2016,3.070609319
10/11/2016,3.08141529
10/12/2016,3.088838475
10/13/2016,3.098025005
10/14/2016,3.08752954
10/17/2016,3.094142259
10/18/2016,3.09997271
10/19/2016,3.071682303
10/20/2016,3.060655738
10/21/2016,3.079827301
10/24/2016,3.076026077
10/25/2016,3.072755703
10/26/2016,3.084851259
10/27/2016,3.097373479
10/28/2016,3.118293353
10/31/2016,3.102959985
11/1/2016,3.101587302
11/2/2016,3.116719243
11/3/2016,3.111984816
11/4/2016,3.148832597
11/7/2016,3.170131983
11/8/2016,3.170230114
11/9/2016,3.194973689
11/10/2016,3.238182653
11/11/2016,3.253026412
11/14/2016,3.292010764
11/15/2016,3.279795634
11/16/2016,3.320968043
11/17/2016,3.332275823
11/18/2016,3.367955593
11/21/2016,3.363465337
11/22/2016,3.364132994
11/23/2016,3.390303716
11/24/2016,3.425862723
11/25/2016,3.448168429
11/28/2016,3.426709482
11/29/2016,3.429179274
11/30/2016,3.420028209
12/1/2016,3.484708761
12/2/2016,3.54698365
12/5/2016,3.531489441
12/6/2016,3.465809577
12/7/2016,3.418732526
12/8/2016,3.407916744
12/9/2016,3.476370868
12/12/2016,3.517270668
12/13/2016,3.482846371
12/14/2016,3.487880496
12/15/2016,3.53584797
12/16/2016,3.506178753
12/19/2016,3.505277298
12/20/2016,3.519008105
12/21/2016,3.512810671
12/22/2016,3.512255841
12/23/2016,3.510817538
12/27/2016,3.52101484
12/28/2016,3.546005192
12/29/2016,3.532574381
12/30/2016,3.516933877
1/2/2017,3.543621596
1/3/2017,3.587963409
1/4/2017,3.582159624
1/5/2017,3.620607561
1/6/2017,3.617433185
1/9/2017,3.728604032
1/10/2017,3.777041734
1/11/2017,3.879558221
1/12/2017,3.775540781
1/13/2017,3.788293781
1/16/2017,3.781008118
1/17/2017,3.796330962
1/18/2017,3.785727682
1/19/2017,3.819553806
1/20/2017,3.824774266
1/23/2017,3.786654223
1/24/2017,3.764886491
1/25/2017,3.824071488
1/26/2017,3.865514019
1/27/2017,3.877539556
1/30/2017,3.815710254
1/31/2017,3.777963738
2/1/2017,3.760982391
2/2/2017,3.73676906
2/3/2017,3.735033982
2/6/2017,3.678491412
2/7/2017,3.726932084
2/8/2017,3.723300516
2/9/2017,3.693041526
2/10/2017,3.685483112
2/13/2017,3.685859441
2/14/2017,3.650569519
2/15/2017,3.662908574
2/16/2017,3.664663913
2/17/2017,3.672957746
2/20/2017,3.624811605
2/21/2017,3.626554048
2/22/2017,3.602301912
2/23/2017,3.571077272
2/24/2017,3.581016118
2/27/2017,3.598753188
2/28/2017,3.622817779
3/1/2017,3.649292699
3/2/2017,3.706676812
3/3/2017,3.728159016
3/6/2017,3.712990937
3/7/2017,3.677571861
3/8/2017,3.735695339
3/9/2017,3.753483082
3/10/2017,3.752687158
3/13/2017,3.746787958
3/14/2017,3.741510676
3/15/2017,3.718414611
3/16/2017,3.638821555
3/17/2017,3.622613393
3/20/2017,3.633463542
3/21/2017,3.607850398
3/22/2017,3.623207181
3/23/2017,3.619321342
3/24/2017,3.625728829
3/27/2017,3.600238773
3/28/2017,3.623998527
3/29/2017,3.651470041
3/30/2017,3.643382695
3/31/2017,3.638013282
4/3/2017,3.642341244
4/4/2017,3.654210872
4/5/2017,3.690204158
4/6/2017,3.708044253
4/7/2017,3.737158984
4/10/2017,3.733598034
4/11/2017,3.710625471
4/12/2017,3.674210278
4/13/2017,3.668015052
4/18/2017,3.690601011
4/19/2017,3.663589744
4/20/2017,3.635830619
4/21/2017,3.645634698
4/24/2017,3.592275074
4/25/2017,3.592599394
4/26/2017,3.579454696
4/27/2017,3.565573017
4/28/2017,3.545837145
5/2/2017,3.538341732
5/3/2017,3.535397014
5/4/2017,3.560904182
5/5/2017,3.562996077
5/8/2017,3.564179923
5/9/2017,3.595518001
5/10/2017,3.589138026
5/11/2017,3.58388582
5/12/2017,3.589371092
5/15/2017,3.556325191
5/16/2017,3.556379419
5/17/2017,3.550598183
5/18/2017,3.635636625
5/19/2017,3.602737275
5/22/2017,3.560170773
5/23/2017,3.564065983
5/24/2017,3.566872152
5/25/2017,3.564027109
5/26/2017,3.569399786
5/29/2017,3.577225599
5/30/2017,3.556609684
5/31/2017,3.536583192
6/1/2017,3.539976825
6/2/2017,3.53044486
6/5/2017,3.516934839
6/6/2017,3.529578966
6/7/2017,3.543460818
6/8/2017,3.550182563
6/9/2017,3.529348604
6/12/2017,3.516531503
6/13/2017,3.523134528
6/14/2017,3.513523163
6/15/2017,3.516568153
6/16/2017,3.512581714
6/19/2017,3.508974016
6/20/2017,3.536213697
6/21/2017,3.526599085
6/22/2017,3.51660847
6/23/2017,3.511590441
6/26/2017,3.508000358
6/27/2017,3.504610747
6/28/2017,3.523428571
6/29/2017,3.517304828
6/30/2017,3.516824395
7/3/2017,3.546661976
7/4/2017,3.556504889
7/5/2017,3.584694148
7/6/2017,3.633465086
7/7/2017,3.633456011
7/10/2017,3.611311144
7/11/2017,3.632704954
7/12/2017,3.596995371
7/13/2017,3.570377507
7/14/2017,3.562242663
7/17/2017,3.534374455
7/18/2017,3.526611856
7/19/2017,3.518251973
7/20/2017,3.539573357
7/21/2017,3.533585295
7/24/2017,3.552369505
7/25/2017,3.561399008
7/26/2017,3.555994504
7/27/2017,3.531982213
7/28/2017,3.534998721
7/31/2017,3.522981155
8/1/2017,3.522011514
8/2/2017,3.532504861
8/3/2017,3.540640809
8/4/2017,3.530754971
8/7/2017,3.531575824
8/8/2017,3.528525478
8/9/2017,3.539169721
8/10/2017,3.534094783
8/11/2017,3.549936252
8/14/2017,3.523607697
8/15/2017,3.530057902
8/16/2017,3.52852263
8/17/2017,3.522014192
8/18/2017,3.524361158
8/21/2017,3.506759629
8/22/2017,3.497578795
8/23/2017,3.503517247
8/24/2017,3.479671354
8/25/2017,3.47899729
8/28/2017,3.443438155
8/29/2017,3.442065073
8/30/2017,3.460473313
8/31/2017,3.47255814
9/1/2017,3.438003356
9/4/2017,3.429315414
9/5/2017,3.444407065
9/6/2017,3.440197804
9/7/2017,3.416005346
9/8/2017,3.415505804
9/11/2017,3.399099775
9/12/2017,3.4314925
9/13/2017,3.442023541
9/14/2017,3.461001262
9/15/2017,3.438936722
9/18/2017,3.459993304
9/19/2017,3.488473104
9/20/2017,3.468143583
9/21/2017,3.509113818
9/22/2017,3.4950255
9/25/2017,3.522625769
9/26/2017,3.541104607
9/27/2017,3.568861255
9/28/2017,3.565461029
9/29/2017,3.558614264
10/2/2017,3.581999319
10/3/2017,3.583510593
10/4/2017,3.564605073
10/5/2017,3.568812809
10/6/2017,3.617066712
10/9/2017,3.714966797
10/10/2017,3.677629906
10/11/2017,3.663313609
10/12/2017,3.662955466
10/13/2017,3.66003387
10/16/2017,3.641023469
10/17/2017,3.661110639
10/18/2017,3.679036514
10/19/2017,3.660976846
10/20/2017,3.662971738
10/23/2017,3.695570698
10/24/2017,3.720006802
10/25/2017,3.731014001
10/26/2017,3.772483621
10/27/2017,3.822576476
10/30/2017,3.77635205
10/31/2017,3.794810105
11/1/2017,3.82311402
11/2/2017,3.823014169
11/3/2017,3.854079094
11/6/2017,3.866695427
11/7/2017,3.863777893
11/8/2017,3.886971527
11/9/2017,3.866036113
11/10/2017,3.869658486
11/13/2017,3.887954701
11/14/2017,3.872030651
11/15/2017,3.883361486
11/16/2017,3.862458585
11/17/2017,3.886901229
11/20/2017,3.922502334
11/21/2017,3.951527564
11/22/2017,3.962635118
11/23/2017,3.917960837
11/24/2017,3.942578092
11/27/2017,3.911981258
11/28/2017,3.926985195
11/29/2017,3.95654012
11/30/2017,3.936028357
12/1/2017,3.93083719
12/4/2017,3.899030763
12/5/2017,3.867899046
12/6/2017,3.849454176
12/7/2017,3.865009333
12/8/2017,3.846448646
12/11/2017,3.82197355
12/12/2017,3.827978922
12/13/2017,3.854976142
12/14/2017,3.871253694
12/15/2017,3.862696934
12/18/2017,3.836625689
12/19/2017,3.831007359
12/20/2017,3.829970452
12/21/2017,3.820979847
12/22/2017,3.81759892
12/27/2017,3.823034889
12/28/2017,3.809200603
12/29/2017,3.790878012
1/2/2018,3.757977621
1/3/2018,3.768027946
1/4/2018,3.760215499
1/5/2018,3.746533831
1/8/2018,3.749018625
1/9/2018,3.758213208
1/10/2018,3.798198799
1/11/2018,3.798618624
1/12/2018,3.756035264
1/15/2018,3.782845972
1/16/2018,3.796974652
1/17/2018,3.82315824
1/18/2018,3.790273805
1/19/2018,3.799020808
1/22/2018,3.803578724
1/23/2018,3.779492203
1/24/2018,3.745385363
1/25/2018,3.740630289
1/26/2018,3.75
1/29/2018,3.776960982
1/30/2018,3.770469366
1/31/2018,3.75146504
2/1/2018,3.746448351
2/2/2018,3.745997438
2/5/2018,3.759967846
2/6/2018,3.783518534
2/7/2018,3.783514346
2/8/2018,3.811704212
2/9/2018,3.827100139
2/12/2018,3.803963141
2/13/2018,3.799967567
2/14/2018,3.8005345
2/15/2018,3.765788842
2/16/2018,3.753530167
2/19/2018,3.753021757
2/20/2018,3.773581848
2/21/2018,3.788986355
2/22/2018,3.799934832
2/23/2018,3.786893243
2/26/2018,3.780762987
2/27/2018,3.790667425
2/28/2018,3.803094809
3/1/2018,3.815216498
3/2/2018,3.817251462
3/5/2018,3.814008288
3/6/2018,3.788010636
3/7/2018,3.797374567
3/8/2018,3.810160213
3/9/2018,3.818973232
3/12/2018,3.837749959
3/13/2018,3.863467442
3/14/2018,3.874525022
3/15/2018,3.89733409
3/16/2018,3.914072027
3/19/2018,3.947030628
3/20/2018,3.929455849
3/21/2018,3.935536383
3/22/2018,3.927573888
3/23/2018,3.959177061
3/26/2018,3.985496737
3/27/2018,3.993939884
3/28/2018,3.997499597
3/29/2018,3.975002029
4/3/2018,3.978469288
4/4/2018,4.012870642
4/5/2018,4.041027732
4/6/2018,4.057871506
4/9/2018,4.065182055
4/10/2018,4.095299733
4/11/2018,4.185400517
4/12/2018,4.095837053
4/13/2018,4.092798571
4/16/2018,4.108003234
4/17/2018,4.105689083
4/18/2018,4.093477559
4/19/2018,4.025036343
4/20/2018,4.046063856
4/23/2018,4.092090211
4/24/2018,4.092769999
4/25/2018,4.104062372
4/26/2018,4.070595003
4/27/2018,4.049875725
4/30/2018,4.04801722
5/2/2018,4.14866328
5/3/2018,4.199466311
5/4/2018,4.257916284
5/7/2018,4.270458746
5/8/2018,4.288458298
5/9/2018,4.278474619
5/10/2018,4.245580064
5/11/2018,4.275599129
5/14/2018,4.316649983
5/15/2018,4.436505933
5/16/2018,4.427868296
5/17/2018,4.447013977
5/18/2018,4.474492827
5/21/2018,4.593247725
5/22/2018,4.638290656
5/23/2018,4.875811411
5/24/2018,4.758185539
5/25/2018,4.724025696
5/28/2018,4.593095156
5/29/2018,4.614985292
5/30/2018,4.454779917
5/31/2018,4.498504146
6/1/2018,4.626874625
6/4/2018,4.617278691
6/5/2018,4.613019272
6/6/2018,4.596515087
6/7/2018,4.470260223
6/8/2018,4.491917645
6/11/2018,4.520441052
6/12/2018,4.560739735
6/13/2018,4.641533492
6/14/2018,4.624978687
6/15/2018,4.71464298
6/18/2018,4.720657883
6/19/2018,4.765996185
6/20/2018,4.745465538
6/21/2018,4.745536488
6/22/2018,4.690848214
6/25/2018,4.662991453
6/26/2018,4.630997258
6/27/2018,4.622933884
6/28/2018,4.602002935
6/29/2018,4.579258878
7/2/2018,4.617492912
7/3/2018,4.667295328
7/4/2018,4.697818244
7/5/2018,4.612007857
7/6/2018,4.609177755
7/9/2018,4.517940453
7/10/2018,4.701186716
7/11/2018,4.780826587
7/12/2018,4.834791559
7/13/2018,4.849866873
7/16/2018,4.854351536
7/17/2018,4.83582472
7/18/2018,4.833433813
7/19/2018,4.828874698
7/20/2018,4.788260497
7/23/2018,4.747695459
7/24/2018,4.873910815
7/25/2018,4.838579983
7/26/2018,4.81853875
7/27/2018,4.88
7/30/2018,4.885142075
7/31/2018,4.884032038
8/1/2018,4.929377565
8/2/2018,5.054661272
8/3/2018,5.087849499
8/6/2018,5.165641514
8/7/2018,5.296328219
8/8/2018,5.285788247
8/9/2018,5.403174329
8/10/2018,6.050017458
8/13/2018,6.897395422
8/14/2018,6.512624934
8/15/2018,6.127992227
8/16/2018,5.837115215
8/17/2018,6.169958739
8/20/2018,6.117600701
8/21/2018,6.143018605
8/22/2018,6.032283058
8/23/2018,6.069004232
8/24/2018,6.05833621
8/27/2018,6.196338004
8/28/2018,6.260973527
8/29/2018,6.452487136
8/30/2018,6.719124187
8/31/2018,6.556175436
9/3/2018,6.641743475
9/4/2018,6.676007611
9/5/2018,6.66896909
9/6/2018,6.556816228
9/7/2018,6.437537667
9/10/2018,6.461239305
9/11/2018,6.475980646
9/12/2018,6.368666379
9/13/2018,6.202065404
9/14/2018,6.114637694
9/17/2018,6.283266215
9/18/2018,6.416431564
9/19/2018,6.27719208
9/20/2018,6.314895063
9/21/2018,6.287524449
9/24/2018,6.208527988
9/25/2018,6.141037616
9/26/2018,6.119110505
9/27/2018,6.014777484
9/28/2018,6.016758811
10/1/2018,5.952093745
10/2/2018,6.013947847
10/3/2018,6.066678213
10/4/2018,6.13154234
10/5/2018,6.167477838
10/8/2018,6.136434919
10/9/2018,6.137560122
10/10/2018,6.077043478
10/11/2018,5.995766739
10/12/2018,5.876965613
10/15/2018,5.773249288
10/16/2018,5.788383533
10/17/2018,5.708412836
10/18/2018,5.579313342
10/19/2018,5.627201395
10/22/2018,5.662954585
10/23/2018,5.769907649
10/24/2018,5.706471156
10/25/2018,5.645234758
10/26/2018,5.63675628
10/29/2018,5.544767595
10/30/2018,5.505891664
10/31/2018,5.500530129
11/1/2018,5.551215659
11/2/2018,5.47770868
11/5/2018,5.433861038
11/6/2018,5.359292965
11/7/2018,5.341429442
11/8/2018,5.420693277
11/9/2018,5.487484576
11/12/2018,5.440035508
11/13/2018,5.493029038
11/14/2018,5.464323654
11/15/2018,5.4
11/16/2018,5.354662436
11/19/2018,5.315043318
11/20/2018,5.358812713
11/21/2018,5.336839337
11/22/2018,5.291239148
11/23/2018,5.284707541
11/26/2018,5.23268503
11/27/2018,5.235963983
11/28/2018,5.252392769
11/29/2018,5.159128831
11/30/2018,5.172374329
12/3/2018,5.247087893
12/4/2018,5.349723902
12/5/2018,5.324379073
12/6/2018,5.369306669
12/7/2018,5.331017501
12/10/2018,5.295317287
12/11/2018,5.386677212
12/12/2018,5.36691345
12/13/2018,5.361709612
12/14/2018,5.387594152
12/17/2018,5.375011022
12/18/2018,5.342533181
12/19/2018,5.336256028
12/20/2018,5.267574884
12/21/2018,5.304538286
12/24/2018,5.301542777
12/27/2018,5.279687088
12/28/2018,5.273266981
12/31/2018,5.291528384
1/2/2019,5.3636922
1/3/2019,5.485371872
1/4/2019,5.411470666
1/7/2019,5.358235037
1/8/2019,5.493968531
1/9/2019,5.534613706
1/10/2019,5.436410923
1/11/2019,5.464666609
1/14/2019,5.515043167
1/15/2019,5.451680672
1/16/2019,5.370620774
1/17/2019,5.372060372
1/18/2019,5.357919663
1/21/2019,5.339464883
1/22/2019,5.350537256
1/23/2019,5.308436703
1/24/2019,5.28128031
1/25/2019,5.271108761
1/28/2019,5.301629007
1/29/2019,5.311241464
1/30/2019,5.275002187
1/31/2019,5.195769499
2/1/2019,5.220469009
2/4/2019,5.215727392
2/5/2019,5.203886895
2/6/2019,5.214235563
2/7/2019,5.262758925
2/8/2019,5.243081262
2/11/2019,5.269077726
2/12/2019,5.255400142
2/13/2019,5.252808492
2/14/2019,5.317003905
2/15/2019,5.268383659
2/18/2019,5.30358404
2/19/2019,5.308748008
2/20/2019,5.306824193
2/21/2019,5.323410252
2/22/2019,5.331390728
2/25/2019,5.312285337
2/26/2019,5.303582431
2/27/2019,5.292200949
2/28/2019,5.315259285
3/1/2019,5.379074058
3/4/2019,5.38264091
3/5/2019,5.386971489
3/6/2019,5.417691287
3/7/2019,5.427291279
3/8/2019,5.461325967
3/11/2019,5.440857346
3/12/2019,5.457738359
3/13/2019,5.46500929
3/14/2019,5.475166003
3/15/2019,5.470286523
3/18/2019,5.461097894
3/19/2019,5.47552386
3/20/2019,5.474017967
3/21/2019,5.458856591
3/22/2019,5.572376571
3/25/2019,5.600441501
3/26/2019,5.526879816
3/27/2019,5.534144392
3/28/2019,5.652344446
3/29/2019,5.64717401
4/1/2019,5.52999288
4/2/2019,5.548303571
4/3/2019,5.604731833
4/4/2019,5.635974686
4/5/2019,5.595566634
4/8/2019,5.671438734
4/9/2019,5.680234105
4/10/2019,5.687028992
4/11/2019,5.74609375
4/12/2019,5.772458263
4/15/2019,5.801909308
4/16/2019,5.813180009
4/17/2019,5.748783294
4/18/2019,5.820977778
4/23/2019,5.815028902
4/24/2019,5.877866001
4/25/2019,5.956576463
4/26/2019,5.950058385
4/29/2019,5.937847534
4/30/2019,5.964788732
5/2/2019,5.964323939
5/3/2019,5.974361273
5/6/2019,6.020984016
5/7/2019,6.14671435
5/8/2019,6.183895733
5/9/2019,6.229339766
5/10/2019,6.129741763
5/13/2019,6.107692308
5/14/2019,6.033493675
5/15/2019,6.060985424
5/16/2019,6.023654378
5/17/2019,6.056122449
5/20/2019,6.028029014
5/21/2019,6.04650121
5/22/2019,6.097036971
5/23/2019,6.132327857
5/24/2019,6.077411281
5/27/2019,6.043043401
5/28/2019,6.033774124
5/29/2019,6.018286124
5/30/2019,5.890964613
5/31/2019,5.853286701
6/3/2019,5.884219937
6/4/2019,5.807097118
6/5/2019,5.7159101
6/6/2019,5.770814841
6/7/2019,5.842455424
6/10/2019,5.796920626
6/11/2019,5.808480565
6/12/2019,5.789101828
6/13/2019,5.876782709
6/14/2019,5.896759876
6/17/2019,5.870571479
6/18/2019,5.838920175
6/19/2019,5.855090568
6/20/2019,5.774387548
6/21/2019,5.815305762
6/24/2019,5.796910655
6/25/2019,5.769933263
6/26/2019,5.764830136
6/27/2019,5.767194371
6/28/2019,5.769332162
7/1/2019,5.663230241
7/2/2019,5.65357048
7/3/2019,5.639068449
7/4/2019,5.60214387
7/5/2019,5.607015986
7/8/2019,5.733749443
7/9/2019,5.69772423
7/10/2019,5.739572193
7/11/2019,5.66389012
7/12/2019,5.716786635
7/15/2019,5.702191854
7/16/2019,5.702753275
7/17/2019,5.688542131
7/18/2019,5.692938659
7/19/2019,5.643684304
7/22/2019,5.681854659
7/23/2019,5.686386825
7/24/2019,5.728904847
7/25/2019,5.669005848
7/26/2019,5.621565811
7/29/2019,5.626405252
7/30/2019,5.55899229
7/31/2019,5.525065017
8/1/2019,5.573616019
8/2/2019,5.602467135
8/5/2019,5.543730996
8/6/2019,5.533744525
8/7/2019,5.500267809
8/8/2019,5.482623068
8/9/2019,5.487765672
8/12/2019,5.553064142
8/13/2019,5.626537159
8/14/2019,5.596710762
8/15/2019,5.588878924
8/16/2019,5.556428313
8/19/2019,5.600378276
8/20/2019,5.717587577
8/21/2019,5.715237752
8/22/2019,5.763331228
8/23/2019,5.76728423
8/26/2019,5.815221303
8/27/2019,5.826729107
8/28/2019,5.797166832
8/29/2019,5.833995665
8/30/2019,5.837078652
9/2/2019,5.81345733
9/3/2019,5.754503063
9/4/2019,5.67090216
9/5/2019,5.682311449
9/6/2019,5.701913485
9/9/2019,5.726094444
9/10/2019,5.773188406
9/11/2019,5.756157412
9/12/2019,5.662227492
9/13/2019,5.667988464
9/16/2019,5.714894389
9/17/2019,5.719662616
9/18/2019,5.669320546
9/19/2019,5.694677871
9/20/2019,5.702085222
9/23/2019,5.719526627
9/24/2019,5.685085886
9/25/2019,5.700054635
9/26/2019,5.659078442
9/27/2019,5.660265203
9/30/2019,5.64707503
10/1/2019,5.68719031
10/2/2019,5.729519451
10/3/2019,5.702492923
10/4/2019,5.693141452
10/7/2019,5.740016374
10/8/2019,5.836519206
10/9/2019,5.833075312
10/10/2019,5.887216682
10/11/2019,5.860092366
10/14/2019,5.930921947
10/15/2019,5.876078859
10/16/2019,5.902585034
10/17/2019,5.896697561
10/18/2019,5.783111989
10/21/2019,5.82180256
10/22/2019,5.83081761
10/23/2019,5.782432797
10/24/2019,5.773813803
10/25/2019,5.763212389
10/28/2019,5.72553441
10/29/2019,5.731951329
10/30/2019,5.727984873
10/31/2019,5.712479828
11/1/2019,5.724122453
11/4/2019,5.689460477
11/5/2019,5.743721307
11/6/2019,5.753201082
11/7/2019,5.742800397
11/8/2019,5.756117455
11/11/2019,5.771397518
11/12/2019,5.773036768
11/13/2019,5.752862075
11/14/2019,5.761662272
11/15/2019,5.748867138
11/18/2019,5.724256396
11/19/2019,5.715446421
11/20/2019,5.696988878
11/21/2019,5.689027139
11/22/2019,5.707994212
11/25/2019,5.740915698
11/26/2019,5.740018149
11/27/2019,5.762739577
11/28/2019,5.768014539
11/29/2019,5.754689492
12/2/2019,5.754876168
12/3/2019,5.736428507
12/4/2019,5.740276148
12/5/2019,5.754912565
12/6/2019,5.759239228
12/9/2019,5.803160271
12/10/2019,5.8048208
12/11/2019,5.810293454
12/12/2019,5.781628805
12/13/2019,5.801145516
12/16/2019,5.848734972
12/17/2019,5.879053933
12/18/2019,5.913810166
12/19/2019,5.938832419
12/20/2019,5.927187528
12/23/2019,5.944379233
12/24/2019,5.956137184
12/27/2019,5.957948534
12/30/2019,5.94932523
12/31/2019,5.950062311
1/2/2020,5.958992227
1/3/2020,5.97353548
1/6/2020,5.976415937
1/7/2020,5.975653419
1/8/2020,5.952136752
1/9/2020,5.880378038
1/10/2020,5.878460013
1/13/2020,5.861855114
1/14/2020,5.888259109
1/15/2020,5.885837372
1/16/2020,5.852180141
1/17/2020,5.880716601
1/20/2020,5.91826793
1/21/2020,5.93234368
1/22/2020,5.92288961
1/23/2020,5.930123524
1/24/2020,5.939193475
1/27/2020,5.947029478
1/28/2020,5.949568378
1/29/2020,5.95936733
1/30/2020,5.981503309
1/31/2020,5.982356135
2/3/2020,5.984185794
2/4/2020,5.980539464
2/5/2020,5.985212737
2/6/2020,5.988003272
2/7/2020,5.988513082
2/10/2020,6.01744133
2/11/2020,6.033850105
2/12/2020,6.040223566
2/13/2020,6.058985921
2/14/2020,6.062995757
2/17/2020,6.049100138
2/18/2020,6.069064349
2/19/2020,6.07462963
2/20/2020,6.098795181
2/21/2020,6.122673826
2/24/2020,6.156313551
2/25/2020,6.15202952
2/26/2020,6.159172414
2/27/2020,6.15997811
2/28/2020,6.226473536
3/2/2020,6.226667865
3/3/2020,6.173068274
3/4/2020,6.096898876
3/5/2020,6.081880754
3/6/2020,6.105239944
3/9/2020,6.110509777
3/10/2020,6.135557507
3/11/2020,6.195836274
3/12/2020,6.259875445
3/13/2020,6.290525937
3/16/2020,6.414627588
3/17/2020,6.491167365
3/18/2020,6.446954454
3/19/2020,6.538746412
3/20/2020,6.519660035
3/23/2020,6.585922285
3/24/2020,6.465922715
3/25/2020,6.435023552
3/26/2020,6.411711137
3/27/2020,6.462148128
3/30/2020,6.56833424
3/31/2020,6.577491785
4/1/2020,6.668343087
4/2/2020,6.66284614
4/3/2020,6.70338433
4/6/2020,6.777499768
4/7/2020,6.758107487
4/8/2020,6.788519915
4/9/2020,6.73902641
4/14/2020,6.793031105
4/15/2020,6.887370449
4/16/2020,6.934790595
4/17/2020,6.904327808
4/20/2020,6.926335175
4/21/2020,6.981452431
4/22/2020,6.994386675
4/23/2020,6.942814705
4/24/2020,6.978240741
4/27/2020,6.982583856
4/28/2020,6.997793509
4/29/2020,6.988286294
4/30/2020,6.985932328
5/4/2020,7.030890148
5/5/2020,7.08899751
5/6/2020,7.141482373
5/7/2020,7.214318835
5/8/2020,7.124596514
5/11/2020,7.076496674
5/12/2020,6.997513354
5/13/2020,6.975724138
5/14/2020,6.964325426
5/15/2020,6.916929061
5/18/2020,6.857090103
5/19/2020,6.79890411
5/20/2020,6.791294032
5/21/2020,6.798272727
5/22/2020,6.807318415
5/25/2020,6.815032081
5/26/2020,6.743872437
5/27/2020,6.782094441
5/28/2020,6.814814815
5/29/2020,6.833782328
6/1/2020,6.813871896
6/2/2020,6.774476463
6/3/2020,6.762819368
6/4/2020,6.743822222
6/5/2020,6.773786408
6/8/2020,6.785467435
6/9/2020,6.805294847
6/10/2020,6.781978022
6/11/2020,6.819792034
6/12/2020,6.831564048
6/15/2020,6.839687195
6/16/2020,6.848425893
6/17/2020,6.856481481
6/18/2020,6.858670469
6/19/2020,6.858786798
6/22/2020,6.851779185
6/23/2020,6.858278848
6/24/2020,6.854787234
6/25/2020,6.855
6/26/2020,6.854989744
6/29/2020,6.854927331
6/30/2020,6.854884801
7/1/2020,6.855089286
7/2/2020,6.855218855
7/3/2020,6.856468282
7/6/2020,6.864724062
7/7/2020,6.865190434
7/8/2020,6.864965444
7/9/2020,6.863427967
7/10/2020,6.865643845
7/13/2020,6.869450084
7/14/2020,6.866901099
7/15/2020,6.865431667
7/16/2020,6.86174873
7/17/2020,6.861480574
7/20/2020,6.857791754
7/21/2020,6.848641091
7/22/2020,6.849110382
7/23/2020,6.848387933
7/24/2020,6.848380427
7/27/2020,6.849659864
7/28/2020,6.937185286
7/29/2020,6.972110874
7/30/2020,6.981009963
7/31/2020,6.971218771
8/3/2020,6.981408835
8/4/2020,6.968975776
8/5/2020,7.028091783
8/6/2020,7.249261167
8/7/2020,7.194634848
8/10/2020,7.315735782
8/11/2020,7.24857846
8/12/2020,7.312377878
8/13/2020,7.334910843
8/14/2020,7.377380852
8/17/2020,7.395258584
8/18/2020,7.393247102
8/19/2020,7.356490405
8/20/2020,7.352658228
8/21/2020,7.30096015
8/24/2020,7.370135899
8/25/2020,7.393939394
8/26/2020,7.354822292
8/27/2020,7.340758936
8/28/2020,7.316491817
8/31/2020,7.350921273
9/1/2020,7.357637441
9/2/2020,7.38453756
9/3/2020,7.441547448
9/4/2020,7.449332883
9/7/2020,7.456698241
9/8/2020,7.484259652
9/9/2020,7.495115943
9/10/2020,7.45809773
9/11/2020,7.471317699
9/14/2020,7.493853149
9/15/2020,7.485956946
9/16/2020,7.496840509
9/17/2020,7.547427312
9/18/2020,7.572044283
9/21/2020,7.610927293
9/22/2020,7.653321976
9/23/2020,7.690728703
9/24/2020,7.629969944
9/25/2020,7.624978511
9/28/2020,7.804027421
9/29/2020,7.831909075
9/30/2020,7.771609156
10/1/2020,7.709836624
10/2/2020,7.739727195
10/5/2020,7.785010197
10/6/2020,7.768122086
10/7/2020,7.877824979
10/8/2020,7.930641734
10/9/2020,7.908350996
10/12/2020,7.86676837
10/13/2020,7.903198439
10/14/2020,7.943319149
10/15/2020,7.938792956
10/16/2020,7.946512222
10/19/2020,7.896224014
10/20/2020,7.900169348
10/21/2020,7.853864327
10/22/2020,7.936299805
10/23/2020,7.963731444
10/26/2020,8.088078518
10/27/2020,8.152974983
10/28/2020,8.2634945
10/29/2020,8.323479152
10/30/2020,8.372371346
11/2/2020,8.439066255
11/3/2020,8.531874893
11/4/2020,8.449535023
11/5/2020,8.433572332
11/6/2020,8.550042123
11/9/2020,8.060759068
11/10/2020,8.271934282
11/11/2020,7.8890872
11/12/2020,7.73530659
11/13/2020,7.727719001
11/16/2020,7.755621302
11/17/2020,7.748779667
11/18/2020,7.714863498
11/19/2020,7.553498986
11/20/2020,7.626232825
11/23/2020,7.783883707
11/24/2020,7.960556258
11/25/2020,7.977291842
11/26/2020,7.888907563
11/27/2020,7.824693843
11/30/2020,7.775876461
12/1/2020,7.864471925
12/2/2020,7.837725841
12/3/2020,7.820014814
12/4/2020,7.783205856
12/7/2020,7.837483509
12/8/2020,7.831434704
12/9/2020,7.825749443
12/10/2020,7.862979777
12/11/2020,7.889667684
12/14/2020,7.871073837
12/15/2020,7.849670511
12/16/2020,7.811879564
12/17/2020,7.743589744
12/18/2020,7.666857003
12/21/2020,7.682494044
12/22/2020,7.625214478
12/23/2020,7.63981588
12/24/2020,7.567866809
12/28/2020,7.468205254
12/29/2020,7.355983359
12/30/2020,7.35453139
12/31/2020,7.426534105
1/4/2021,7.366541965
1/5/2021,7.390921685
1/6/2021,7.339439131
1/7/2021,7.330319322
1/8/2021,7.358857143
1/11/2021,7.444709364
1/12/2021,7.487048762
1/13/2021,7.441311853
1/14/2021,7.38139228
1/15/2021,7.438670296
1/18/2021,7.505470822
1/19/2021,7.439581273
1/20/2021,7.446574663
1/21/2021,7.365931897
1/22/2021,7.418572134
1/25/2021,7.395078999
1/26/2021,7.351478218
1/27/2021,7.39161301
1/28/2021,7.386733934
1/29/2021,7.314765985
2/1/2021,7.191492883
2/2/2021,7.192710063
2/3/2021,7.167845552
2/4/2021,7.126542181
2/5/2021,7.072769757
2/8/2021,7.094220374
2/9/2021,7.095423001
2/10/2021,7.050630824
2/11/2021,7.018523092
2/12/2021,7.020977866
2/15/2021,6.960013192
2/16/2021,6.972988553
2/17/2021,6.994029851
2/18/2021,6.949271764
2/19/2021,6.958563308
2/22/2021,7.062062145
2/23/2021,7.055999341
2/24/2021,7.168697514
2/25/2021,7.226503067
2/26/2021,7.438990182
3/1/2021,7.232639177
3/2/2021,7.328816096
3/3/2021,7.387865206
3/4/2021,7.451055343
3/5/2021,7.497235718
3/8/2021,7.67419518
3/9/2021,7.652850177
3/10/2021,7.590733266
3/11/2021,7.43821539
3/12/2021,7.579988268
3/15/2021,7.537919463
3/16/2021,7.492034211
3/17/2021,7.516418913
3/18/2021,7.362407656
3/19/2021,7.262131023
3/22/2021,7.890072111
3/23/2021,7.879996634
3/24/2021,7.950021142
3/25/2021,7.991272666
3/26/2021,8.022661687
3/29/2021,8.164375424
3/30/2021,8.329784516
3/31/2021,8.29424307
4/1/2021,8.164736932
4/6/2021,8.151117508
4/7/2021,8.18133625
4/8/2021,8.152867851
4/9/2021,8.151329071
4/12/2021,8.15171371
4/13/2021,8.145006725
4/14/2021,8.090270812
4/15/2021,8.112865497
4/16/2021,8.067078258
4/19/2021,8.076277524
4/20/2021,8.112521782
4/21/2021,8.174897976
4/22/2021,8.264403121
4/23/2021,8.340377921
4/26/2021,8.310136533
4/27/2021,8.205575778
4/28/2021,8.175393538
4/29/2021,8.219473988
4/30/2021,8.258318159
5/3/2021,8.310112919
5/4/2021,8.327926129
5/5/2021,8.344356518
5/6/2021,8.332504146
5/7/2021,8.294137159
5/10/2021,8.258279234
5/11/2021,8.283566146
5/12/2021,8.344611322
5/13/2021,8.497061502
5/14/2021,8.428111854
5/17/2021,8.371901507
5/18/2021,8.336197022
5/19/2021,8.426957091
5/20/2021,8.367942309
5/21/2021,8.381276666
5/24/2021,8.38740583
5/25/2021,8.412915851
5/26/2021,8.449178183
5/27/2021,8.442859485
5/28/2021,8.598089277
5/31/2021,8.50159823
6/1/2021,8.520408998
6/2/2021,8.586985065
6/3/2021,8.669073603
6/4/2021,8.680614013
6/7/2021,8.625390561
6/8/2021,8.591856838
6/9/2021,8.581467815
6/10/2021,8.483982257
6/11/2021,8.409814433
6/14/2021,8.370211361
6/15/2021,8.555170135
6/16/2021,8.546106895
6/17/2021,8.637262294
6/18/2021,8.695495041
6/21/2021,8.786729459
6/22/2021,8.693038507
6/23/2021,8.646473098
6/24/2021,8.696548257
6/25/2021,8.693472803
6/28/2021,8.743073048
6/29/2021,8.71551144
6/30/2021,8.684786267
7/1/2021,8.692948502
7/2/2021,8.69322507
7/5/2021,8.670908478
7/6/2021,8.659739821
7/7/2021,8.669258727
7/8/2021,8.692684575
7/9/2021,8.666722888
7/12/2021,8.637529531
7/13/2021,8.588821344
7/14/2021,8.591686421
7/15/2021,8.557964265
7/16/2021,8.517285206
7/19/2021,8.596124426
7/20/2021,8.54895966
7/21/2021,8.58503228
7/22/2021,8.553460722
7/23/2021,8.547038328
7/26/2021,8.566471536
7/27/2021,8.558001693
7/28/2021,8.551960701
7/29/2021,8.494146383
7/30/2021,8.40846018
8/2/2021,8.344354703
8/3/2021,8.378291965
8/4/2021,8.440687969
8/5/2021,8.53628692
8/6/2021,8.586855255
8/9/2021,8.645438313
8/10/2021,8.600324177
8/11/2021,8.659071514
8/12/2021,8.565721101
8/13/2021,8.554866128
8/16/2021,8.47069317
8/17/2021,8.422962522
8/18/2021,8.477352214
8/19/2021,8.526932285
8/20/2021,8.531488304
8/23/2021,8.461341526
8/24/2021,8.418739353
8/25/2021,8.417433538
8/26/2021,8.366618509
8/27/2021,8.401411445
8/30/2021,8.381408355
8/31/2021,8.3074193
9/1/2021,8.291867648
9/2/2021,8.267938545
9/3/2021,8.303066038
9/6/2021,8.277056642
9/7/2021,8.325042159
9/8/2021,8.446013359
9/9/2021,8.470349721
9/10/2021,8.407904738
9/13/2021,8.443803056
9/14/2021,8.451667513
9/15/2021,8.437838295
9/16/2021,8.472583525
9/17/2021,8.601273345
9/20/2021,8.66808983
9/21/2021,8.654455614
9/22/2021,8.655725126
9/23/2021,8.74605207
9/24/2021,8.839491424
9/27/2021,8.845187211
9/28/2021,8.87866073
9/29/2021,8.852582804
9/30/2021,8.89377321
10/1/2021,8.843362069
10/4/2021,8.836026126
10/5/2021,8.852525427
10/6/2021,8.906775256
10/7/2021,8.873378308
10/8/2021,8.912611289
10/11/2021,8.961983757
10/12/2021,9.004240588
10/13/2021,9.067029926
10/14/2021,9.145319772
10/15/2021,9.233925185
10/18/2021,9.284729404
10/19/2021,9.307936508
10/20/2021,9.276520692
10/21/2021,9.425195497
10/22/2021,9.615649183
10/25/2021,9.672670861
10/26/2021,9.446032019
10/27/2021,9.48377378
10/28/2021,9.612266023
10/29/2021,9.565736368
11/1/2021,9.518224218
11/2/2021,9.53684392
11/3/2021,9.692433926
11/4/2021,9.724522431
11/5/2021,9.710738779
11/8/2021,9.740219363
11/9/2021,9.726613112
11/10/2021,9.825488839
11/11/2021,9.913176265
11/12/2021,9.956935709
11/15/2021,10.01773855
11/16/2021,10.20584096
11/17/2021,10.48082361
11/18/2021,11.06408109
11/19/2021,11.11232366
11/22/2021,11.23550275
11/23/2021,12.55049294
11/24/2021,12.04908085
11/25/2021,12.00561347
11/26/2021,12.19041715
11/29/2021,12.69652359
11/30/2021,13.142832
12/1/2021,13.40498497
12/2/2021,13.48769733
12/3/2021,13.82791604
12/6/2021,13.78949234
12/7/2021,13.65405117
12/8/2021,13.69997345
12/9/2021,13.80735567
12/10/2021,13.91892132
12/13/2021,14.23346338
12/14/2021,14.33300911
12/15/2021,14.70538093
12/16/2021,15.51023289
12/17/2021,16.87157988
12/20/2021,17.78000532
12/21/2021,13.02629482
12/22/2021,12.45190691
12/23/2021,11.18700265
12/24/2021,11.6993903
12/27/2021,11.32416902
12/28/2021,11.78369076
12/29/2021,12.52101212
12/30/2021,12.98605964
12/31/2021,13.45002649
1/3/2022,13.27846764
1/4/2022,13.42175725
1/5/2022,13.4681509
1/6/2022,13.74317278
1/7/2022,13.91449814
1/10/2022,13.88787772
1/11/2022,13.84615385
1/12/2022,13.71345646
1/13/2022,13.58667016
1/14/2022,13.56302961
1/17/2022,13.39621152
1/18/2022,13.58731416
1/19/2022,13.59250771
1/20/2022,13.41453519
1/21/2022,13.41469863
1/24/2022,13.41303963
1/25/2022,13.55369187
1/26/2022,13.55653099
1/27/2022,13.61523297
1/28/2022,13.59525947
1/31/2022,13.38382933
2/1/2022,13.37868561
2/2/2022,13.51329153
2/3/2022,13.56078327
2/4/2022,13.52686671
2/7/2022,13.56119507
2/8/2022,13.63586957
2/9/2022,13.5994753
2/10/2022,13.53597342
2/11/2022,13.49443812
2/14/2022,13.56574761
2/15/2022,13.63737329
2/16/2022,13.61326064
2/17/2022,13.62752858
2/18/2022,13.62321649
2/21/2022,13.64341154
2/22/2022,13.83874096
2/23/2022,13.82854372
2/24/2022,14.38009496
2/25/2022,13.80162268
2/28/2022,13.79873203
3/1/2022,13.93200143
3/2/2022,14.07167297
3/3/2022,14.16549296
3/4/2022,14.24476164
3/7/2022,14.3714548
3/8/2022,14.52286082
3/9/2022,14.67506595
3/10/2022,14.95308553
3/11/2022,14.7910828
3/14/2022,14.7810219
3/15/2022,14.64543718
3/16/2022,14.71557213
3/17/2022,14.76092661
3/18/2022,14.81231831
3/21/2022,14.83719877
3/22/2022,14.82510885
3/23/2022,14.84824761
3/24/2022,14.840317
3/25/2022,14.84311943
3/28/2022,14.84132774
3/29/2022,14.72936401
3/30/2022,14.67697286
3/31/2022,14.66741735
4/1/2022,14.6951683
4/4/2022,14.70513403
4/5/2022,14.72331115
4/6/2022,14.73935732
4/7/2022,14.74248809
4/8/2022,14.7534297
4/11/2022,14.7233945
4/12/2022,14.68999171
4/13/2022,14.59375577
4/14/2022,14.62088619
4/19/2022,14.66407479
4/20/2022,14.67146814
4/21/2022,14.69486544
4/22/2022,14.74031617
4/25/2022,14.7627024
4/26/2022,14.79707701
4/27/2022,14.82160068
4/28/2022,14.81754888
4/29/2022,14.83728653
5/2/2022,14.88949069
5/3/2022,14.86746874
5/4/2022,14.79147279
5/5/2022,14.86099546
5/6/2022,14.95534532
5/9/2022,15.0526565
5/10/2022,15.24379382
5/11/2022,15.33696579
5/12/2022,15.38547271
5/13/2022,15.47298989
5/16/2022,15.65160238
5/17/2022,15.75059292
5/18/2022,15.94706833
5/19/2022,15.96551069
5/20/2022,15.90252435
5/23/2022,15.82437377
5/24/2022,16.09813433
5/25/2022,16.32451201
5/26/2022,16.41469571
5/27/2022,16.39806006
5/30/2022,16.3894463
5/31/2022,16.41155605
6/1/2022,16.45098954
6/2/2022,16.47727273
6/3/2022,16.53122088
6/6/2022,16.59146
6/7/2022,16.76064528
6/8/2022,17.18316417
6/9/2022,17.23019641
6/10/2022,17.02741539
6/13/2022,17.26398852
6/14/2022,17.27898967
6/15/2022,17.30083405
6/16/2022,17.31980769
6/17/2022,17.30831585
6/20/2022,17.32804032
6/21/2022,17.35061611
6/22/2022,17.35101226
6/23/2022,17.36386162
6/24/2022,17.37514253
6/27/2022,16.53367386
6/28/2022,16.65476754
6/29/2022,16.63953599
6/30/2022,16.676615
7/1/2022,16.74896882
7/4/2022,16.83347681
7/5/2022,17.01156463
7/6/2022,17.24525892
7/7/2022,17.24469548
7/8/2022,17.32027945
7/11/2022,17.37443058
7/12/2022,17.3662617
7/13/2022,17.44601172
7/14/2022,17.48525737
7/15/2022,17.44219107
7/18/2022,17.49333728
7/19/2022,17.58711567
7/20/2022,17.59427395
7/21/2022,17.68085106
7/22/2022,17.75662414
7/25/2022,17.84417741
7/26/2022,17.84917029
7/27/2022,17.91361308
7/28/2022,17.92303893
7/29/2022,17.89292018
8/1/2022,17.92973712
8/2/2022,17.95422535
8/3/2022,17.96272317
8/4/2022,17.96699735
8/5/2022,17.96667644
8/8/2022,17.96009413
8/9/2022,17.91498925
8/10/2022,17.95737417
8/11/2022,17.96034049
8/12/2022,17.9614001
8/15/2022,17.96400196
8/16/2022,17.96407067
8/17/2022,17.9622196
8/18/2022,18.08754176
8/19/2022,18.10503282
8/22/2022,18.1249875
8/23/2022,18.11524126
8/24/2022,18.1560298
8/25/2022,18.1664995
8/26/2022,18.1795743
8/29/2022,18.18596034
8/30/2022,18.17719753
8/31/2022,18.1849
9/1/2022,18.20761695
9/2/2022,18.21995397
9/5/2022,18.225
9/6/2022,18.22502015
9/7/2022,18.235913
9/8/2022,18.23818563
9/9/2022,18.23882973
9/12/2022,18.24047267
9/13/2022,18.24471744
9/14/2022,18.25795796
9/15/2022,18.26230985
9/16/2022,18.27637131
9/19/2022,18.29209209
9/20/2022,18.30893251
9/21/2022,18.32121946
9/22/2022,18.36898017
9/23/2022,18.40424441
9/26/2022,18.45334854
9/27/2022,18.48195769
9/28/2022,18.5374804
9/29/2022,18.54522975
9/30/2022,18.55160033
10/3/2022,18.56206473
10/4/2022,18.53948034
10/5/2022,18.57801311
10/6/2022,18.57920892
10/7/2022,18.58630193
10/10/2022,18.57595133
10/11/2022,18.58335905
10/12/2022,18.58922316
10/13/2022,18.58928021
10/14/2022,18.5874241
10/17/2022,18.58948557
10/18/2022,18.58800203
10/19/2022,18.59204336
10/20/2022,18.57680155
10/21/2022,18.60102775
10/24/2022,18.60704497
10/25/2022,18.60947166
10/26/2022,18.60331238
10/27/2022,18.6121351
10/28/2022,18.61310421
10/31/2022,18.61630018
11/1/2022,18.62028752
11/2/2022,18.62010497
11/3/2022,18.62011689
11/4/2022,18.62287277
11/7/2022,18.60052036
11/8/2022,18.60654262
11/9/2022,18.60025899
11/10/2022,18.59553948
11/11/2022,18.52803648
11/14/2022,18.59899215
11/15/2022,18.60899654
11/16/2022,18.61150595
11/17/2022,18.61847078
11/18/2022,18.6194289
11/21/2022,18.62404841
11/22/2022,18.6121277
11/23/2022,18.62624697
11/24/2022,18.62758091
11/25/2022,18.63450602
11/28/2022,18.62219249
11/29/2022,18.63602161
11/30/2022,18.6327101
12/1/2022,18.63191123
12/2/2022,18.63655343
12/5/2022,18.63851894
12/6/2022,18.63921643
12/7/2022,18.63956691
12/8/2022,18.64378743
12/9/2022,18.64494744
12/12/2022,18.64353342
12/13/2022,18.64855382
12/14/2022,18.64766645
12/15/2022,18.64796159
12/16/2022,18.64949619
12/19/2022,18.65219853
12/20/2022,18.65685442
12/21/2022,18.66688605
12/22/2022,18.67328129
12/23/2022,18.68103935
12/27/2022,18.71225527
12/28/2022,18.71654135
12/29/2022,18.71912856
12/30/2022,18.71826364
1/2/2023,18.72498362
1/3/2023,18.73551446
1/4/2023,18.74422115
1/5/2023,18.77011603
1/6/2023,18.76809524
1/9/2023,18.77561705
1/10/2023,18.77795393
1/11/2023,18.77668186
1/12/2023,18.78128481
1/13/2023,18.79008692
1/16/2023,18.79162042
1/17/2023,18.79203173
1/18/2023,18.79380017
1/19/2023,18.79750347
1/20/2023,18.80343617
1/23/2023,18.80949315
1/24/2023,18.80954135
1/25/2023,18.81393639
1/26/2023,18.81239101
1/27/2023,18.80947998
1/30/2023,18.80794277
1/31/2023,18.81168651
2/1/2023,18.81567836
2/2/2023,18.8174372
2/3/2023,18.8174088
2/6/2023,18.83045657
2/7/2023,18.82971963
2/8/2023,18.83223102
2/9/2023,18.83242039
2/10/2023,18.83601497
2/13/2023,18.8449373
2/14/2023,18.84738359
2/15/2023,18.84831776
2/16/2023,18.84906542
2/17/2023,18.86851765
2/20/2023,18.86631066
2/21/2023,18.86937359
2/22/2023,18.87523487
2/23/2023,18.87292766
2/24/2023,18.88032167
2/27/2023,18.88610953
2/28/2023,18.88652415
3/1/2023,18.88786971
3/2/2023,18.88901462
3/3/2023,18.90042393
3/6/2023,18.90249859
3/7/2023,18.91570558
3/8/2023,18.93845424
3/9/2023,18.9526246
3/10/2023,18.96249764
3/13/2023,18.97356622
3/14/2023,18.97476018
3/15/2023,18.98464309
3/16/2023,18.98952336
3/17/2023,19.00207098
3/20/2023,19.02006158
3/21/2023,19.02700445
3/22/2023,19.04070468
3/23/2023,19.04393786
3/24/2023,19.06765938
3/27/2023,19.0941242
3/28/2023,19.10829259
3/29/2023,19.12971328
3/30/2023,19.16709535
3/31/2023,19.18455172
4/3/2023,19.20202392
4/4/2023,19.22841941
4/5/2023,19.25219378
4/6/2023,19.25744388
4/11/2023,19.28775791
4/12/2023,19.31660868
4/13/2023,19.32927826
4/14/2023,19.37397124
4/17/2023,19.38211456
4/18/2023,19.39591688
4/19/2023,19.39842678
4/20/2023,19.40314327
4/21/2023,19.40235015
4/24/2023,19.40619887
4/25/2023,19.42215569
4/26/2023,19.42422321
4/27/2023,19.42836443
4/28/2023,19.45250888
5/2/2023,19.47177383
5/3/2023,19.47450874
5/4/2023,19.48934441
5/5/2023,19.49745778
5/8/2023,19.50747486
5/9/2023,19.51437175
5/10/2023,19.54100457
5/11/2023,19.55910339
5/12/2023,19.60962174
5/15/2023,19.66678926
5/16/2023,19.7063689
5/17/2023,19.75851879
5/18/2023,19.787663
5/19/2023,19.80838268
5/22/2023,19.8326557
5/23/2023,19.85276927
5/24/2023,19.88752898
5/25/2023,19.92957615
5/26/2023,20.02976467
5/29/2023,20.10209986
5/30/2023,20.39445272
5/31/2023,20.71702705
6/1/2023,20.80209405
6/2/2023,20.88098114
6/5/2023,21.23143124
6/6/2023,21.50725452
6/7/2023,23.1338061
6/8/2023,23.36546521
6/9/2023,23.30649351
6/12/2023,23.58327915
6/13/2023,23.67006393
6/14/2023,23.58173744
6/15/2023,23.67242814
6/16/2023,23.66323181
6/19/2023,23.64493682
6/20/2023,23.56965151
6/21/2023,23.55973634
6/22/2023,24.23750569
6/23/2023,25.24632488
6/26/2023,25.90337058
6/27/2023,26.04255319
6/28/2023,26.07112818
6/29/2023,26.03656976
6/30/2023,26.06230444
7/3/2023,26.07808056
7/4/2023,26.05396971
7/5/2023,26.08953029
7/6/2023,26.01550601
7/7/2023,26.06814842
7/10/2023,26.09529025
7/11/2023,26.10765311
7/12/2023,26.14398476
7/13/2023,26.1561438
7/14/2023,26.18946618
7/17/2023,26.31495993
7/18/2023,26.96828076
7/19/2023,26.93200855
7/20/2023,26.91354827
7/21/2023,26.93697743
7/24/2023,26.953677
7/25/2023,26.95213103
7/26/2023,26.948187
7/27/2023,26.94588764
7/28/2023,26.95467757
7/31/2023,26.95509389
8/1/2023,26.96517776
8/2/2023,26.96531634
8/3/2023,26.96432492
8/4/2023,26.9903161
8/7/2023,27.00063729
8/8/2023,27.02083333
8/9/2023,27.02935813
8/10/2023,27.03893275
8/11/2023,27.04761905
8/14/2023,27.05169259
8/15/2023,27.05912502
8/16/2023,27.06220227
8/17/2023,27.0987156
8/18/2023,27.10361645
8/21/2023,27.16400807
8/22/2023,27.20088179
8/23/2023,27.21702915
8/24/2023,26.33846863
8/25/2023,26.47705403
8/28/2023,26.55856773
8/29/2023,26.62695548
8/30/2023,26.74903546
8/31/2023,26.66985646
9/1/2023,26.72002951
9/4/2023,26.77918711
9/5/2023,26.78976796
9/6/2023,26.77710563
9/7/2023,26.82978525
9/8/2023,26.84884155
9/11/2023,26.87392764
9/12/2023,26.89769439
9/13/2023,26.94120935
9/14/2023,26.95163094
9/15/2023,26.97626196
9/18/2023,27.01941292
9/19/2023,27.03285728
9/20/2023,27.03597458
9/21/2023,27.12251998
9/22/2023,27.16568047
9/25/2023,27.20887802
9/26/2023,27.26921264
9/27/2023,27.30334093
9/28/2023,27.41730714
9/29/2023,27.4225033
10/2/2023,27.4617284
10/3/2023,27.49947464
10/4/2023,27.56949605
10/5/2023,27.55690671
10/6/2023,27.61724889
10/9/2023,27.7020226
10/10/2023,27.72566623
10/11/2023,27.73387401
10/12/2023,27.74799887
10/13/2023,27.80083618
10/16/2023,27.88090719
10/17/2023,27.91976535
10/18/2023,28.00946522
10/19/2023,27.99820042
10/20/2023,28.01992258
10/23/2023,28.05001415
10/24/2023,28.09951091
10/25/2023,28.11403177
10/26/2023,28.15901328
10/27/2023,28.1944787
10/30/2023,28.23950967
10/31/2023,28.29409549
11/1/2023,28.33092911
11/2/2023,28.35015477
11/3/2023,28.40740049
11/6/2023,28.43850666
11/7/2023,28.4995321
11/8/2023,28.51232312
11/9/2023,28.50051445
11/10/2023,28.56398016
11/13/2023,28.58865979
11/14/2023,28.63651623
11/15/2023,28.66746411
11/16/2023,28.67149046
11/17/2023,28.69481236
11/20/2023,28.76390922
11/21/2023,28.80438156
11/22/2023,28.82833837
11/23/2023,28.76477064
11/24/2023,28.88145841
11/27/2023,28.90795361
11/28/2023,28.93350991
11/29/2023,28.91488393
11/30/2023,28.85746958
12/1/2023,28.91512644
12/4/2023,28.89059625
12/5/2023,28.92900065
12/6/2023,28.940527
12/7/2023,28.93203974
12/8/2023,28.98209149
12/11/2023,28.99247002
12/12/2023,29.04155868
12/13/2023,29.05339761
12/14/2023,29.00201484
12/15/2023,29.04851087
12/18/2023,29.06090859
12/19/2023,29.09386973
12/20/2023,29.13285819
12/21/2023,29.15678776
12/22/2023,29.21564003
12/27/2023,29.4025305
12/28/2023,29.46742847
12/29/2023,29.55031674
1/2/2024,29.72654253
1/3/2024,29.78093232
1/4/2024,29.77147813
1/5/2024,29.8404908
1/8/2024,29.89365978
1/9/2024,29.93903108
1/10/2024,29.97323223
1/11/2024,29.99699645
1/12/2024,30.09550356
1/15/2024,30.10004568
1/16/2024,30.10696563
1/17/2024,30.13726211
1/18/2024,30.14804598
1/19/2024,30.19252319
1/22/2024,30.24251607
1/23/2024,30.28007726
1/24/2024,30.16689592
1/25/2024,30.28477004
1/26/2024,30.30493975
1/29/2024,30.35285965
1/30/2024,30.35985617
1/31/2024,30.35747901
2/1/2024,30.36646939
2/2/2024,30.45437839
2/5/2024,30.55211241
2/6/2024,30.56176115
2/7/2024,30.59948033
2/8/2024,30.60448039
2/9/2024,30.68297438
2/12/2024,30.70361088
2/13/2024,30.72398777
2/14/2024,30.74927658
2/15/2024,30.74066834
2/16/2024,30.82754458
2/19/2024,30.86859688
2/20/2024,30.90399926
2/21/2024,31.00647608
2/22/2024,30.99326817
2/23/2024,31.09119439
2/26/2024,31.12255805
2/27/2024,31.14701548
2/28/2024,31.18865655
2/29/2024,31.22732311
3/1/2024,31.34597244
3/4/2024,31.52646137
3/5/2024,31.65950779
3/6/2024,31.74296487
3/7/2024,31.84295548
3/8/2024,31.96496524
3/11/2024,32.00164745
3/12/2024,32.05368267
3/13/2024,32.09946065
3/14/2024,32.12320366
3/15/2024,32.21786632
3/18/2024,32.30123026
3/19/2024,32.34346785
3/20/2024,32.39035411
3/21/2024,32.03859906
3/22/2024,31.98826573
3/25/2024,32.14877711
3/26/2024,32.20101336
3/27/2024,32.26747411
3/28/2024,32.32698178
4/2/2024,32.19211089
4/3/2024,31.94083279
4/4/2024,31.88951345
4/5/2024,31.94465455
4/8/2024,32.19818904
4/9/2024,32.19177326
4/10/2024,32.25865562
4/11/2024,32.28036164
4/12/2024,32.32576042
4/15/2024,32.40343468
4/16/2024,32.5016452
4/17/2024,32.52998684
4/18/2024,32.49695664
4/19/2024,32.6015207
4/22/2024,32.53790444
4/23/2024,32.5845044
4/24/2024,32.51890324
4/25/2024,32.50699627
4/26/2024,32.48422625
4/29/2024,32.37901119
4/30/2024,32.37964172
5/2/2024,32.37474294
5/3/2024,32.3419583
5/6/2024,32.27050854
5/7/2024,32.26899498
5/8/2024,32.25951783
5/9/2024,32.22241893
5/10/2024,32.23221078
5/13/2024,32.20954145
5/14/2024,32.24981475
5/15/2024,32.28997415
5/16/2024,32.20145408
5/17/2024,32.26226485
5/20/2024,32.20007366
5/21/2024,32.19366716
5/22/2024,32.18402585
5/23/2024,32.22056385
5/24/2024,32.2452952
5/27/2024,32.18666421
5/28/2024,32.18369785
5/29/2024,32.22704246
5/30/2024,32.27350902
5/31/2024,32.22364541
6/3/2024,32.19922524
6/4/2024,32.41757938
6/5/2024,32.4058131
6/6/2024,32.23773585
6/7/2024,32.26738851
6/10/2024,32.418836
6/11/2024,32.37651445
6/12/2024,32.37928472
6/13/2024,32.29886869
6/14/2024,32.64327157
6/17/2024,32.85595594
6/18/2024,32.64330378
6/19/2024,32.5379105
6/20/2024,32.81322885
6/21/2024,32.85263847
6/24/2024,32.89403541
6/25/2024,32.962479
6/26/2024,32.92749556
6/27/2024,32.88332087
6/28/2024,32.86950023
7/1/2024,32.67808283
7/2/2024,32.68776214
7/3/2024,32.58049823
7/4/2024,32.56814815
7/5/2024,32.71082779
7/8/2024,32.730503
7/9/2024,32.91880895
7/10/2024,32.8595843
7/11/2024,32.86900046
7/12/2024,33.02635445
7/15/2024,33.05711928
7/16/2024,33.09346909
7/17/2024,33.09575636
7/18/2024,33.08746569
7/19/2024,33.04949495
7/22/2024,32.97795738
7/23/2024,32.92744015
7/24/2024,32.86403024
7/25/2024,33.09169662
7/26/2024,32.96353591
7/29/2024,33.01248035
7/30/2024,33.093034
7/31/2024,33.16263391
8/1/2024,33.09491148
8/2/2024,33.17203507
8/5/2024,33.36202809
8/6/2024,33.57508016
8/7/2024,33.49075261
8/8/2024,33.49798719
8/9/2024,33.55088394
8/12/2024,33.52796339
8/13/2024,33.5549355
8/14/2024,33.54796261
8/15/2024,33.61611116
8/16/2024,33.69547026
8/19/2024,33.7304592
8/20/2024,33.82389029
8/21/2024,33.90329255
8/22/2024,33.93399192
8/23/2024,34.00602464
8/26/2024,34.01746842
8/27/2024,34.032969
8/28/2024,34.03697041
8/29/2024,34.08585859
8/30/2024,34.06250564
9/2/2024,33.97649399
9/3/2024,33.97797916
9/4/2024,34.0479638
9/5/2024,33.99044787
9/6/2024,33.9897325
9/9/2024,34.04772254
9/10/2024,34.05928746
9/11/2024,34.00977995
9/12/2024,33.95243282
9/13/2024,33.94531179
9/16/2024,33.97806939
9/17/2024,34.03689739
9/18/2024,34.10904351
9/19/2024,34.0250986
9/20/2024,34.10863335
9/23/2024,34.15280151
9/24/2024,34.13850714
9/25/2024,34.13346436
9/26/2024,34.15705961
9/27/2024,34.17601721
9/30/2024,34.18122544
10/1/2024,34.20395093
10/2/2024,34.22698943
10/3/2024,34.15572063
10/4/2024,34.25170006
10/7/2024,34.25368785
10/8/2024,34.27253688
10/9/2024,34.24632655
10/10/2024,34.21304427
10/11/2024,34.2818614
10/14/2024,34.27558406
10/15/2024,34.25818582
10/16/2024,34.21014958
10/17/2024,34.1588441
10/18/2024,34.29243109
10/21/2024,34.25439971
10/22/2024,34.24812864
10/23/2024,34.29460388
10/24/2024,34.23645959
10/25/2024,34.2891455
10/28/2024,34.29552598
10/29/2024,34.29469092
10/30/2024,34.29079982
10/31/2024,34.247381
11/1/2024,34.33697749
11/4/2024,34.34776229
11/5/2024,34.34816922
11/6/2024,34.25497896
11/7/2024,34.24376449
11/8/2024,34.35796509
11/11/2024,34.33198761
11/12/2024,34.38249976
11/13/2024,34.36033493
11/14/2024,34.36523308
11/15/2024,34.42256449
11/18/2024,34.54008719
11/19/2024,34.55832861
11/20/2024,34.46553683
11/21/2024,34.48204446
11/22/2024,34.5502305
11/25/2024,34.58980467
11/26/2024,34.64084775
11/27/2024,34.65777229
11/28/2024,34.60576741
11/29/2024,34.68945276
12/2/2024,34.71704578
12/3/2024,34.75019026
12/4/2024,34.75667175
12/5/2024,34.72248577
12/6/2024,34.79812872
12/9/2024,34.81406132
12/10/2024,34.84734492
12/11/2024,34.87008661
12/12/2024,34.87703746
12/13/2024,34.94808899
12/16/2024,34.96227853
12/17/2024,34.99114033
12/18/2024,35.01867378
12/19/2024,35.07118807
12/20/2024,35.18229066
12/23/2024,35.21908977
12/24/2024,35.25483405
12/27/2024,35.21379971
12/30/2024,35.3230563
12/31/2024,35.3616325
1/2/2025,35.31857378
1/3/2025,35.36731722
1/6/2025,35.32562824
1/7/2025,35.35379582
1/8/2025,35.38323935
1/9/2025,35.34323144
1/10/2025,35.40848214
1/13/2025,35.49901942
1/14/2025,35.49380185
1/15/2025,35.48320388
1/16/2025,35.44304907
1/17/2025,35.56719751
1/20/2025,35.58889104
1/21/2025,35.62885005
1/22/2025,35.65182419
1/23/2025,35.65868897
1/24/2025,35.69222689
1/27/2025,35.73266857
1/28/2025,35.76480184
1/29/2025,35.77664486
1/30/2025,35.7810247
1/31/2025,35.85634562
2/3/2025,35.98578937
2/4/2025,35.95104015
2/5/2025,35.91498753
2/6/2025,35.89440154
2/7/2025,35.97802833
2/10/2025,35.99651163
2/11/2025,36.05191786
2/12/2025,36.09652845
2/13/2025,36.10683349
2/14/2025,36.2174079
2/17/2025,36.23450778
2/18/2025,36.27433713
2/19/2025,36.29921411
2/20/2025,36.31389447
2/21/2025,36.40926899
2/24/2025,36.39795528
2/25/2025,36.46203677
2/26/2025,36.43806618
2/27/2025,36.43046674
2/28/2025,36.51772164
3/3/2025,36.45360726
3/4/2025,36.45401156
3/5/2025,36.43304657
3/6/2025,36.42395332
3/7/2025,36.45500599
3/10/2025,36.55398801
3/11/2025,36.58999267
3/12/2025,36.60903913
3/13/2025,36.60747922
3/14/2025,36.67747268
3/17/2025,36.66697239
3/18/2025,36.65506503
3/19/2025,37.99183261
3/20/2025,37.99879996
3/21/2025,38.00942089
3/24/2025,38
3/25/2025,37.97496536
3/26/2025,38.00899147
3/27/2025,38.01019935
3/28/2025,38.00935445
3/31/2025,37.94720296
4/1/2025,37.93112718
4/2/2025,37.91289457
4/3/2025,37.93547806
4/4/2025,38.01193814
4/7/2025,38.01112428
4/8/2025,38.01050228
4/9/2025,38.00995926
4/10/2025,37.91075618
4/11/2025,38.05834655
4/14/2025,38.05317746
4/15/2025,38.13396326
4/16/2025,38.12426244
4/17/2025,38.08133803
4/22/2025,38.2597595
4/23/2025,38.28961892
4/24/2025,38.31223629
4/25/2025,38.41586687
4/28/2025,38.44391618
4/29/2025,38.43831883
4/30/2025,38.47480876
5/2/2025,38.56792736
5/5/2025,38.58432513
5/6/2025,38.6009713
5/7/2025,38.64366197
5/8/2025,38.63353103
5/9/2025,38.74857803
5/12/2025,38.77201513
5/13/2025,38.77771778
5/14/2025,38.75075798
5/15/2025,38.69360751
5/16/2025,38.83526889
5/19/2025,38.84265672
5/20/2025,38.84956854
5/21/2025,38.82413214
5/22/2025,38.91237068
5/23/2025,39.03017432
5/26/2025,38.9020297
5/27/2025,38.99894329
5/28/2025,39.06909958
5/29/2025,39.11444021
5/30/2025,39.24102655
6/2/2025,39.18950871
6/3/2025,39.13007202
6/4/2025,39.11981729
6/5/2025,39.33555108
6/6/2025,39.23608799
6/9/2025,39.22743208
6/10/2025,39.22714148
6/11/2025,39.19041371
6/12/2025,39.32646196
6/13/2025,39.43485059
6/16/2025,39.39588733
6/17/2025,39.38545989
6/18/2025,39.53936392
6/19/2025,39.55863391
6/20/2025,39.67902736
6/23/2025,39.72977685
6/24/2025,39.63866632
6/25/2025,39.73754096
6/26/2025,39.77469004
6/27/2025,39.88533835
6/30/2025,39.73395904
7/1/2025,39.85469941
7/2/2025,39.76699277
7/3/2025,39.85859786
7/4/2025,39.85246877
7/7/2025,39.99957367
7/8/2025,40.02338283
7/9/2025,40.04864079
7/10/2025,40.01802033
7/11/2025,40.17427031
7/14/2025,40.2219846
7/15/2025,40.2155165
7/16/2025,40.25780038
7/17/2025,40.28378962
7/18/2025,40.33253219
7/21/2025,40.35810405
7/22/2025,40.42542098
7/23/2025,40.45446017
7/24/2025,40.47745832
7/25/2025,40.55390652
7/28/2025,40.5391282
7/29/2025,40.57452528
7/30/2025,40.58089702
7/31/2025,40.59444347
8/1/2025,40.66853736
8/4/2025,40.67652399
8/5/2025,40.66421271
8/6/2025,40.66003102
8/7/2025,40.64158722
8/8/2025,40.69067651
8/11/2025,40.70383755
8/12/2025,40.74090987
8/13/2025,40.74442832
8/14/2025,40.78742515
8/15/2025,40.89621834
8/18/2025,40.86481624
8/19/2025,40.85944188
8/20/2025,40.90078105
8/21/2025,40.93487413
8/22/2025,40.88645762
8/25/2025,40.99127982
8/26/2025,41.02625257
8/27/2025,41.03726387
8/28/2025,41.04196643
8/29/2025,41.13364213
9/1/2025,41.11463935
9/2/2025,41.1548171
9/3/2025,41.1674247
9/4/2025,41.17480896
9/5/2025,41.18748397
9/8/2025,41.26492156
9/9/2025,41.27503406
9/10/2025,41.28495772
9/11/2025,41.29413778
9/12/2025,41.37028503
9/15/2025,41.27018528
9/16/2025,41.29457102
9/17/2025,41.29348653
9/18/2025,41.3012354
9/19/2025,41.39502386
9/22/2025,41.38816739
9/23/2025,41.41202408
9/24/2025,41.45023818
9/25/2025,41.47116449
9/26/2025,41.56973955
9/29/2025,41.57928858
9/30/2025,41.58308492
10/1/2025,41.59211873
10/2/2025,41.60940956
10/3/2025,41.68467701
10/6/2025,41.6932694
10/7/2025,41.70504029
10/8/2025,41.71462974
10/9/2025,41.72457153
10/10/2025,41.82538036
10/13/2025,41.80534186
10/14/2025,41.82826971
10/15/2025,41.84081914
10/16/2025,41.85329213
10/17/2025,41.94931941
10/20/2025,41.95838696
10/21/2025,41.96726114
10/22/2025,42.00863036
10/23/2025,42.08392996
10/24/2025,41.97847055
10/27/2025,41.92001718
10/28/2025,41.96337059
10/29/2025,41.94534204
10/30/2025,41.98787879
10/31/2025,42.04881426
11/3/2025,42.04820219
11/4/2025,42.08650248
11/5/2025,42.09162896
11/6/2025,42.12043701
11/7/2025,42.2114869
11/10/2025,42.22444041
11/11/2025,42.23473002
11/12/2025,42.24438493
11/13/2025,42.25423875
11/14/2025,42.33035714
11/17/2025,42.3282153
11/18/2025,42.33615186
11/19/2025,42.35672969
11/20/2025,42.37015807
11/21/2025,42.44453125
11/24/2025,42.34727997
11/25/2025,42.42680287
11/26/2025,42.4513259
11/27/2025,42.44035905
11/28/2025,42.49602283
12/1/2025,42.45629401
12/2/2025,42.41441364
12/3/2025,42.44497772
12/4/2025,42.44753986
12/5/2025,42.51369687
12/8/2025,42.56713857
12/9/2025,42.58313998
12/10/2025,42.60099708
12/11/2025,42.61627113
12/12/2025,42.57002813
12/15/2025,42.69888539
12/16/2025,42.71467391
12/17/2025,42.72376728
12/18/2025,42.73393634
12/19/2025,42.80917008
12/22/2025,42.80928054
12/23/2025,42.82988291
12/24/2025,42.8499194
12/29/2025,42.9354921
12/30/2025,42.92310964
12/31/2025,42.96493617
1/2/2026,43.02806928
1/5/2026,43.0420096
1/6/2026,43.04211156
1/7/2026,43.04270798
1/8/2026,43.0482227
1/9/2026,43.10608143
1/12/2026,43.12931919
1/13/2026,43.15608375
1/14/2026,43.17998455
1/15/2026,43.18969374
1/16/2026,43.28002066
1/19/2026,43.27211762
1/20/2026,43.27293656
1/21/2026,43.29823665
1/22/2026,43.28361524
1/23/2026,43.35581673
1/26/2026,43.37630956
1/27/2026,43.40355436
1/28/2026,43.41456489
1/29/2026,43.42488302
1/30/2026,43.4872053
2/2/2026,43.49163851
2/3/2026,43.49173799
2/4/2026,43.50972927
2/5/2026,43.53992202
2/6/2026,43.61488893
2/9/2026,43.58901228
2/10/2026,43.63452161
2/11/2026,43.64319328
2/12/2026,43.64948627
2/13/2026,43.73992581
2/16/2026,43.70873049
2/17/2026,43.72687299
2/18/2026,43.75728155
2/19/2026,43.76976091
2/20/2026,43.84567009
2/23/2026,43.83893415
2/24/2026,43.85166002
2/25/2026,43.86897488
2/26/2026,43.88141188
2/27/2026,43.95984752
3/2/2026,43.95871089
3/3/2026,43.97802861
3/4/2026,43.97407503
3/5/2026,43.99423309
3/6/2026,44.07395554
3/9/2026,44.08429251
3/10/2026,44.04501332
3/11/2026,44.0955876
3/12/2026,44.10955226
3/13/2026,44.18978738
3/16/2026,44.18513678
3/17/2026,44.20518602
3/18/2026,44.22078261
3/19/2026,44.32065454
3/20/2026,44.30722631
3/23/2026,44.32123146
3/24/2026,44.34782233
3/25/2026,44.35714286
3/26/2026,44.36658289
3/27/2026,44.45610836
3/30/2026,44.45559039
3/31/2026,44.48017046
4/1/2026,44.46678156
4/2/2026,44.49414317
4/7/2026,44.60941421
4/8/2026,44.48206048
4/9/2026,44.5910997
4/10/2026,44.67142003
4/13/2026,44.7173913
4/14/2026,44.72500636
4/15/2026,44.71103565
4/16/2026,44.76464098
4/17/2026,44.86496567
4/20/2026,44.87959184
4/21/2026,44.89453557
4/22/2026,44.92474218
4/23/2026,44.92483325
4/24/2026,45.02305328
4/27/2026,45.00706443
4/28/2026,45.0547089
4/29/2026,45.06962242
4/30/2026,45.18518202
5/4/2026,45.20111111
5/5/2026,45.21949341
5/6/2026,45.22470668
5/7/2026,45.2324554
5/8/2026,45.36467987
5/11/2026,45.37696558
5/12/2026,45.39998296
5/13/2026,45.41775501
5/14/2026,45.43471202
5/15/2026,45.54506364
5/18/2026,45.57992788
5/19/2026,45.57358003
5/20/2026,45.58646552
5/21/2026,45.61212173
5/22/2026,45.71513583
5/25/2026,45.71416302
5/26/2026,45.90596527
5/27/2026,45.90478646
5/28/2026,45.89937161
5/29/2026,45.88603573
6/1/2026,45.89412674
6/2/2026,45.92668899
6/3/2026,45.95737903
6/4/2026,45.97396907
6/5/2026,46.08462199
6/8/2026,46.09948007
6/9/2026,46.11768772
6/10/2026,46.13779357
6/11/2026,46.15463292
6/12/2026,46.26480505
6/15/2026,46.27871112
6/16/2026,46.29955149
6/17/2026,46.31722888
6/18/2026,46.44551086
6/19/2026,46.44519055
6/22/2026,46.46246508
6/23/2026,46.47963483
6/24/2026,46.48906526
6/25/2026,46.51472403
6/26/2026,46.6251206
6/29/2026,46.64220586
6/30/2026,46.65982096
7/1/2026,46.67187912
7/2/2026,46.69479779
7/3/2026,46.80476939
7/6/2026,46.8
7/7/2026,46.84019942
7/8/2026,46.85741845
7/9/2026,46.8220376
7/10/2026,46.98503937
7/13/2026,46.9929972
7/14/2026,47.03761508
7/15/2026,47.03138699
7/16/2026,47.05476585
7/17/2026,47.14210756
7/20/2026,47.1809032
7/21/2026,47.18488352
7/22/2026,47.21756662
7/23/2026,47.23516503
7/24/2026,47.34534587
7/27/2026,47.35516727
7/28/2026,47.37960764
7/29/2026,47.39771529
7/30/2026,47.41260021
7/31/2026,47.52538093
8/3/2026,47.53645427
8/4/2026,47.55588363
8/5/2026,47.5758179
8/6/2026,47.59495755
8/7/2026,47.70585176
8/10/2026,47.6950238
8/11/2026,47.72668977
8/12/2026,47.75773062
8/13/2026,47.7748396
8/14/2026,47.88441255
8/17/2026,47.90183732
8/18/2026,47.91197305
8/19/2026,47.93459716
8/20/2026,47.95351425
8/21/2026,48.06547568
8/24/2026,48.08136145
8/25/2026,48.09938261
8/26/2026,48.11731939
8/27/2026,48.13078574
8/28/2026,48.24512583
8/31/2026,48.26215937
9/1/2026,48.2742019
9/2/2026,48.29374676
9/3/2026,48.31485149
9/4/2026,48.44217863
9/7/2026,48.43314404
9/8/2026,48.45996211
9/9/2026,48.47725712
9/10/2026,48.49483471
9/11/2026,48.59635956
9/14/2026,48.62228378
9/15/2026,48.63983014
