Day,Value-GBP
1/2/2015,0.647679
1/5/2015,0.656903
1/6/2015,0.658217
1/7/2015,0.661229
1/8/2015,0.663749
1/9/2015,0.660205
1/12/2015,0.66003
1/13/2015,0.659226
1/14/2015,0.658429
1/15/2015,0.655278
1/16/2015,0.659044
1/19/2015,0.660405
1/20/2015,0.659556
1/21/2015,0.661692
1/22/2015,0.657945
1/23/2015,0.667351
1/26/2015,0.666089
1/27/2015,0.660932
1/28/2015,0.658145
1/29/2015,0.660848
1/30/2015,0.664396
2/2/2015,0.665429
2/3/2015,0.662755
2/4/2015,0.656649
2/5/2015,0.655741
2/6/2015,0.652835
2/9/2015,0.65765
2/10/2015,0.656812
2/11/2015,0.653703
2/12/2015,0.65113
2/13/2015,0.650294
2/16/2015,0.650508
2/17/2015,0.651248
2/18/2015,0.648259
2/19/2015,0.64802
2/20/2015,0.650381
2/23/2015,0.650735
2/24/2015,0.648305
2/25/2015,0.645866
2/26/2015,0.645136
2/27/2015,0.647509
3/2/2015,0.649684
3/3/2015,0.651504
3/4/2015,0.652553
3/5/2015,0.655073
3/6/2015,0.658579
3/9/2015,0.661694
3/10/2015,0.663811
3/11/2015,0.665107
3/12/2015,0.668143
3/13/2015,0.676551
3/16/2015,0.675476
3/17/2015,0.676963
3/18/2015,0.682591
3/19/2015,0.672755
3/20/2015,0.673255
3/23/2015,0.670638
3/24/2015,0.670685
3/25/2015,0.67046
3/26/2015,0.67174
3/27/2015,0.672255
3/30/2015,0.675703
3/31/2015,0.675992
4/1/2015,0.677359
4/2/2015,0.675531
4/7/2015,0.671706
4/8/2015,0.668753
4/9/2015,0.674587
4/10/2015,0.685336
4/13/2015,0.683757
4/14/2015,0.683169
4/15/2015,0.677569
4/16/2015,0.671179
4/17/2015,0.665711
4/20/2015,0.671034
4/21/2015,0.671682
4/22/2015,0.663595
4/23/2015,0.665615
4/24/2015,0.661401
4/27/2015,0.6618
4/28/2015,0.654342
4/29/2015,0.650882
4/30/2015,0.647971
5/4/2015,0.661657
5/5/2015,0.66115
5/6/2015,0.656812
5/7/2015,0.656789
5/8/2015,0.648784
5/11/2015,0.645845
5/12/2015,0.637423
5/13/2015,0.639337
5/14/2015,0.633243
5/15/2015,0.636564
5/18/2015,0.638335
5/19/2015,0.645662
5/20/2015,0.643731
5/21/2015,0.637654
5/22/2015,0.639377
5/25/2015,0.646748
5/26/2015,0.64946
5/27/2015,0.650833
5/28/2015,0.653818
5/29/2015,0.655424
6/1/2015,0.657209
6/2/2015,0.656723
6/3/2015,0.653404
6/4/2015,0.649819
6/5/2015,0.652255
6/8/2015,0.655617
6/9/2015,0.653747
6/10/2015,0.645802
6/11/2015,0.646902
6/12/2015,0.645722
6/15/2015,0.644856
6/16/2015,0.640392
6/17/2015,0.635695
6/18/2015,0.628464
6/19/2015,0.631383
6/22/2015,0.631908
6/23/2015,0.633792
6/24/2015,0.634799
6/25/2015,0.635909
6/26/2015,0.635869
6/29/2015,0.636396
6/30/2015,0.635803
7/1/2015,0.638784
7/2/2015,0.641876
7/3/2015,0.64005
7/6/2015,0.643169
7/7/2015,0.647425
7/8/2015,0.650671
7/9/2015,0.649177
7/10/2015,0.644435
7/13/2015,0.64395
7/14/2015,0.64219
7/15/2015,0.639931
7/16/2015,0.642404
7/17/2015,0.641289
7/20/2015,0.64237
7/21/2015,0.642956
7/22/2015,0.640433
7/23/2015,0.640422
7/24/2015,0.64622
7/27/2015,0.644511
7/28/2015,0.641633
7/29/2015,0.639438
7/30/2015,0.63989
7/31/2015,0.642017
8/3/2015,0.641768
8/4/2015,0.640436
8/5/2015,0.639805
8/6/2015,0.644373
8/7/2015,0.644457
8/10/2015,0.645164
8/11/2015,0.641158
8/12/2015,0.640879
8/13/2015,0.639662
8/14/2015,0.639603
8/17/2015,0.64009
8/18/2015,0.636709
8/19/2015,0.638439
8/20/2015,0.63829
8/21/2015,0.638064
8/24/2015,0.635122
8/25/2015,0.633582
8/26/2015,0.641466
8/27/2015,0.647997
8/28/2015,0.649716
8/31/2015,0.648712
9/1/2015,0.652189
9/2/2015,0.654731
9/3/2015,0.65411
9/4/2015,0.656761
9/7/2015,0.655257
9/8/2015,0.648988
9/9/2015,0.650956
9/10/2015,0.649575
9/11/2015,0.648385
9/14/2015,0.648739
9/15/2015,0.64894
9/16/2015,0.647177
9/17/2015,0.644139
9/18/2015,0.63911
9/21/2015,0.643822
9/22/2015,0.647512
9/23/2015,0.654439
9/24/2015,0.657148
9/25/2015,0.65891
9/28/2015,0.658192
9/29/2015,0.659675
9/30/2015,0.659198
10/1/2015,0.66054
10/2/2015,0.659319
10/5/2015,0.658775
10/6/2015,0.659212
10/7/2015,0.653116
10/8/2015,0.654523
10/9/2015,0.65191
10/12/2015,0.650752
10/13/2015,0.65764
10/14/2015,0.650131
10/15/2015,0.646647
10/16/2015,0.647535
10/19/2015,0.645637
10/20/2015,0.646443
10/21/2015,0.647261
10/22/2015,0.646513
10/23/2015,0.649179
10/26/2015,0.652438
10/27/2015,0.652201
10/28/2015,0.653857
10/29/2015,0.655718
10/30/2015,0.651902
11/2/2015,0.646483
11/3/2015,0.649736
11/4/2015,0.648743
11/5/2015,0.654783
11/6/2015,0.660576
11/9/2015,0.662676
11/10/2015,0.661376
11/11/2015,0.658828
11/12/2015,0.658587
11/13/2015,0.656865
11/16/2015,0.658211
11/17/2015,0.657638
11/18/2015,0.657135
11/19/2015,0.654814
11/20/2015,0.655876
11/23/2015,0.660803
11/24/2015,0.663036
11/25/2015,0.662904
11/26/2015,0.662269
11/27/2015,0.664367
11/30/2015,0.666226
12/1/2015,0.663774
12/2/2015,0.66519
12/3/2015,0.667416
12/4/2015,0.660521
12/7/2015,0.663984
12/8/2015,0.668598
12/9/2015,0.662736
12/10/2015,0.661153
12/11/2015,0.659726
12/14/2015,0.661022
12/15/2015,0.659873
12/16/2015,0.666148
12/17/2015,0.670233
12/18/2015,0.670598
12/21/2015,0.671435
12/22/2015,0.672206
12/23/2015,0.671491
12/24/2015,0.670686
12/28/2015,0.670817
12/29/2015,0.675721
12/30/2015,0.675444
12/31/2015,0.674153
1/4/2016,0.67728
1/5/2016,0.681509
1/6/2016,0.683672
1/7/2016,0.685913
1/8/2016,0.686115
1/11/2016,0.686122
1/12/2016,0.692876
1/13/2016,0.693602
1/14/2016,0.694969
1/15/2016,0.697728
1/18/2016,0.700174
1/19/2016,0.703653
1/20/2016,0.705969
1/21/2016,0.708547
1/22/2016,0.698177
1/25/2016,0.701711
1/26/2016,0.702178
1/27/2016,0.697695
1/28/2016,0.699147
1/29/2016,0.699725
2/1/2016,0.699191
2/2/2016,0.694752
2/3/2016,0.689015
2/4/2016,0.683518
2/5/2016,0.687154
2/8/2016,0.695793
2/9/2016,0.693708
2/10/2016,0.686933
2/11/2016,0.693928
2/12/2016,0.689446
2/15/2016,0.690519
2/16/2016,0.694788
2/17/2016,0.698949
2/18/2016,0.695985
2/19/2016,0.700388
2/22/2016,0.709623
2/23/2016,0.708826
2/24/2016,0.718833
2/25/2016,0.715698
2/26/2016,0.715473
2/29/2016,0.721712
3/1/2016,0.7156
3/2/2016,0.713062
3/3/2016,0.710348
3/4/2016,0.706317
3/7/2016,0.707003
3/8/2016,0.703736
3/9/2016,0.702953
3/10/2016,0.706715
3/11/2016,0.699684
3/14/2016,0.696358
3/15/2016,0.705356
3/16/2016,0.711587
3/17/2016,0.691522
3/18/2016,0.690265
3/21/2016,0.69473
3/22/2016,0.702729
3/23/2016,0.707054
3/24/2016,0.70771
3/29/2016,0.700822
3/30/2016,0.693924
3/31/2016,0.695257
4/1/2016,0.698828
4/4/2016,0.700685
4/5/2016,0.705199
4/6/2016,0.712844
4/7/2016,0.710384
4/8/2016,0.710464
4/11/2016,0.702897
4/12/2016,0.700597
4/13/2016,0.702673
4/14/2016,0.707074
4/15/2016,0.705202
4/18/2016,0.705643
4/19/2016,0.696244
4/20/2016,0.69514
4/21/2016,0.693025
4/22/2016,0.695507
4/25/2016,0.689276
4/26/2016,0.68648
4/27/2016,0.685437
4/28/2016,0.685314
4/29/2016,0.68425
5/2/2016,0.680832
5/3/2016,0.68375
5/4/2016,0.689126
5/5/2016,0.689396
5/6/2016,0.690032
5/9/2016,0.693269
5/10/2016,0.692396
5/11/2016,0.692068
5/12/2016,0.692668
5/13/2016,0.694025
5/16/2016,0.695867
5/17/2016,0.690493
5/18/2016,0.686985
5/19/2016,0.683978
5/20/2016,0.686407
5/23/2016,0.690531
5/24/2016,0.685109
5/25/2016,0.681186
5/26/2016,0.680247
5/27/2016,0.68271
5/30/2016,0.68341
5/31/2016,0.683029
6/1/2016,0.692304
6/2/2016,0.691232
6/3/2016,0.69289
6/6/2016,0.693629
6/7/2016,0.686288
6/8/2016,0.685955
6/9/2016,0.69151
6/10/2016,0.694268
6/13/2016,0.705671
6/14/2016,0.708045
6/15/2016,0.70488
6/16/2016,0.707294
6/17/2016,0.699929
6/20/2016,0.682801
6/21/2016,0.678407
6/22/2016,0.680608
6/23/2016,0.672535
6/24/2016,0.729713
6/27/2016,0.75832
6/28/2016,0.747042
6/29/2016,0.744364
6/30/2016,0.74446
7/1/2016,0.752851
7/4/2016,0.753322
7/5/2016,0.762579
7/6/2016,0.770621
7/7/2016,0.767915
7/8/2016,0.770036
7/11/2016,0.770178
7/12/2016,0.759782
7/13/2016,0.753233
7/14/2016,0.746715
7/15/2016,0.748338
7/18/2016,0.754293
7/19/2016,0.760761
7/20/2016,0.759148
7/21/2016,0.75892
7/22/2016,0.763646
7/25/2016,0.761883
7/26/2016,0.761208
7/27/2016,0.763124
7/28/2016,0.759423
7/29/2016,0.759471
8/1/2016,0.757255
8/2/2016,0.753239
8/3/2016,0.749196
8/4/2016,0.759725
8/5/2016,0.760219
8/8/2016,0.766258
8/9/2016,0.770888
8/10/2016,0.764852
8/11/2016,0.771434
8/12/2016,0.771196
8/15/2016,0.775286
8/16/2016,0.770784
8/17/2016,0.768358
8/18/2016,0.760295
8/19/2016,0.764056
8/22/2016,0.762781
8/23/2016,0.7584
8/24/2016,0.755502
8/25/2016,0.757927
8/26/2016,0.756864
8/29/2016,0.765228
8/30/2016,0.762625
8/31/2016,0.761822
9/1/2016,0.754082
9/2/2016,0.752792
9/5/2016,0.749758
9/6/2016,0.748589
9/7/2016,0.747246
9/8/2016,0.748584
9/9/2016,0.750426
9/12/2016,0.752494
9/13/2016,0.75365
9/14/2016,0.758406
9/15/2016,0.757046
9/16/2016,0.758979
9/19/2016,0.765786
9/20/2016,0.77086
9/21/2016,0.768547
9/22/2016,0.764593
9/23/2016,0.770778
9/26/2016,0.773308
9/27/2016,0.770169
9/28/2016,0.768
9/29/2016,0.76765
9/30/2016,0.771463
10/3/2016,0.777127
10/4/2016,0.784338
10/5/2016,0.786326
10/6/2016,0.789656
10/7/2016,0.811068
10/10/2016,0.807079
10/11/2016,0.814451
10/12/2016,0.816606
10/13/2016,0.819261
10/14/2016,0.817215
10/17/2016,0.82304
10/18/2016,0.814746
10/19/2016,0.813717
10/20/2016,0.815738
10/21/2016,0.820503
10/24/2016,0.817326
10/25/2016,0.818598
10/26/2016,0.818902
10/27/2016,0.815942
10/28/2016,0.823155
10/31/2016,0.822675
11/1/2016,0.817896
11/2/2016,0.811744
11/3/2016,0.80132
11/4/2016,0.800577
11/7/2016,0.804918
11/8/2016,0.807103
11/9/2016,0.807748
11/10/2016,0.805737
11/11/2016,0.789921
11/14/2016,0.797857
11/15/2016,0.804812
11/16/2016,0.804616
11/17/2016,0.802977
11/18/2016,0.811158
11/21/2016,0.806368
11/22/2016,0.804587
11/23/2016,0.805442
11/24/2016,0.803944
11/25/2016,0.804211
11/28/2016,0.805657
11/29/2016,0.801957
11/30/2016,0.801598
12/1/2016,0.791362
12/2/2016,0.792173
12/5/2016,0.78647
12/6/2016,0.784516
12/7/2016,0.793057
12/8/2016,0.78977
12/9/2016,0.794914
12/12/2016,0.791808
12/13/2016,0.78688
12/14/2016,0.788829
12/15/2016,0.802361
12/16/2016,0.803621
12/19/2016,0.807331
12/20/2016,0.810286
12/21/2016,0.808368
12/22/2016,0.810465
12/23/2016,0.81637
12/27/2016,0.816659
12/28/2016,0.81846
12/29/2016,0.816034
12/30/2016,0.812238
1/2/2017,0.813569
1/3/2017,0.814299
1/4/2017,0.813883
1/5/2017,0.813637
1/6/2017,0.808839
1/9/2017,0.824078
1/10/2017,0.82275
1/11/2017,0.825716
1/12/2017,0.813213
1/13/2017,0.821199
1/16/2017,0.828847
1/17/2017,0.812336
1/18/2017,0.814263
1/19/2017,0.811352
1/20/2017,0.814475
1/23/2017,0.803994
1/24/2017,0.803405
1/25/2017,0.794219
1/26/2017,0.795729
1/27/2017,0.797397
1/30/2017,0.799012
1/31/2017,0.800604
2/1/2017,0.79164
2/2/2017,0.796336
2/3/2017,0.800791
2/6/2017,0.802371
2/7/2017,0.808712
2/8/2017,0.799953
2/9/2017,0.795829
2/10/2017,0.802427
2/13/2017,0.798664
2/14/2017,0.801073
2/15/2017,0.805287
2/16/2017,0.799005
2/17/2017,0.804883
2/20/2017,0.802044
2/21/2017,0.805353
2/22/2017,0.803291
2/23/2017,0.800416
2/24/2017,0.796522
2/27/2017,0.805516
2/28/2017,0.804992
3/1/2017,0.812209
3/2/2017,0.813772
3/3/2017,0.817369
3/6/2017,0.814766
3/7/2017,0.819875
3/8/2017,0.821836
3/9/2017,0.821278
3/10/2017,0.822648
3/13/2017,0.818325
3/14/2017,0.823657
3/15/2017,0.819742
3/16/2017,0.809342
3/17/2017,0.809053
3/20/2017,0.807227
3/21/2017,0.80312
3/22/2017,0.803091
3/23/2017,0.799861
3/24/2017,0.801481
3/27/2017,0.793489
3/28/2017,0.79616
3/29/2017,0.803731
3/30/2017,0.802645
3/31/2017,0.800234
4/3/2017,0.799737
4/4/2017,0.803896
4/5/2017,0.800805
4/6/2017,0.802456
4/7/2017,0.805014
4/10/2017,0.806721
4/11/2017,0.803787
4/12/2017,0.8
4/13/2017,0.797394
4/18/2017,0.78988
4/19/2017,0.777902
4/20/2017,0.781014
4/21/2017,0.782576
4/24/2017,0.781987
4/25/2017,0.7798
4/26/2017,0.779427
4/27/2017,0.775848
4/28/2017,0.772855
5/2/2017,0.774347
5/3/2017,0.773331
5/4/2017,0.775739
5/5/2017,0.772831
5/8/2017,0.772216
5/9/2017,0.774247
5/10/2017,0.771779
5/11/2017,0.777947
5/12/2017,0.777749
5/15/2017,0.774043
5/16/2017,0.776454
5/17/2017,0.771296
5/18/2017,0.767032
5/19/2017,0.768477
5/22/2017,0.76806
5/23/2017,0.770959
5/24/2017,0.771375
5/25/2017,0.771607
5/26/2017,0.77876
5/29/2017,0.77845
5/30/2017,0.77681
5/31/2017,0.778585
6/1/2017,0.77752
6/2/2017,0.777998
6/5/2017,0.774558
6/6/2017,0.774827
6/7/2017,0.774788
6/8/2017,0.772598
6/9/2017,0.784162
6/12/2017,0.789101
6/13/2017,0.785192
6/14/2017,0.785147
6/15/2017,0.784883
6/16/2017,0.783138
6/19/2017,0.78148
6/20/2017,0.790095
6/21/2017,0.787746
6/22/2017,0.789399
6/23/2017,0.785868
6/26/2017,0.785108
6/27/2017,0.783561
6/28/2017,0.778242
6/29/2017,0.770963
6/30/2017,0.770531
7/3/2017,0.77144
7/4/2017,0.773408
7/5/2017,0.774428
7/6/2017,0.773061
7/7/2017,0.775394
7/10/2017,0.776702
7/11/2017,0.77438
7/12/2017,0.776705
7/13/2017,0.772664
7/14/2017,0.770767
7/17/2017,0.765617
7/18/2017,0.768325
7/19/2017,0.767233
7/20/2017,0.772468
7/21/2017,0.769713
7/24/2017,0.767084
7/25/2017,0.764452
7/26/2017,0.766704
7/27/2017,0.760886
7/28/2017,0.763646
7/31/2017,0.762514
8/1/2017,0.757196
8/2/2017,0.755981
8/3/2017,0.761535
8/4/2017,0.760701
8/7/2017,0.766593
8/8/2017,0.767547
8/9/2017,0.770079
8/10/2017,0.769715
8/11/2017,0.770463
8/14/2017,0.770832
8/15/2017,0.776098
8/16/2017,0.777054
8/17/2017,0.77708
8/18/2017,0.776729
8/21/2017,0.776448
8/22/2017,0.779144
8/23/2017,0.780854
8/24/2017,0.779265
8/25/2017,0.779836
8/28/2017,0.774239
8/29/2017,0.771622
8/30/2017,0.774136
8/31/2017,0.777784
9/1/2017,0.772441
9/4/2017,0.771567
9/5/2017,0.771573
9/6/2017,0.766306
9/7/2017,0.763537
9/8/2017,0.756783
9/11/2017,0.756647
9/12/2017,0.753189
9/13/2017,0.753343
9/14/2017,0.749878
9/15/2017,0.735961
9/18/2017,0.738642
9/19/2017,0.740244
9/20/2017,0.738569
9/21/2017,0.741201
9/22/2017,0.73702
9/25/2017,0.74103
9/26/2017,0.744676
9/27/2017,0.745805
9/28/2017,0.744057
9/29/2017,0.746891
10/2/2017,0.752878
10/3/2017,0.755492
10/4/2017,0.753101
10/5/2017,0.759266
10/6/2017,0.764799
10/9/2017,0.759365
10/10/2017,0.757905
10/11/2017,0.758326
10/12/2017,0.761091
10/13/2017,0.753429
10/16/2017,0.751953
10/17/2017,0.758126
10/18/2017,0.75992
10/19/2017,0.758957
10/20/2017,0.75836
10/23/2017,0.758859
10/24/2017,0.759315
10/25/2017,0.754204
10/26/2017,0.757339
10/27/2017,0.763748
10/30/2017,0.757664
10/31/2017,0.754881
11/1/2017,0.75254
11/2/2017,0.761614
11/3/2017,0.762829
11/6/2017,0.76264
11/7/2017,0.761443
11/8/2017,0.76277
11/9/2017,0.762107
11/10/2017,0.75828
11/13/2017,0.76371
11/14/2017,0.76275
11/15/2017,0.759375
11/16/2017,0.75765
11/17/2017,0.757821
11/20/2017,0.754944
11/21/2017,0.755231
11/22/2017,0.755894
11/23/2017,0.751224
11/24/2017,0.750358
11/27/2017,0.747783
11/28/2017,0.75318
11/29/2017,0.746538
11/30/2017,0.742552
12/1/2017,0.741397
12/4/2017,0.739359
12/5/2017,0.744349
12/6/2017,0.747525
12/7/2017,0.747226
12/8/2017,0.745401
12/11/2017,0.748135
12/12/2017,0.748496
12/13/2017,0.74902
12/14/2017,0.744306
12/15/2017,0.747527
12/18/2017,0.747842
12/19/2017,0.748541
12/20/2017,0.745631
12/21/2017,0.748486
12/22/2017,0.74722
12/27/2017,0.744792
12/28/2017,0.743824
12/29/2017,0.73979
1/2/2018,0.737281
1/3/2018,0.737254
1/4/2018,0.738525
1/5/2018,0.737924
1/8/2018,0.738436
1/9/2018,0.739775
1/10/2018,0.73941
1/11/2018,0.741242
1/12/2018,0.733155
1/15/2018,0.725283
1/16/2018,0.726574
1/17/2018,0.725789
1/18/2018,0.720948
1/19/2018,0.721053
1/22/2018,0.719707
1/23/2018,0.717038
1/24/2018,0.705821
1/25/2018,0.701523
1/26/2018,0.702276
1/29/2018,0.710397
1/30/2018,0.707914
1/31/2018,0.705708
2/1/2018,0.702464
2/2/2018,0.70325
2/5/2018,0.711961
2/6/2018,0.720942
2/7/2018,0.718715
2/8/2018,0.714275
2/9/2018,0.723051
2/12/2018,0.722499
2/13/2018,0.721114
2/14/2018,0.721088
2/15/2018,0.709677
2/16/2018,0.712476
2/19/2018,0.71386
2/20/2018,0.714489
2/21/2018,0.71851
2/22/2018,0.71964
2/23/2018,0.715017
2/26/2018,0.712825
2/27/2018,0.718641
2/28/2018,0.723882
3/1/2018,0.727303
3/2/2018,0.725471
3/5/2018,0.723734
3/6/2018,0.718435
3/7/2018,0.720891
3/8/2018,0.720272
3/9/2018,0.723237
3/12/2018,0.720127
3/13/2018,0.71619
3/14/2018,0.716549
3/15/2018,0.71696
3/16/2018,0.717446
3/19/2018,0.711618
3/20/2018,0.714524
3/21/2018,0.711403
3/22/2018,0.708022
3/23/2018,0.70699
3/26/2018,0.702989
3/27/2018,0.710569
3/28/2018,0.706606
3/29/2018,0.710088
4/3/2018,0.711107
4/4/2018,0.713368
4/5/2018,0.712847
4/6/2018,0.713544
4/9/2018,0.707802
4/10/2018,0.705307
4/11/2018,0.705426
4/12/2018,0.703928
4/13/2018,0.70147
4/16/2018,0.698989
4/17/2018,0.698228
4/18/2018,0.70314
4/19/2018,0.702431
4/20/2018,0.711739
4/23/2018,0.71613
4/24/2018,0.716188
4/25/2018,0.717111
4/26/2018,0.715812
4/27/2018,0.726595
4/30/2018,0.728206
5/2/2018,0.733239
5/3/2018,0.735324
5/4/2018,0.737196
5/7/2018,0.739456
5/8/2018,0.740775
5/9/2018,0.736131
5/10/2018,0.739266
5/11/2018,0.737389
5/14/2018,0.736069
5/15/2018,0.739712
5/16/2018,0.741836
5/17/2018,0.739941
5/18/2018,0.741236
5/21/2018,0.745301
5/22/2018,0.743497
5/23/2018,0.751221
5/24/2018,0.745865
5/25/2018,0.749807
5/28/2018,0.751159
5/29/2018,0.753963
5/30/2018,0.752235
5/31/2018,0.749466
6/1/2018,0.751393
6/4/2018,0.74698
6/5/2018,0.748522
6/6/2018,0.745287
6/7/2018,0.744534
6/8/2018,0.74641
6/11/2018,0.747922
6/12/2018,0.748006
6/13/2018,0.74983
6/14/2018,0.747511
6/15/2018,0.753018
6/18/2018,0.754801
6/19/2018,0.7603
6/20/2018,0.759008
6/21/2018,0.757237
6/22/2018,0.752601
6/25/2018,0.752479
6/26/2018,0.755312
6/27/2018,0.759065
6/28/2018,0.764223
6/29/2018,0.760036
7/2/2018,0.761663
7/3/2018,0.757394
7/4/2018,0.756812
7/5/2018,0.754206
7/6/2018,0.755672
7/9/2018,0.749385
7/10/2018,0.754188
7/11/2018,0.754001
7/12/2018,0.757102
7/13/2018,0.76001
7/16/2018,0.753157
7/17/2018,0.75788
7/18/2018,0.767531
7/19/2018,0.770608
7/20/2018,0.766452
7/23/2018,0.761096
7/24/2018,0.761814
7/25/2018,0.760094
7/26/2018,0.75845
7/27/2018,0.764069
7/30/2018,0.762325
7/31/2018,0.760225
8/1/2018,0.761286
8/2/2018,0.767367
8/3/2018,0.768467
8/6/2018,0.773456
8/7/2018,0.771272
8/8/2018,0.777332
8/9/2018,0.775813
8/10/2018,0.782778
8/13/2018,0.78339
8/14/2018,0.782921
8/15/2018,0.787298
8/16/2018,0.787142
8/17/2018,0.786366
8/20/2018,0.78352
8/21/2018,0.780212
8/22/2018,0.774174
8/23/2018,0.776216
8/24/2018,0.778391
8/27/2018,0.776799
8/28/2018,0.774381
8/29/2018,0.776158
8/30/2018,0.767687
8/31/2018,0.770234
9/3/2018,0.776622
9/4/2018,0.778914
9/5/2018,0.7799
9/6/2018,0.772082
9/7/2018,0.768618
9/10/2018,0.772103
9/11/2018,0.769552
9/12/2018,0.768476
9/13/2018,0.765921
9/14/2018,0.76335
9/17/2018,0.761503
9/18/2018,0.760563
9/19/2018,0.761233
9/20/2018,0.75274
9/21/2018,0.760269
9/24/2018,0.759857
9/25/2018,0.759319
9/26/2018,0.758967
9/27/2018,0.759998
9/28/2018,0.7665
10/1/2018,0.767517
10/2/2018,0.771403
10/3/2018,0.769787
10/4/2018,0.770127
10/5/2018,0.766252
10/8/2018,0.766771
10/9/2018,0.766769
10/10/2018,0.760417
10/11/2018,0.755853
10/12/2018,0.757214
10/15/2018,0.760254
10/16/2018,0.755959
10/17/2018,0.762749
10/18/2018,0.76352
10/19/2018,0.767393
10/22/2018,0.769314
10/23/2018,0.767581
10/24/2018,0.774721
10/25/2018,0.775517
10/26/2018,0.781666
10/29/2018,0.780142
10/30/2018,0.783925
10/31/2018,0.785236
11/1/2018,0.773923
11/2/2018,0.769642
11/5/2018,0.769877
11/6/2018,0.764027
11/7/2018,0.760886
11/8/2018,0.762981
11/9/2018,0.767257
11/12/2018,0.777301
11/13/2018,0.77209
11/14/2018,0.770609
11/15/2018,0.78169
11/16/2018,0.778689
11/19/2018,0.779583
11/20/2018,0.778461
11/21/2018,0.781033
11/22/2018,0.776971
11/23/2018,0.779422
11/26/2018,0.778316
11/27/2018,0.783439
11/28/2018,0.782037
11/29/2018,0.782779
11/30/2018,0.784118
12/3/2018,0.78671
12/4/2018,0.780594
12/5/2018,0.782852
12/6/2018,0.783455
12/7/2018,0.78344
12/10/2018,0.789891
12/11/2018,0.792934
12/12/2018,0.794421
12/13/2018,0.79015
12/14/2018,0.796057
12/17/2018,0.792611
12/18/2018,0.788565
12/19/2018,0.791916
12/20/2018,0.788883
12/21/2018,0.790389
12/24/2018,0.789253
12/27/2018,0.791711
12/28/2018,0.788135
12/31/2018,0.781249
1/2/2019,0.791129
1/3/2019,0.795841
1/4/2019,0.789161
1/7/2019,0.783923
1/8/2019,0.784467
1/9/2019,0.784924
1/10/2019,0.783901
1/11/2019,0.780499
1/14/2019,0.778434
1/15/2019,0.77928
1/16/2019,0.777856
1/17/2019,0.774482
1/18/2019,0.772891
1/21/2019,0.777178
1/22/2019,0.775057
1/23/2019,0.767247
1/24/2019,0.767878
1/25/2019,0.763088
1/28/2019,0.760974
1/29/2019,0.759368
1/30/2019,0.764205
1/31/2019,0.762343
2/1/2019,0.766176
2/4/2019,0.766081
2/5/2019,0.768651
2/6/2019,0.771195
2/7/2019,0.773468
2/8/2019,0.771109
2/11/2019,0.774737
2/12/2019,0.776425
2/13/2019,0.774463
2/14/2019,0.780485
2/15/2019,0.780977
2/18/2019,0.773482
2/19/2019,0.771959
2/20/2019,0.766576
2/21/2019,0.764532
2/22/2019,0.770534
2/25/2019,0.764668
2/26/2019,0.75746
2/27/2019,0.750949
2/28/2019,0.751883
3/1/2019,0.755231
3/4/2019,0.756593
3/5/2019,0.762274
3/6/2019,0.76046
3/7/2019,0.761955
3/8/2019,0.765505
3/11/2019,0.766987
3/12/2019,0.764035
3/13/2019,0.759798
3/14/2019,0.754564
3/15/2019,0.75535
3/18/2019,0.75478
3/19/2019,0.753196
3/20/2019,0.759908
3/21/2019,0.760955
3/22/2019,0.759954
3/25/2019,0.756185
3/26/2019,0.755735
3/27/2019,0.755865
3/28/2019,0.762658
3/29/2019,0.763952
4/1/2019,0.762353
4/2/2019,0.767857
4/3/2019,0.759495
4/4/2019,0.761369
4/5/2019,0.765049
4/8/2019,0.766344
4/9/2019,0.765585
4/10/2019,0.763215
4/11/2019,0.764986
4/12/2019,0.762212
4/15/2019,0.762883
4/16/2019,0.764175
4/17/2019,0.766242
4/18/2019,0.768622
4/23/2019,0.768786
4/24/2019,0.772103
4/25/2019,0.777084
4/26/2019,0.775532
4/29/2019,0.77435
4/30/2019,0.768836
5/2/2019,0.766411
5/3/2019,0.769027
5/6/2019,0.763193
5/7/2019,0.765713
5/8/2019,0.768568
5/9/2019,0.769409
5/10/2019,0.768032
5/13/2019,0.767897
5/14/2019,0.772519
5/15/2019,0.776357
5/16/2019,0.780711
5/17/2019,0.784058
5/20/2019,0.784633
5/21/2019,0.784966
5/22/2019,0.79026
5/23/2019,0.790915
5/24/2019,0.78947
5/27/2019,0.787864
5/28/2019,0.789609
5/29/2019,0.79083
5/30/2019,0.791971
5/31/2019,0.795382
6/3/2019,0.792293
6/4/2019,0.789203
6/5/2019,0.787341
6/6/2019,0.786064
6/7/2019,0.786614
6/10/2019,0.789735
6/11/2019,0.78697
6/12/2019,0.784289
6/13/2019,0.787917
6/14/2019,0.790883
6/17/2019,0.794089
6/18/2019,0.799169
6/19/2019,0.794325
6/20/2019,0.788494
6/21/2019,0.790253
6/24/2019,0.784316
6/25/2019,0.785783
6/26/2019,0.78862
6/27/2019,0.786526
6/28/2019,0.78783
7/1/2019,0.790537
7/2/2019,0.791461
7/3/2019,0.79474
7/4/2019,0.794915
7/5/2019,0.796652
7/8/2019,0.799153
7/9/2019,0.80299
7/10/2019,0.801497
7/11/2019,0.795658
7/12/2019,0.797903
7/15/2019,0.797524
7/16/2019,0.804241
7/17/2019,0.805528
7/18/2019,0.801114
7/19/2019,0.798459
7/22/2019,0.802211
7/23/2019,0.803992
7/24/2019,0.800206
7/25/2019,0.800387
7/26/2019,0.80475
7/29/2019,0.813409
7/30/2019,0.821705
7/31/2019,0.821657
8/1/2019,0.825858
8/2/2019,0.823924
8/5/2019,0.821678
8/6/2019,0.820864
8/7/2019,0.824433
8/8/2019,0.82297
8/9/2019,0.828898
8/12/2019,0.827363
8/13/2019,0.827214
8/14/2019,0.828325
8/15/2019,0.823883
8/16/2019,0.821894
8/19/2019,0.824849
8/20/2019,0.827221
8/21/2019,0.824433
8/22/2019,0.822431
8/23/2019,0.817469
8/26/2019,0.816913
8/27/2019,0.814436
8/28/2019,0.81948
8/29/2019,0.817657
8/30/2019,0.820632
9/2/2019,0.828045
9/3/2019,0.830987
9/4/2019,0.81916
9/5/2019,0.810092
9/6/2019,0.812868
9/9/2019,0.809163
9/10/2019,0.808877
9/11/2019,0.810079
9/12/2019,0.811092
9/13/2019,0.802929
9/16/2019,0.802375
9/17/2019,0.805487
9/18/2019,0.802678
9/19/2019,0.801798
9/20/2019,0.799909
9/23/2019,0.804215
9/24/2019,0.801172
9/25/2019,0.807394
9/26/2019,0.809152
9/27/2019,0.81187
9/30/2019,0.813417
10/1/2019,0.816251
10/2/2019,0.814371
10/3/2019,0.810794
10/4/2019,0.811048
10/7/2019,0.811016
10/8/2019,0.817358
10/9/2019,0.818231
10/10/2019,0.817362
10/11/2019,0.79252
10/14/2019,0.797598
10/15/2019,0.790933
10/16/2019,0.785125
10/17/2019,0.781427
10/18/2019,0.775619
10/21/2019,0.769086
10/22/2019,0.77327
10/23/2019,0.776841
10/24/2019,0.775413
10/25/2019,0.77967
10/28/2019,0.778642
10/29/2019,0.77808
10/30/2019,0.776157
10/31/2019,0.772216
11/1/2019,0.772134
11/4/2019,0.774046
11/5/2019,0.775164
11/6/2019,0.775771
11/7/2019,0.780374
11/8/2019,0.780841
11/11/2019,0.776587
11/12/2019,0.779119
11/13/2019,0.779211
11/14/2019,0.778785
11/15/2019,0.776328
11/18/2019,0.771449
11/19/2019,0.772529
11/20/2019,0.77507
11/21/2019,0.771328
11/22/2019,0.777537
11/25/2019,0.776844
11/26/2019,0.777813
11/27/2019,0.776183
11/28/2019,0.774012
11/29/2019,0.776043
12/2/2019,0.773093
12/3/2019,0.769578
12/4/2019,0.763559
12/5/2019,0.761403
12/6/2019,0.761249
12/9/2019,0.760226
12/10/2019,0.758987
12/11/2019,0.760677
12/12/2019,0.759271
12/13/2019,0.747342
12/16/2019,0.748385
12/17/2019,0.759255
12/18/2019,0.765227
12/19/2019,0.765251
12/20/2019,0.767171
12/23/2019,0.773887
12/24/2019,0.771958
12/27/2019,0.763292
12/30/2019,0.761534
12/31/2019,0.757344
1/2/2020,0.757867
1/3/2020,0.763569
1/6/2020,0.761256
1/7/2020,0.762469
1/8/2020,0.763545
1/9/2020,0.767642
1/10/2020,0.764674
1/13/2020,0.770807
1/14/2020,0.770292
1/15/2020,0.769009
1/16/2020,0.765243
1/17/2020,0.76616
1/20/2020,0.769283
1/21/2020,0.765002
1/22/2020,0.761589
1/23/2020,0.761861
1/24/2020,0.764051
1/27/2020,0.765152
1/28/2020,0.768769
1/29/2020,0.768839
1/30/2020,0.763288
1/31/2020,0.761627
2/3/2020,0.766085
2/4/2020,0.768284
2/5/2020,0.766071
2/6/2020,0.771017
2/7/2020,0.772358
2/10/2020,0.772788
2/11/2020,0.773553
2/12/2020,0.770185
2/13/2020,0.767231
2/14/2020,0.76746
2/17/2020,0.768233
2/18/2020,0.767243
2/19/2020,0.769889
2/20/2020,0.777016
2/21/2020,0.773169
2/24/2020,0.77494
2/25/2020,0.771494
2/26/2020,0.773793
2/27/2020,0.775219
2/28/2020,0.777216
3/2/2020,0.783249
3/3/2020,0.782675
3/4/2020,0.780674
3/5/2020,0.774739
3/6/2020,0.768922
3/9/2020,0.762771
3/10/2020,0.767208
3/11/2020,0.773553
3/12/2020,0.788461
3/13/2020,0.802143
3/16/2020,0.814896
3/17/2020,0.827017
3/18/2020,0.84315
3/19/2020,0.860893
3/20/2020,0.850173
3/23/2020,0.86219
3/24/2020,0.849396
3/25/2020,0.845137
3/26/2020,0.831873
3/27/2020,0.817555
3/30/2020,0.805692
3/31/2020,0.809082
4/1/2020,0.808888
4/2/2020,0.804493
4/3/2020,0.814557
4/6/2020,0.813641
4/7/2020,0.809306
4/8/2020,0.809015
4/9/2020,0.805788
4/14/2020,0.795886
4/15/2020,0.801477
4/16/2020,0.800542
4/17/2020,0.800902
4/20/2020,0.804263
4/21/2020,0.81314
4/22/2020,0.809055
4/23/2020,0.809506
4/24/2020,0.810167
4/27/2020,0.804119
4/28/2020,0.80057
4/29/2020,0.805921
4/30/2020,0.799053
5/4/2020,0.803308
5/5/2020,0.802914
5/6/2020,0.807375
5/7/2020,0.811258
5/8/2020,0.807295
5/11/2020,0.811853
5/12/2020,0.808372
5/13/2020,0.811448
5/14/2020,0.820006
5/15/2020,0.8218
5/18/2020,0.823052
5/19/2020,0.817671
5/20/2020,0.815459
5/21/2020,0.817664
5/22/2020,0.821377
5/25/2020,0.820486
5/26/2020,0.809822
5/27/2020,0.815167
5/28/2020,0.814524
5/29/2020,0.80898
6/1/2020,0.806702
6/2/2020,0.797235
6/3/2020,0.795649
6/4/2020,0.7972
6/5/2020,0.789479
6/8/2020,0.790191
6/9/2020,0.789092
6/10/2020,0.782092
6/11/2020,0.790139
6/12/2020,0.793109
6/15/2020,0.796659
6/16/2020,0.790325
6/17/2020,0.796368
6/18/2020,0.802246
6/19/2020,0.80736
6/22/2020,0.805565
6/23/2020,0.80076
6/24/2020,0.800913
6/25/2020,0.804759
6/26/2020,0.807768
6/29/2020,0.811237
6/30/2020,0.814815
7/1/2020,0.807411
7/2/2020,0.799442
7/3/2020,0.802922
7/6/2020,0.799161
7/7/2020,0.798494
7/8/2020,0.796766
7/9/2020,0.790469
7/10/2020,0.794342
7/13/2020,0.793874
7/14/2020,0.798048
7/15/2020,0.791157
7/16/2020,0.796171
7/17/2020,0.796972
7/20/2020,0.791186
7/21/2020,0.786988
7/22/2020,0.787036
7/23/2020,0.78827
7/24/2020,0.783813
7/27/2020,0.776701
7/28/2020,0.776376
7/29/2020,0.770874
7/30/2020,0.768696
7/31/2020,0.760069
8/3/2020,0.767636
8/4/2020,0.767828
8/5/2020,0.761473
8/6/2020,0.760221
8/7/2020,0.764771
8/10/2020,0.766429
8/11/2020,0.76248
8/12/2020,0.768626
8/13/2020,0.763737
8/14/2020,0.763337
8/17/2020,0.764574
8/18/2020,0.759071
8/19/2020,0.757102
8/20/2020,0.760954
8/21/2020,0.762639
8/24/2020,0.761163
8/25/2020,0.761342
8/26/2020,0.760794
8/27/2020,0.758131
8/28/2020,0.750885
8/31/2020,0.750461
9/1/2020,0.742262
9/2/2020,0.749009
9/3/2020,0.75455
9/4/2020,0.754307
9/7/2020,0.759768
9/8/2020,0.767527
9/9/2020,0.774764
9/10/2020,0.772977
9/11/2020,0.779551
9/14/2020,0.776271
9/15/2020,0.774428
9/16/2020,0.770267
9/17/2020,0.775875
9/18/2020,0.771723
9/21/2020,0.777195
9/22/2020,0.781457
9/23/2020,0.785879
9/24/2020,0.783409
9/25/2020,0.785138
9/28/2020,0.775561
9/29/2020,0.777329
9/30/2020,0.779254
10/1/2020,0.771979
10/2/2020,0.773001
10/5/2020,0.771669
10/6/2020,0.772005
10/7/2020,0.776661
10/8/2020,0.773778
10/9/2020,0.772929
10/12/2020,0.767845
10/13/2020,0.768567
10/14/2020,0.769319
10/15/2020,0.773936
10/16/2020,0.774338
10/19/2020,0.768672
10/20/2020,0.773319
10/21/2020,0.765727
10/22/2020,0.763666
10/23/2020,0.764803
10/26/2020,0.767874
10/27/2020,0.766717
10/28/2020,0.773105
10/29/2020,0.772642
10/30/2020,0.77114
11/2/2020,0.772854
11/3/2020,0.769458
11/4/2020,0.76746
11/5/2020,0.762969
11/6/2020,0.761837
11/9/2020,0.75927
11/10/2020,0.755276
11/11/2020,0.755864
11/12/2020,0.761301
11/13/2020,0.759061
11/16/2020,0.759248
11/17/2020,0.753956
11/18/2020,0.753059
11/19/2020,0.755392
11/20/2020,0.753545
11/23/2020,0.746895
11/24/2020,0.750206
11/25/2020,0.749613
11/26/2020,0.748983
11/27/2020,0.750226
11/30/2020,0.749958
12/1/2020,0.750318
12/2/2020,0.749959
12/3/2020,0.743626
12/4/2020,0.742512
12/7/2020,0.752103
12/8/2020,0.752377
12/9/2020,0.743249
12/10/2020,0.75196
12/11/2020,0.761062
12/14/2020,0.745766
12/15/2020,0.7479
12/16/2020,0.73796
12/17/2020,0.735342
12/18/2020,0.740909
12/21/2020,0.752567
12/22/2020,0.744734
12/23/2020,0.74552
12/24/2020,0.736447
12/28/2020,0.739897
12/29/2020,0.741194
12/30/2020,0.735339
12/31/2020,0.732646
1/4/2021,0.733247
1/5/2021,0.73615
1/6/2021,0.7346
1/7/2021,0.734686
1/8/2021,0.735739
1/11/2021,0.741881
1/12/2021,0.735466
1/13/2021,0.731407
1/14/2021,0.733611
1/15/2021,0.734125
1/18/2021,0.738337
1/19/2021,0.734421
1/20/2021,0.731865
1/21/2021,0.728944
1/22/2021,0.732398
1/25/2021,0.730744
1/26/2021,0.730446
1/27/2021,0.729693
1/28/2021,0.732801
1/29/2021,0.728271
2/1/2021,0.729891
2/2/2021,0.731277
2/3/2021,0.733503
2/4/2021,0.731019
2/5/2021,0.730518
2/8/2021,0.73042
2/9/2021,0.725611
2/10/2021,0.722767
2/11/2021,0.722442
2/12/2021,0.724752
2/15/2021,0.719144
2/16/2021,0.719204
2/17/2021,0.721061
2/18/2021,0.716154
2/19/2021,0.712645
2/22/2021,0.713179
2/23/2021,0.710763
2/24/2021,0.708299
2/25/2021,0.706814
2/26/2021,0.7182
3/1/2021,0.718145
3/2/2021,0.718598
3/3/2021,0.716725
3/4/2021,0.716885
3/5/2021,0.722902
3/8/2021,0.722468
3/9/2021,0.720565
3/10/2021,0.720274
3/11/2021,0.715766
3/12/2021,0.719308
3/15/2021,0.718708
3/16/2021,0.720652
3/17/2021,0.719476
3/18/2021,0.718393
3/19/2021,0.721243
3/22/2021,0.723067
3/23/2021,0.725389
3/24/2021,0.729387
3/25/2021,0.729266
3/26/2021,0.725709
3/29/2021,0.722335
3/30/2021,0.727178
3/31/2021,0.726729
4/1/2021,0.725311
4/6/2021,0.722638
4/7/2021,0.724209
4/8/2021,0.726775
4/9/2021,0.728954
4/12/2021,0.726798
4/13/2021,0.7288
4/14/2021,0.726496
4/15/2021,0.724754
4/16/2021,0.72412
4/19/2021,0.717532
4/20/2021,0.716082
4/21/2021,0.718331
4/22/2021,0.721028
4/23/2021,0.720247
4/26/2021,0.719694
4/27/2021,0.718853
4/28/2021,0.720696
4/29/2021,0.716547
4/30/2021,0.718946
5/3/2021,0.721006
5/4/2021,0.72182
5/5/2021,0.718651
5/6/2021,0.718972
5/7/2021,0.719877
5/10/2021,0.708316
5/11/2021,0.706763
5/12/2021,0.708021
5/13/2021,0.712383
5/14/2021,0.71008
5/17/2021,0.709998
5/18/2021,0.703633
5/19/2021,0.706133
5/20/2021,0.708023
5/21/2021,0.704545
5/24/2021,0.707566
5/25/2021,0.705912
5/26/2021,0.705945
5/27/2021,0.705591
5/28/2021,0.70635
5/31/2021,0.704967
6/1/2021,0.705808
6/2/2021,0.706754
6/3/2021,0.705301
6/4/2021,0.707188
6/7/2021,0.705682
6/8/2021,0.70678
6/9/2021,0.705642
6/10/2021,0.70883
6/11/2021,0.706887
6/14/2021,0.709197
6/15/2021,0.711513
6/16/2021,0.707935
6/17/2021,0.71647
6/18/2021,0.721004
6/21/2021,0.720461
6/22/2021,0.719354
6/23/2021,0.714877
6/24/2021,0.719529
6/25/2021,0.719247
6/28/2021,0.719647
6/29/2021,0.722981
6/30/2021,0.722021
7/1/2021,0.72394
7/2/2021,0.727421
7/5/2021,0.721937
7/6/2021,0.721828
7/7/2021,0.722678
7/8/2021,0.727598
7/9/2021,0.723208
7/12/2021,0.721988
7/13/2021,0.722036
7/14/2021,0.720945
7/15/2021,0.721382
7/16/2021,0.722742
7/19/2021,0.73018
7/20/2021,0.734989
7/21/2021,0.733631
7/22/2021,0.72665
7/23/2021,0.726974
7/26/2021,0.725104
7/27/2021,0.723988
7/28/2021,0.720717
7/29/2021,0.716584
7/30/2021,0.716004
8/2/2021,0.719906
8/3/2021,0.718174
8/4/2021,0.717924
8/5/2021,0.717806
8/6/2021,0.718557
8/9/2021,0.720559
8/10/2021,0.721447
8/11/2021,0.722803
8/12/2021,0.721893
8/13/2021,0.723272
8/16/2021,0.720973
8/17/2021,0.725104
8/18/2021,0.726631
8/19/2021,0.731216
8/20/2021,0.734727
8/23/2021,0.730799
8/24/2021,0.728944
8/25/2021,0.729294
8/26/2021,0.728461
8/27/2021,0.728705
8/30/2021,0.726616
8/31/2021,0.725663
9/1/2021,0.726606
9/2/2021,0.725266
9/3/2021,0.723046
9/6/2021,0.722438
9/7/2021,0.726096
9/8/2021,0.726076
9/9/2021,0.722715
9/10/2021,0.720041
9/13/2021,0.722581
9/14/2021,0.721686
9/15/2021,0.72319
9/16/2021,0.722817
9/17/2021,0.724643
9/20/2021,0.731833
9/21/2021,0.731428
9/22/2021,0.733225
9/23/2021,0.729791
9/24/2021,0.731317
9/27/2021,0.73021
9/28/2021,0.735999
9/29/2021,0.741745
9/30/2021,0.743182
10/1/2021,0.738388
10/4/2021,0.735046
10/5/2021,0.734123
10/6/2021,0.736181
10/7/2021,0.735366
10/8/2021,0.733771
10/11/2021,0.733351
10/12/2021,0.733492
10/13/2021,0.734285
10/14/2021,0.72934
10/15/2021,0.727185
10/18/2021,0.727663
10/19/2021,0.72308
10/20/2021,0.727033
10/21/2021,0.724328
10/22/2021,0.725451
10/25/2021,0.727226
10/26/2021,0.724548
10/27/2021,0.727641
10/28/2021,0.727793
10/29/2021,0.725547
11/1/2021,0.73048
11/2/2021,0.732181
11/3/2021,0.732622
11/4/2021,0.737747
11/5/2021,0.742643
11/8/2021,0.738216
11/9/2021,0.737497
11/10/2021,0.740163
11/11/2021,0.746405
11/12/2021,0.746899
11/15/2021,0.744189
11/16/2021,0.743605
11/17/2021,0.743107
11/18/2021,0.741939
11/19/2021,0.744637
11/22/2021,0.74413
11/23/2021,0.747713
11/24/2021,0.749018
11/25/2021,0.751092
11/26/2021,0.749446
11/29/2021,0.750115
11/30/2021,0.749564
12/1/2021,0.751282
12/2/2021,0.750816
12/3/2021,0.753237
12/6/2021,0.754213
12/7/2021,0.754558
12/8/2021,0.757616
12/9/2021,0.758023
12/10/2021,0.757163
12/13/2021,0.755081
12/14/2021,0.754664
12/15/2021,0.754573
12/16/2021,0.748368
12/17/2021,0.752056
12/20/2021,0.755833
12/21/2021,0.755024
12/22/2021,0.751261
12/23/2021,0.744721
12/24/2021,0.745683
12/27/2021,0.745492
12/28/2021,0.743518
12/29/2021,0.744183
12/30/2021,0.740515
12/31/2021,0.741904
1/3/2022,0.740951
1/4/2022,0.74136
1/5/2022,0.738104
1/6/2022,0.73878
1/7/2022,0.738449
1/10/2022,0.736862
1/11/2022,0.736371
1/12/2022,0.732964
1/13/2022,0.728823
1/14/2022,0.729519
1/17/2022,0.732904
1/18/2022,0.736105
1/19/2022,0.733081
1/20/2022,0.734389
1/21/2022,0.736984
1/24/2022,0.741357
1/25/2022,0.742927
1/26/2022,0.740073
1/27/2022,0.747025
1/28/2022,0.746795
1/31/2022,0.745366
2/1/2022,0.741545
2/2/2022,0.73651
2/3/2022,0.737267
2/4/2022,0.737901
2/7/2022,0.739801
2/8/2022,0.739507
2/9/2022,0.736817
2/10/2022,0.736498
2/11/2022,0.735377
2/14/2022,0.739837
2/15/2022,0.738343
2/16/2022,0.738129
2/17/2022,0.734327
2/18/2022,0.734763
2/21/2022,0.73468
2/22/2022,0.737833
2/23/2022,0.735746
2/24/2022,0.747675
2/25/2022,0.746612
2/28/2022,0.746049
3/1/2022,0.746192
3/2/2022,0.750189
3/3/2022,0.747319
3/4/2022,0.753848
3/7/2022,0.758375
3/8/2022,0.763726
3/9/2022,0.760211
3/10/2022,0.759428
3/11/2022,0.764058
3/14/2022,0.765648
3/15/2022,0.764744
3/16/2022,0.763944
3/17/2022,0.762963
3/18/2022,0.7624
3/21/2022,0.758969
3/22/2022,0.754971
3/23/2022,0.758125
3/24/2022,0.758681
3/25/2022,0.757862
3/28/2022,0.762748
3/29/2022,0.76175
3/30/2022,0.760049
3/31/2022,0.762048
4/1/2022,0.761355
4/4/2022,0.76229
4/5/2022,0.761145
4/6/2022,0.764195
4/7/2022,0.764474
4/8/2022,0.767471
4/11/2022,0.767826
4/12/2022,0.768391
4/13/2022,0.769259
4/14/2022,0.762162
4/19/2022,0.767889
4/20/2022,0.766066
4/21/2022,0.767181
4/22/2022,0.775862
4/25/2022,0.784757
4/26/2022,0.788224
4/27/2022,0.795757
4/28/2022,0.804483
4/29/2022,0.796091
5/2/2022,0.79637
5/3/2022,0.796987
5/4/2022,0.799487
5/5/2022,0.806113
5/6/2022,0.810076
5/9/2022,0.807226
5/10/2022,0.81102
5/11/2022,0.809182
5/12/2022,0.819495
5/13/2022,0.819596
5/16/2022,0.816014
5/17/2022,0.800683
5/18/2022,0.804618
5/19/2022,0.805017
5/20/2022,0.801929
5/23/2022,0.795412
5/24/2022,0.799907
5/25/2022,0.800441
5/26/2022,0.795298
5/27/2022,0.791597
5/30/2022,0.791063
5/31/2022,0.794717
6/1/2022,0.794978
6/2/2022,0.796811
6/3/2022,0.796086
6/6/2022,0.796336
6/7/2022,0.800647
6/8/2022,0.796862
6/9/2022,0.797291
6/10/2022,0.804008
6/13/2022,0.821138
6/14/2022,0.828339
6/15/2022,0.82761
6/16/2022,0.822596
6/17/2022,0.815373
6/20/2022,0.815328
6/21/2022,0.815261
6/22/2022,0.81632
6/23/2022,0.81786
6/24/2022,0.815023
6/27/2022,0.815361
6/28/2022,0.817631
6/29/2022,0.822107
6/30/2022,0.826225
7/1/2022,0.831156
7/4/2022,0.82219
7/5/2022,0.834257
7/6/2022,0.841859
7/7/2022,0.836002
7/8/2022,0.832284
7/11/2022,0.837195
7/12/2022,0.844682
7/13/2022,0.838095
7/14/2022,0.845177
7/15/2022,0.844895
7/18/2022,0.836127
7/19/2022,0.832631
7/20/2022,0.83516
7/21/2022,0.838759
7/22/2022,0.835535
7/25/2022,0.828576
7/26/2022,0.835223
7/27/2022,0.828783
7/28/2022,0.825785
7/29/2022,0.823593
8/1/2022,0.817942
8/2/2022,0.81832
8/3/2022,0.820375
8/4/2022,0.827335
8/5/2022,0.823493
8/8/2022,0.825228
8/9/2022,0.825875
8/10/2022,0.825283
8/11/2022,0.818098
8/12/2022,0.823675
8/15/2022,0.827612
8/16/2022,0.83129
8/17/2022,0.828493
8/18/2022,0.829151
8/19/2022,0.844818
8/22/2022,0.846495
8/23/2022,0.849632
8/24/2022,0.84843
8/25/2022,0.845466
8/26/2022,0.845308
8/29/2022,0.855398
8/30/2022,0.853548
8/31/2022,0.86035
9/1/2022,0.864384
9/2/2022,0.865386
9/5/2022,0.870544
9/6/2022,0.863648
9/7/2022,0.875164
9/8/2022,0.865781
9/9/2022,0.864365
9/12/2022,0.854535
9/13/2022,0.853002
9/14/2022,0.865846
9/15/2022,0.870036
9/16/2022,0.878039
9/19/2022,0.878729
9/20/2022,0.875175
9/21/2022,0.881637
9/22/2022,0.8828
9/23/2022,0.904255
9/26/2022,0.926851
9/27/2022,0.925705
9/28/2022,0.943732
9/29/2022,0.921955
9/30/2022,0.905827
10/3/2022,0.891745
10/4/2022,0.882348
10/5/2022,0.880888
10/6/2022,0.888266
10/7/2022,0.891936
10/10/2022,0.904713
10/11/2022,0.902016
10/12/2022,0.905007
10/13/2022,0.888315
10/14/2022,0.893517
10/17/2022,0.885615
10/18/2022,0.883864
10/19/2022,0.889681
10/20/2022,0.889389
10/21/2022,0.901624
10/24/2022,0.88387
10/25/2022,0.883714
10/26/2022,0.864043
10/27/2022,0.864252
10/28/2022,0.865441
10/31/2022,0.86862
11/1/2022,0.865165
11/2/2022,0.868995
11/3/2022,0.894371
11/4/2022,0.886122
11/7/2022,0.87196
11/8/2022,0.87413
11/9/2022,0.87433
11/10/2022,0.877014
11/11/2022,0.849224
11/14/2022,0.848076
11/15/2022,0.84059
11/16/2022,0.840213
11/17/2022,0.847708
11/18/2022,0.83989
11/21/2022,0.847092
11/22/2022,0.840549
11/23/2022,0.836504
11/24/2022,0.825247
11/25/2022,0.827807
11/28/2022,0.827736
11/29/2022,0.831738
11/30/2022,0.833539
12/1/2022,0.819925
12/2/2022,0.814718
12/5/2022,0.81312
12/6/2022,0.819418
12/7/2022,0.820667
12/8/2022,0.820021
12/9/2022,0.813998
12/12/2022,0.814297
12/13/2022,0.81321
12/14/2022,0.808696
12/15/2022,0.811543
12/16/2022,0.82148
12/19/2022,0.822023
12/20/2022,0.825833
12/21/2022,0.824097
12/22/2022,0.829897
12/23/2022,0.828752
12/27/2022,0.831448
12/28/2022,0.827613
12/29/2022,0.831524
12/30/2022,0.831549
1/2/2023,0.829636
1/3/2023,0.834974
1/4/2023,0.830984
1/5/2023,0.832969
1/6/2023,0.842619
1/9/2023,0.823186
1/10/2023,0.823743
1/11/2023,0.825095
1/12/2023,0.823338
1/13/2023,0.821158
1/16/2023,0.820921
1/17/2023,0.817071
1/18/2023,0.807547
1/19/2023,0.81043
1/20/2023,0.809163
1/23/2023,0.809217
1/24/2023,0.813852
1/25/2023,0.811252
1/26/2023,0.807205
1/27/2023,0.808882
1/30/2023,0.806916
1/31/2023,0.813007
2/1/2023,0.811575
2/2/2023,0.812605
2/3/2023,0.816037
2/6/2023,0.828489
2/7/2023,0.834935
2/8/2023,0.827201
2/9/2023,0.82179
2/10/2023,0.826455
2/13/2023,0.826137
2/14/2023,0.819082
2/15/2023,0.83014
2/16/2023,0.830682
2/17/2023,0.836593
2/20/2023,0.831347
2/21/2023,0.824503
2/22/2023,0.82624
2/23/2023,0.830256
2/24/2023,0.834863
2/27/2023,0.834499
2/28/2023,0.825888
3/1/2023,0.829034
3/2/2023,0.837199
3/3/2023,0.834008
3/6/2023,0.832519
3/7/2023,0.834205
3/8/2023,0.844704
3/9/2023,0.84152
3/10/2023,0.833724
3/13/2023,0.825425
3/14/2023,0.820099
3/15/2023,0.827026
3/16/2023,0.828882
3/17/2023,0.823571
3/20/2023,0.81702
3/21/2023,0.816936
3/22/2023,0.815253
3/23/2023,0.813705
3/24/2023,0.818427
3/27/2023,0.815168
3/28/2023,0.811161
3/29/2023,0.811174
3/30/2023,0.809884
3/31/2023,0.80846
4/3/2023,0.807636
4/4/2023,0.801147
4/5/2023,0.801508
4/6/2023,0.801603
4/11/2023,0.804567
4/12/2023,0.806061
4/13/2023,0.799437
4/14/2023,0.799855
4/17/2023,0.804781
4/18/2023,0.803345
4/19/2023,0.80589
4/20/2023,0.805492
4/21/2023,0.806795
4/24/2023,0.804063
4/25/2023,0.804255
4/26/2023,0.802247
4/27/2023,0.800833
4/28/2023,0.80184
5/2/2023,0.80135
5/3/2023,0.799285
5/4/2023,0.79479
5/5/2023,0.793336
5/8/2023,0.790323
5/9/2023,0.793777
5/10/2023,0.792813
5/11/2023,0.794099
5/12/2023,0.798935
5/15/2023,0.799402
5/16/2023,0.798989
5/17/2023,0.802429
5/18/2023,0.80357
5/19/2023,0.803479
5/22/2023,0.802495
5/23/2023,0.80706
5/24/2023,0.806611
5/25/2023,0.808505
5/26/2023,0.807488
5/29/2023,0.810126
5/30/2023,0.803844
5/31/2023,0.808808
6/1/2023,0.802309
6/2/2023,0.798383
6/5/2023,0.807512
6/6/2023,0.805981
6/7/2023,0.802183
6/8/2023,0.802021
6/9/2023,0.795872
6/12/2023,0.795894
6/13/2023,0.795423
6/14/2023,0.790591
6/15/2023,0.790785
6/16/2023,0.779026
6/19/2023,0.7807
6/20/2023,0.783911
6/21/2023,0.785755
6/22/2023,0.783933
6/23/2023,0.785364
6/26/2023,0.786573
6/27/2023,0.785225
6/28/2023,0.79009
6/29/2023,0.789907
6/30/2023,0.789877
7/3/2023,0.78888
7/4/2023,0.786352
7/5/2023,0.787618
7/6/2023,0.782732
7/7/2023,0.783413
7/10/2023,0.782521
7/11/2023,0.774502
7/12/2023,0.774614
7/13/2023,0.765096
7/14/2023,0.762766
7/17/2023,0.764675
7/18/2023,0.762665
7/19/2023,0.774532
7/20/2023,0.776279
7/21/2023,0.77952
7/24/2023,0.778208
7/25/2023,0.779549
7/26/2023,0.774889
7/27/2023,0.772
7/28/2023,0.777112
7/31/2023,0.778055
8/1/2023,0.782726
8/2/2023,0.783232
8/3/2023,0.790962
8/4/2023,0.787438
8/7/2023,0.784441
8/8/2023,0.787262
8/9/2023,0.78574
8/10/2023,0.783311
8/11/2023,0.785305
8/14/2023,0.788792
8/15/2023,0.786701
8/16/2023,0.784582
8/17/2023,0.78344
8/18/2023,0.786721
8/21/2023,0.783599
8/22/2023,0.783393
8/23/2023,0.792716
8/24/2023,0.790129
8/25/2023,0.792404
8/28/2023,0.793995
8/29/2023,0.794779
8/30/2023,0.789271
8/31/2023,0.788719
9/1/2023,0.788805
9/4/2023,0.792056
9/5/2023,0.797083
9/6/2023,0.795747
9/7/2023,0.802054
9/8/2023,0.800962
9/11/2023,0.798676
9/12/2023,0.802063
9/13/2023,0.802106
9/14/2023,0.801445
9/15/2023,0.805761
9/18/2023,0.80785
9/19/2023,0.805218
9/20/2023,0.80854
9/21/2023,0.815355
9/22/2023,0.815206
9/25/2023,0.817878
9/26/2023,0.820556
9/27/2023,0.823937
9/28/2023,0.819176
9/29/2023,0.816103
10/2/2023,0.822678
10/3/2023,0.828876
10/4/2023,0.824883
10/5/2023,0.822772
10/6/2023,0.818991
10/9/2023,0.821574
10/10/2023,0.816386
10/11/2023,0.813514
10/12/2023,0.812318
10/13/2023,0.821123
10/16/2023,0.821266
10/17/2023,0.821459
10/18/2023,0.819782
10/19/2023,0.824948
10/20/2023,0.823463
10/23/2023,0.822431
10/24/2023,0.81852
10/25/2023,0.824887
10/26/2023,0.82704
10/27/2023,0.825567
10/30/2023,0.823621
10/31/2023,0.822733
11/1/2023,0.82514
11/2/2023,0.818919
11/3/2023,0.812773
11/6/2023,0.806629
11/7/2023,0.812792
11/8/2023,0.815434
11/9/2023,0.815686
11/10/2023,0.81845
11/13/2023,0.816823
11/14/2023,0.813409
11/15/2023,0.802245
11/16/2023,0.80671
11/17/2023,0.803854
11/20/2023,0.801885
11/21/2023,0.797134
11/22/2023,0.797635
11/23/2023,0.797615
11/24/2023,0.795328
11/27/2023,0.791444
11/28/2023,0.792949
11/29/2023,0.787665
11/30/2023,0.79012
12/1/2023,0.791218
12/4/2023,0.789382
12/5/2023,0.792484
12/6/2023,0.794303
12/7/2023,0.796119
12/8/2023,0.795119
12/11/2023,0.795575
12/12/2023,0.795335
12/13/2023,0.798368
12/14/2023,0.787206
12/15/2023,0.784149
12/18/2023,0.790099
12/19/2023,0.785395
12/20/2023,0.79089
12/21/2023,0.790358
12/22/2023,0.786174
12/27/2023,0.784727
12/28/2023,0.783336
12/29/2023,0.786471
1/2/2024,0.790845
1/3/2024,0.791922
1/4/2024,0.787711
1/5/2024,0.789397
1/8/2024,0.787045
1/9/2024,0.785539
1/10/2024,0.785885
1/11/2024,0.784063
1/12/2024,0.785505
1/15/2024,0.786432
1/16/2024,0.791013
1/17/2024,0.788986
1/18/2024,0.788717
1/19/2024,0.788326
1/22/2024,0.785813
1/23/2024,0.786359
1/24/2024,0.784438
1/25/2024,0.785257
1/26/2024,0.785282
1/29/2024,0.787674
1/30/2024,0.789489
1/31/2024,0.788364
2/1/2024,0.789282
2/2/2024,0.783451
2/5/2024,0.796529
2/6/2024,0.795495
2/7/2024,0.79162
2/8/2024,0.793623
2/9/2024,0.793167
2/12/2024,0.792639
2/13/2024,0.788455
2/14/2024,0.795837
2/15/2024,0.797124
2/16/2024,0.794994
2/19/2024,0.792947
2/20/2024,0.793001
2/21/2024,0.792108
2/22/2024,0.789607
2/23/2024,0.787705
2/26/2024,0.787827
2/27/2024,0.788688
2/28/2024,0.791525
2/29/2024,0.791197
3/1/2024,0.791529
3/4/2024,0.789074
3/5/2024,0.788487
3/6/2024,0.786261
3/7/2024,0.784259
3/8/2024,0.779071
3/11/2024,0.779865
3/12/2024,0.782869
3/13/2024,0.781159
3/14/2024,0.781876
3/15/2024,0.784154
3/18/2024,0.785209
3/19/2024,0.787221
3/20/2024,0.787883
3/21/2024,0.785532
3/22/2024,0.79271
3/25/2024,0.790937
3/26/2024,0.790843
3/27/2024,0.792973
3/28/2024,0.790954
4/2/2024,0.795516
4/3/2024,0.79489
4/4/2024,0.790527
4/5/2024,0.791191
4/8/2024,0.79271
4/9/2024,0.788286
4/10/2024,0.787431
4/11/2024,0.797139
4/12/2024,0.801953
4/15/2024,0.801473
4/16/2024,0.803234
4/17/2024,0.802782
4/18/2024,0.801835
4/19/2024,0.803717
4/22/2024,0.811964
4/23/2024,0.806165
4/24/2024,0.804277
4/25/2024,0.799207
4/26/2024,0.799356
4/29/2024,0.797509
4/30/2024,0.797518
5/2/2024,0.79957
5/3/2024,0.796472
5/6/2024,0.794915
5/7/2024,0.797
5/8/2024,0.801294
5/9/2024,0.801295
5/10/2024,0.798358
5/13/2024,0.796878
5/14/2024,0.796434
5/15/2024,0.792467
5/16/2024,0.790079
5/17/2024,0.79016
5/20/2024,0.787662
5/21/2024,0.786451
5/22/2024,0.78638
5/23/2024,0.784734
5/24/2024,0.786356
5/27/2024,0.784561
5/28/2024,0.781842
5/29/2024,0.784102
5/30/2024,0.786916
5/31/2024,0.786629
6/3/2024,0.785602
6/4/2024,0.783645
6/5/2024,0.782266
6/6/2024,0.783139
6/7/2024,0.781061
6/10/2024,0.786212
6/11/2024,0.784697
6/12/2024,0.783697
6/13/2024,0.783272
6/14/2024,0.787994
6/17/2024,0.789516
6/18/2024,0.788987
6/19/2024,0.785701
6/20/2024,0.788441
6/21/2024,0.790896
6/24/2024,0.789655
6/25/2024,0.788361
6/26/2024,0.790093
6/27/2024,0.790856
6/28/2024,0.79064
7/1/2024,0.789111
7/2/2024,0.789962
7/3/2024,0.787135
7/4/2024,0.783917
7/5/2024,0.781717
7/8/2024,0.779049
7/9/2024,0.781311
7/10/2024,0.780767
7/11/2024,0.776647
7/12/2024,0.771616
7/15/2024,0.77056
7/16/2024,0.771033
7/17/2024,0.767468
7/18/2024,0.770128
7/19/2024,0.773921
7/22/2024,0.773466
7/23/2024,0.774153
7/24/2024,0.774087
7/25/2024,0.776703
7/26/2024,0.776961
7/29/2024,0.779745
7/30/2024,0.778455
7/31/2024,0.779276
8/1/2024,0.781611
8/2/2024,0.784495
8/5/2024,0.78313
8/6/2024,0.787888
8/7/2024,0.785644
8/8/2024,0.787676
8/9/2024,0.785087
8/12/2024,0.783103
8/13/2024,0.781795
8/14/2024,0.778501
8/15/2024,0.777541
8/16/2024,0.774313
8/19/2024,0.772059
8/20/2024,0.768621
8/21/2024,0.767389
8/22/2024,0.762847
8/23/2024,0.761919
8/26/2024,0.758264
8/27/2024,0.756477
8/28/2024,0.757066
8/29/2024,0.759154
8/30/2024,0.758726
9/2/2024,0.761396
9/3/2024,0.761985
9/4/2024,0.762425
9/5/2024,0.759827
9/6/2024,0.759191
9/9/2024,0.763968
9/10/2024,0.763893
9/11/2024,0.764059
9/12/2024,0.766703
9/13/2024,0.762341
9/16/2024,0.757487
9/17/2024,0.756603
9/18/2024,0.757147
9/19/2024,0.752537
9/20/2024,0.751478
9/23/2024,0.751129
9/24/2024,0.747507
9/25/2024,0.747302
9/26/2024,0.747898
9/27/2024,0.74689
9/30/2024,0.746186
10/1/2024,0.750433
10/2/2024,0.752308
10/3/2024,0.763276
10/4/2024,0.759226
10/7/2024,0.764141
10/8/2024,0.762867
10/9/2024,0.76426
10/10/2024,0.765514
10/11/2024,0.765268
10/14/2024,0.766514
10/15/2024,0.764514
10/16/2024,0.76723
10/17/2024,0.768038
10/18/2024,0.76671
10/21/2024,0.767668
10/22/2024,0.770169
10/23/2024,0.772249
10/24/2024,0.770392
10/25/2024,0.770051
10/28/2024,0.769921
10/29/2024,0.770559
10/30/2024,0.771382
10/31/2024,0.769647
11/1/2024,0.771686
11/4/2024,0.770937
11/5/2024,0.77012
11/6/2024,0.778149
11/7/2024,0.771303
11/8/2024,0.772261
11/11/2024,0.776265
11/12/2024,0.780211
11/13/2024,0.784768
11/14/2024,0.7895
11/15/2024,0.788576
11/18/2024,0.791888
11/19/2024,0.790679
11/20/2024,0.789434
11/21/2024,0.791117
11/22/2024,0.799126
11/25/2024,0.795283
11/26/2024,0.793385
11/27/2024,0.791948
11/28/2024,0.789509
11/29/2024,0.787777
12/2/2024,0.788979
12/3/2024,0.790744
12/4/2024,0.789459
12/5/2024,0.785579
12/6/2024,0.783055
12/9/2024,0.783545
12/10/2024,0.784222
12/11/2024,0.784791
12/12/2024,0.785702
12/13/2024,0.789532
12/16/2024,0.790103
12/17/2024,0.787349
12/18/2024,0.786204
12/19/2024,0.793122
12/20/2024,0.798508
12/23/2024,0.798566
12/24/2024,0.796585
12/27/2024,0.796339
12/30/2024,0.794236
12/31/2024,0.798133
1/2/2025,0.805329
1/3/2025,0.805836
1/6/2025,0.797027
1/7/2025,0.797797
1/8/2025,0.81084
1/9/2025,0.813275
1/10/2025,0.812238
1/13/2025,0.82526
1/14/2025,0.822723
1/15/2025,0.818573
1/16/2025,0.820269
1/17/2025,0.820091
1/20/2025,0.819969
1/21/2025,0.816385
1/22/2025,0.808829
1/23/2025,0.81188
1/24/2025,0.806083
1/27/2025,0.798727
1/28/2025,0.804798
1/29/2025,0.805339
1/30/2025,0.804431
1/31/2025,0.804465
2/3/2025,0.809188
2/4/2025,0.804915
2/5/2025,0.797208
2/6/2025,0.807799
2/7/2025,0.803248
2/10/2025,0.807006
2/11/2025,0.807391
2/12/2025,0.803645
2/13/2025,0.801858
2/14/2025,0.794188
2/17/2025,0.793784
2/18/2025,0.794726
2/19/2025,0.793924
2/20/2025,0.793096
2/21/2025,0.790827
2/24/2025,0.79142
2/25/2025,0.789826
2/26/2025,0.790197
2/27/2025,0.78909
2/28/2025,0.793468
3/3/2025,0.788629
3/4/2025,0.7842
3/5/2025,0.780812
3/6/2025,0.776121
3/7/2025,0.774505
3/10/2025,0.773158
3/11/2025,0.773222
3/12/2025,0.77235
3/13/2025,0.773573
3/14/2025,0.773101
3/17/2025,0.770669
3/18/2025,0.770956
3/19/2025,0.77157
3/20/2025,0.772547
3/21/2025,0.773668
3/24/2025,0.77294
3/25/2025,0.771963
3/26/2025,0.775148
3/27/2025,0.772536
3/28/2025,0.772048
3/31/2025,0.772409
4/1/2025,0.775538
4/2/2025,0.772517
4/3/2025,0.75843
4/4/2025,0.768608
4/7/2025,0.780414
4/8/2025,0.782137
4/9/2025,0.782571
4/10/2025,0.773822
4/11/2025,0.763952
4/14/2025,0.759277
4/15/2025,0.755652
4/16/2025,0.754011
4/17/2025,0.755924
4/22/2025,0.748153
4/23/2025,0.751581
4/24/2025,0.751582
4/25/2025,0.751167
4/28/2025,0.749604
4/29/2025,0.747208
4/30/2025,0.748967
5/2/2025,0.75227
5/5/2025,0.750683
5/6/2025,0.747815
5/7/2025,0.749208
5/8/2025,0.750288
5/9/2025,0.753377
5/12/2025,0.758959
5/13/2025,0.756479
5/14/2025,0.750401
5/15/2025,0.753152
5/16/2025,0.752814
5/19/2025,0.747558
5/20/2025,0.748866
5/21/2025,0.746047
5/22/2025,0.745159
5/23/2025,0.741704
5/26/2025,0.737369
5/27/2025,0.738024
5/28/2025,0.742069
5/29/2025,0.742576
5/30/2025,0.741864
6/2/2025,0.738594
6/3/2025,0.74091
6/4/2025,0.739722
6/5/2025,0.737022
6/6/2025,0.73841
6/9/2025,0.7383
6/10/2025,0.740572
6/11/2025,0.741363
6/12/2025,0.736415
6/13/2025,0.738794
6/16/2025,0.736392
6/17/2025,0.736947
6/18/2025,0.743135
6/19/2025,0.744119
6/20/2025,0.741381
6/23/2025,0.746775
6/24/2025,0.734643
6/25/2025,0.735127
6/26/2025,0.729799
6/27/2025,0.728725
6/30/2025,0.729949
7/1/2025,0.72718
7/2/2025,0.732029
7/3/2025,0.732388
7/4/2025,0.732982
7/7/2025,0.734226
7/8/2025,0.736644
7/9/2025,0.73628
7/10/2025,0.736784
7/11/2025,0.740991
7/14/2025,0.741403
7/15/2025,0.744021
7/16/2025,0.746337
7/17/2025,0.746524
7/18/2025,0.743004
7/21/2025,0.741922
7/22/2025,0.741516
7/23/2025,0.738956
7/24/2025,0.737921
7/25/2025,0.743347
7/28/2025,0.744723
7/29/2025,0.750022
7/30/2025,0.747983
7/31/2025,0.755635
8/1/2025,0.759821
8/4/2025,0.752616
8/5/2025,0.752901
8/6/2025,0.751206
8/7/2025,0.744911
8/8/2025,0.74442
8/11/2025,0.744794
8/12/2025,0.742805
8/13/2025,0.736999
8/14/2025,0.736527
8/15/2025,0.73768
8/18/2025,0.738542
8/19/2025,0.739599
8/20/2025,0.741996
8/21/2025,0.743535
8/22/2025,0.745434
8/25/2025,0.740275
8/26/2025,0.741421
8/27/2025,0.74407
8/28/2025,0.739723
8/29/2025,0.743524
9/1/2025,0.739394
9/2/2025,0.747209
9/3/2025,0.745473
9/4/2025,0.743797
9/5/2025,0.7419
9/8/2025,0.739171
9/9/2025,0.737653
9/10/2025,0.738874
9/11/2025,0.740009
9/12/2025,0.738437
9/15/2025,0.734404
9/16/2025,0.733124
9/17/2025,0.732872
9/18/2025,0.734473
9/19/2025,0.74199
9/22/2025,0.740939
9/23/2025,0.740185
9/24/2025,0.742685
9/25/2025,0.745208
9/26/2025,0.748801
9/29/2025,0.744093
9/30/2025,0.743889
10/1/2025,0.742409
10/2/2025,0.74196
10/3/2025,0.743651
10/6/2025,0.744562
10/7/2025,0.746014
10/8/2025,0.745764
10/9/2025,0.747825
10/10/2025,0.752853
10/13/2025,0.750022
10/14/2025,0.75409
10/15/2025,0.74901
10/16/2025,0.744785
10/17/2025,0.744371
10/20/2025,0.745689
10/21/2025,0.747652
10/22/2025,0.749892
10/23/2025,0.749677
10/24/2025,0.751464
10/27/2025,0.749227
10/28/2025,0.753224
10/29/2025,0.756875
10/30/2025,0.761991
10/31/2025,0.763026
11/3/2025,0.761247
11/4/2025,0.765382
11/5/2025,0.76662
11/6/2025,0.763635
11/7/2025,0.762131
11/10/2025,0.758621
11/11/2025,0.760605
11/12/2025,0.76218
11/13/2025,0.759015
11/14/2025,0.759444
11/17/2025,0.758647
11/18/2025,0.761087
11/19/2025,0.762065
11/20/2025,0.76559
11/21/2025,0.764149
11/24/2025,0.762647
11/25/2025,0.7608
11/26/2025,0.758055
11/27/2025,0.755567
11/28/2025,0.756701
12/1/2025,0.753735
12/2/2025,0.757362
12/3/2025,0.751286
12/4/2025,0.749614
12/5/2025,0.74942
12/8/2025,0.750408
12/9/2025,0.750623
12/10/2025,0.751332
12/11/2025,0.747055
12/12/2025,0.747336
12/15/2025,0.746958
12/16/2025,0.744226
12/17/2025,0.749445
12/18/2025,0.746309
12/19/2025,0.747951
12/22/2025,0.744317
12/23/2025,0.740624
12/24/2025,0.740562
12/29/2025,0.741628
12/30/2025,0.741005
12/31/2025,0.742638
1/2/2026,0.743879
1/5/2026,0.743827
1/6/2026,0.739985
1/7/2026,0.741527
1/8/2026,0.744069
1/9/2026,0.745319
1/12/2026,0.741875
1/13/2026,0.743093
1/14/2026,0.74397
1/15/2026,0.746215
1/16/2026,0.74632
1/19/2026,0.745508
1/20/2026,0.74369
1/21/2026,0.744868
1/22/2026,0.745088
1/23/2026,0.739312
1/26/2026,0.732933
1/27/2026,0.72789
1/28/2026,0.725322
1/29/2026,0.723763
1/30/2026,0.726739
2/2/2026,0.73125
2/3/2026,0.730701
2/4/2026,0.728934
2/5/2026,0.73665
2/6/2026,0.735883
2/9/2026,0.732038
2/10/2026,0.731041
2/11/2026,0.731008
2/12/2026,0.73362
2/13/2026,0.734783
2/16/2026,0.733024
2/17/2026,0.738458
2/18/2026,0.736513
2/19/2026,0.74347
2/20/2026,0.741735
2/23/2026,0.741174
2/24/2026,0.74136
2/25/2026,0.739477
2/26/2026,0.738023
2/27/2026,0.742313
3/2/2026,0.747051
3/3/2026,0.751077
3/4/2026,0.747274
3/5/2026,0.748408
3/6/2026,0.749875
3/9/2026,0.748853
3/10/2026,0.74345
3/11/2026,0.74573
3/12/2026,0.746887
3/13/2026,0.753773
3/16/2026,0.752814
3/17/2026,0.749545
3/18/2026,0.751243
3/19/2026,0.751919
3/20/2026,0.748057
3/23/2026,0.745257
3/24/2026,0.747848
3/25/2026,0.746705
3/26/2026,0.749762
3/27/2026,0.752974
3/30/2026,0.75586
3/31/2026,0.755201
4/1/2026,0.750651
4/2/2026,0.757076
4/7/2026,0.755023
4/8/2026,0.742295
4/9/2026,0.744998
4/10/2026,0.743788
4/13/2026,0.745104
4/14/2026,0.736988
4/15/2026,0.737988
4/16/2026,0.738355
4/17/2026,0.7389
4/20/2026,0.740179
4/21/2026,0.739653
4/22/2026,0.740672
4/23/2026,0.740337
4/24/2026,0.741146
4/27/2026,0.736914
4/28/2026,0.742423
4/29/2026,0.740159
4/30/2026,0.740258
5/4/2026,0.738103
5/5/2026,0.738858
5/6/2026,0.734314
5/7/2026,0.734155
5/8/2026,0.734716
5/11/2026,0.73513
5/12/2026,0.739504
5/13/2026,0.740188
5/14/2026,0.740198
5/15/2026,0.748624
5/18/2026,0.747081
5/19/2026,0.745878
5/20/2026,0.746164
5/21/2026,0.745176
5/22/2026,0.745304
5/25/2026,0.740831
5/26/2026,0.742436
5/27/2026,0.744333
5/28/2026,0.746019
5/29/2026,0.744787
6/1/2026,0.742684
6/2/2026,0.742253
6/3/2026,0.743671
6/4/2026,0.743041
6/5/2026,0.742552
6/8/2026,0.748354
6/9/2026,0.746047
6/10/2026,0.747274
6/11/2026,0.748288
6/12/2026,0.746131
6/15/2026,0.745093
6/16/2026,0.745825
6/17/2026,0.745949
6/18/2026,0.755938
6/19/2026,0.755673
6/22/2026,0.754784
6/23/2026,0.756671
6/24/2026,0.759832
6/25/2026,0.759857
6/26/2026,0.756539
6/29/2026,0.755874
6/30/2026,0.756345
7/1/2026,0.755275
7/2/2026,0.751513
7/3/2026,0.748777
7/6/2026,0.749347
7/7/2026,0.747057
7/8/2026,0.749167
7/9/2026,0.746506
7/10/2026,0.745013
7/13/2026,0.746936
7/14/2026,0.747172
7/15/2026,0.746037
7/16/2026,0.74015
7/17/2026,0.744189
7/20/2026,0.742937
7/21/2026,0.746234
7/22/2026,0.748072
7/23/2026,0.748929
7/24/2026,0.750532
7/27/2026,0.750935
7/28/2026,0.752617
7/29/2026,0.752504
7/30/2026,0.746907
7/31/2026,0.745085
8/3/2026,0.742375
8/4/2026,0.743717
8/5/2026,0.741908
8/6/2026,0.742549
8/7/2026,0.74352
8/10/2026,0.740502
8/11/2026,0.740754
8/12/2026,0.73935
8/13/2026,0.7412
8/14/2026,0.73874
8/17/2026,0.737514
8/18/2026,0.739331
8/19/2026,0.737682
8/20/2026,0.733884
8/21/2026,0.732285
8/24/2026,0.733453
8/25/2026,0.733579
8/26/2026,0.733679
8/27/2026,0.736282
8/28/2026,0.736236
8/31/2026,0.7386
9/1/2026,0.739042
9/2/2026,0.741665
9/3/2026,0.740895
9/4/2026,0.739098
9/7/2026,0.739064
9/8/2026,0.738247
9/9/2026,0.737195
9/10/2026,0.739626
9/11/2026,0.740295
9/14/2026,0.741044
9/15/2026,0.741659
